Well_ID,MD,Actual_NTG,Predicted_NTG,Pay_Probability
W01,1632.7067,1,0,0.010634800129331498
W01,1633.7067,1,0,0.010634800129331498
W01,1634.7067,1,0,0.010634800129331498
W01,1635.7067,1,0,0.010634800129331498
W01,1636.7067,1,0,0.010634800129331498
W01,1637.7067,0,0,0.028489410551869078
W01,1638.7067,0,0,0.028489410551869078
W01,1639.7067,0,0,0.028489410551869078
W01,1640.7067,0,0,0.028489410551869078
W01,1641.7067,0,0,0.03481238454785312
W01,1642.7067,0,0,0.03481238454785312
W01,1643.7067,0,0,0.03481238454785312
W01,1644.7067,0,0,0.03481238454785312
W01,1645.7067,1,0,0.19210689698471206
W01,1646.7067,1,0,0.19210689698471206
W01,1647.7067,1,0,0.19210689698471206
W01,1648.7067,1,0,0.19210689698471206
W01,1649.7067,1,0,0.19210689698471206
W01,1650.7067,0,0,0.03332353722678375
W01,1651.7067,0,0,0.03332353722678375
W01,1652.7067,0,0,0.03332353722678375
W01,1653.7067,0,0,0.03332353722678375
W01,1654.7067,0,0,0.033074607981403464
W01,1655.7067,0,0,0.033074607981403464
W01,1656.7067,0,0,0.033074607981403464
W01,1657.7067,0,0,0.033074607981403464
W01,1658.7067,0,0,0.46373097729315904
W01,1659.7067,0,0,0.46373097729315904
W01,1660.7067,0,0,0.46373097729315904
W01,1661.7067,0,0,0.46373097729315904
W01,1662.7067,0,0,0.46373097729315904
W01,1663.7067,0,0,0.13486008588111237
W01,1664.7067,0,0,0.13486008588111237
W01,1665.7067,0,0,0.13486008588111237
W01,1666.7067,0,0,0.13486008588111237
W01,1667.7067,0,0,0.13470258050051254
W01,1668.7067,0,0,0.13470258050051254
W01,1669.7067,0,0,0.13470258050051254
W01,1670.7067,0,0,0.13470258050051254
W01,1671.7067,0,0,0.13470258050051254
W01,1672.7067,0,0,0.05625721726647023
W01,1673.7067,0,0,0.05625721726647023
W01,1674.7067,0,0,0.05625721726647023
W01,1675.7067,0,0,0.05625721726647023
W01,1676.7067,0,0,0.006838085529288402
W01,1677.7067,0,0,0.006838085529288402
W01,1678.7067,0,0,0.006838085529288402
W01,1679.7067,0,0,0.006838085529288402
W01,1680.7067,1,0,0.008636958178625628
W01,1681.7067,1,0,0.008636958178625628
W01,1682.7067,1,0,0.008636958178625628
W01,1683.7067,1,0,0.008636958178625628
W01,1684.7067,1,0,0.008636958178625628
W01,1685.7067,1,0,0.0063873970437310955
W01,1686.7067,1,0,0.0063873970437310955
W01,1687.7067,1,0,0.0063873970437310955
W01,1688.7067,1,0,0.0063873970437310955
W01,1689.7067,0,0,0.010323894032300307
W01,1690.7067,0,0,0.010323894032300307
W01,1691.7067,0,0,0.010323894032300307
W01,1692.7067,0,0,0.010323894032300307
W01,1693.7067,0,0,0.010323894032300307
W01,1694.7067,0,0,0.04037982294191083
W01,1695.7067,0,0,0.04037982294191083
W01,1696.7067,0,0,0.04037982294191083
W01,1697.7067,0,0,0.04037982294191083
W01,1698.7067,0,0,0.12106792727686172
W01,1699.7067,0,0,0.12106792727686172
W01,1700.7067,0,0,0.12106792727686172
W01,1701.7067,0,0,0.12106792727686172
W01,1702.7067,0,0,0.12106792727686172
W01,1703.7067,1,0,0.03770200304341192
W01,1704.7067,1,0,0.03770200304341192
W01,1705.7067,1,0,0.03770200304341192
W01,1706.7067,1,0,0.03770200304341192
W01,1707.7067,1,0,0.03578067192895319
W01,1708.7067,1,0,0.03578067192895319
W01,1709.7067,1,0,0.03578067192895319
W01,1710.7067,1,0,0.03578067192895319
W01,1711.7067,1,0,0.03578067192895319
W01,1712.7067,0,0,0.01052759216446287
W01,1713.7067,0,0,0.01052759216446287
W01,1714.7067,0,0,0.01052759216446287
W01,1715.7067,0,0,0.01052759216446287
W01,1716.7067,0,0,0.014669391436438304
W01,1717.7067,0,0,0.014669391436438304
W01,1718.7067,0,0,0.014669391436438304
W01,1719.7067,0,0,0.014669391436438304
W01,1720.7067,0,0,0.014669391436438304
W01,1721.7067,0,0,0.19298500020643147
W01,1722.7067,0,0,0.19298500020643147
W01,1723.7067,0,0,0.19298500020643147
W01,1724.7067,0,0,0.19298500020643147
W01,1725.7067,0,0,0.21434685444059706
W01,1726.7067,0,0,0.21434685444059706
W01,1727.7067,0,0,0.21434685444059706
W01,1728.7067,0,0,0.21434685444059706
W01,1729.7067,0,0,0.21434685444059706
W01,1730.7067,0,0,0.13644625916527012
W01,1731.7067,0,0,0.13644625916527012
W01,1732.7067,0,0,0.13644625916527012
W01,1733.7067,0,0,0.14804137035587103
W01,1734.7067,0,0,0.14804137035587103
W01,1735.7067,0,0,0.14804137035587103
W01,1736.7067,0,0,0.37406153349288324
W01,1737.7067,1,1,0.8696395903726791
W01,1738.7067,1,1,0.8696395903726791
W01,1739.7067,1,1,0.8696395903726791
W01,1740.7067,1,1,0.8696395903726791
W01,1741.7067,1,1,0.8696395903726791
W01,1742.7067,1,1,0.9724150829384602
W01,1743.7067,1,1,0.9724150829384602
W01,1744.7067,1,1,0.9724150829384602
W01,1745.7067,1,1,0.9724150829384602
W01,1746.7067,1,1,0.9724150829384602
W01,1747.7067,0,0,0.46224038708986526
W01,1748.7067,0,0,0.46224038708986526
W01,1749.7067,0,0,0.46224038708986526
W01,1750.7067,0,0,0.46224038708986526
W01,1751.7067,0,0,0.46224038708986526
W01,1752.7067,0,0,0.3627115514917693
W01,1753.7067,0,0,0.3627115514917693
W01,1754.7067,0,0,0.3627115514917693
W01,1755.7067,0,0,0.3627115514917693
W01,1756.7067,0,0,0.3627115514917693
W01,1757.7067,1,1,0.9917198496137527
W01,1758.7067,1,1,0.9917198496137527
W01,1759.7067,1,1,0.9917198496137527
W01,1760.7067,1,1,0.9917198496137527
W01,1761.7067,1,1,0.9917198496137527
W01,1762.7067,1,1,0.7622172389040862
W01,1763.7067,1,1,0.7622172389040862
W01,1764.7067,1,1,0.7622172389040862
W01,1765.7067,1,1,0.7622172389040862
W01,1766.7067,1,1,0.7622172389040862
W01,1767.7067,1,0,0.04688591993712129
W01,1768.7067,1,0,0.04688591993712129
W01,1769.7067,1,0,0.04688591993712129
W01,1770.7067,1,0,0.04688591993712129
W01,1771.7067,1,0,0.04688591993712129
W01,1772.7067,0,0,0.11139713350293252
W01,1773.7067,0,0,0.11139713350293252
W01,1774.7067,0,0,0.11139713350293252
W01,1775.7067,0,0,0.11139713350293252
W01,1776.7067,0,0,0.11139713350293252
W01,1777.7067,0,0,0.03077575337546613
W01,1778.7067,0,0,0.03077575337546613
W01,1779.7067,0,0,0.03077575337546613
W01,1780.7067,0,0,0.03077575337546613
W01,1781.7067,0,0,0.03077575337546613
W01,1782.7067,0,0,0.10003145078793313
W01,1783.7067,0,0,0.10003145078793313
W01,1784.7067,0,0,0.10003145078793313
W01,1785.7067,0,0,0.10003145078793313
W01,1786.7067,0,0,0.10003145078793313
W01,1787.7067,0,0,0.01844233084452573
W01,1788.7067,0,0,0.01844233084452573
W01,1789.7067,0,0,0.01844233084452573
W01,1790.7067,0,0,0.01844233084452573
W01,1791.7067,0,0,0.01844233084452573
W01,1792.7067,0,0,0.011939682963003519
W01,1793.7067,0,0,0.011939682963003519
W01,1794.7067,0,0,0.011939682963003519
W01,1795.7067,0,0,0.011939682963003519
W01,1796.7067,0,0,0.011939682963003519
W01,1797.7067,0,0,0.02470646479735907
W01,1798.7067,0,0,0.02470646479735907
W01,1799.7067,0,0,0.02470646479735907
W01,1800.7067,0,0,0.02470646479735907
W01,1801.7067,0,0,0.02470646479735907
W01,1802.7067,0,0,0.028353879526720947
W01,1803.7067,0,0,0.028353879526720947
W01,1804.7067,0,0,0.028353879526720947
W01,1805.7067,0,0,0.028353879526720947
W01,1806.7067,0,0,0.028353879526720947
W01,1807.7067,0,0,0.012685694331391125
W01,1808.7067,0,0,0.012685694331391125
W01,1809.7067,0,0,0.012685694331391125
W01,1810.7067,0,0,0.012685694331391125
W01,1811.7067,0,0,0.012685694331391125
W01,1812.7067,1,0,0.02017974145586567
W01,1813.7067,1,0,0.02017974145586567
W01,1814.7067,1,0,0.02017974145586567
W01,1815.7067,1,0,0.02017974145586567
W01,1816.7067,0,0,0.00917545880143309
W01,1817.7067,0,0,0.00917545880143309
W01,1818.7067,0,0,0.00917545880143309
W01,1819.7067,0,0,0.00917545880143309
W01,1820.7067,0,0,0.00917545880143309
W01,1821.7067,0,0,0.006183901301589328
W01,1822.7067,0,0,0.006183901301589328
W01,1823.7067,0,0,0.006183901301589328
W01,1824.7067,0,0,0.006183901301589328
W01,1825.7067,0,0,0.006183901301589328
W01,1826.7067,0,0,0.006183901301589328
W01,1827.7067,0,0,0.004820733502506706
W01,1828.7067,0,0,0.004820733502506706
W01,1829.7067,0,0,0.004820733502506706
W01,1830.7067,0,0,0.004820733502506706
W01,1831.7067,0,0,0.004820733502506706
W01,1832.7067,0,0,0.006467867655755189
W01,1833.7067,0,0,0.006467867655755189
W01,1834.7067,0,0,0.006467867655755189
W01,1835.7067,0,0,0.006467867655755189
W01,1836.7067,0,0,0.006467867655755189
W01,1837.7067,0,0,0.009258517599072898
W01,1838.7067,0,0,0.009258517599072898
W01,1839.7067,0,0,0.009258517599072898
W01,1840.7067,0,0,0.009258517599072898
W01,1841.7067,0,0,0.009258517599072898
W01,1842.7067,0,0,0.007590938782766819
W01,1843.7067,0,0,0.007590938782766819
W01,1844.7067,0,0,0.007590938782766819
W01,1845.7067,0,0,0.007590938782766819
W01,1846.7067,0,0,0.007590938782766819
W01,1847.7067,0,0,0.026737371002762206
W01,1848.7067,0,0,0.026737371002762206
W01,1849.7067,0,0,0.026737371002762206
W01,1850.7067,0,0,0.026737371002762206
W01,1851.7067,0,0,0.026737371002762206
W01,1852.7067,0,0,0.05651120394645417
W01,1853.7067,0,0,0.05651120394645417
W01,1854.7067,0,0,0.05651120394645417
W01,1855.7067,0,0,0.05651120394645417
W01,1856.7067,0,0,0.05651120394645417
W01,1857.7067,1,0,0.1458169901870483
W01,1858.7067,1,0,0.1458169901870483
W01,1859.7067,1,0,0.1458169901870483
W01,1860.7067,1,0,0.1458169901870483
W01,1861.7067,1,0,0.1458169901870483
W01,1862.7067,1,0,0.31864764023340064
W01,1863.7067,1,0,0.31864764023340064
W01,1864.7067,1,0,0.31864764023340064
W01,1865.7067,1,0,0.31864764023340064
W01,1866.7067,1,0,0.31864764023340064
W01,1867.7067,1,0,0.2279066434570555
W01,1868.7067,1,0,0.2279066434570555
W01,1869.7067,1,0,0.2279066434570555
W01,1870.7067,1,0,0.2279066434570555
W01,1871.7067,1,0,0.2279066434570555
W01,1872.7067,1,0,0.417052501766325
W01,1873.7067,1,0,0.417052501766325
W01,1874.7067,1,0,0.417052501766325
W01,1875.7067,1,0,0.417052501766325
W01,1876.7067,1,0,0.417052501766325
W01,1877.7067,0,0,0.1929966683451887
W01,1878.7067,0,0,0.1929966683451887
W01,1879.7067,0,0,0.1929966683451887
W01,1880.7067,0,0,0.1929966683451887
W01,1881.7067,0,0,0.1929966683451887
W01,1882.7067,0,1,0.9146980193384994
W01,1883.7067,0,1,0.9146980193384994
W01,1884.7067,0,1,0.9146980193384994
W01,1885.7067,0,1,0.9146980193384994
W01,1886.7067,0,1,0.9146980193384994
W01,1887.7067,1,1,0.9998338172120675
W01,1888.7067,1,1,0.9998338172120675
W01,1889.7067,1,1,0.9998338172120675
W01,1890.7067,1,1,0.999900192226494
W01,1891.7067,1,1,0.999900192226494
W01,1892.7067,1,1,0.9973772054177441
W01,1893.7067,1,1,0.9973772054177441
W01,1894.7067,1,1,0.9973772054177441
W01,1895.7067,1,1,0.9973772054177441
W01,1896.7067,1,1,0.9973772054177441
W01,1897.7067,1,1,0.9868180841542351
W01,1898.7067,1,1,0.9868180841542351
W01,1899.7067,1,1,0.9868180841542351
W01,1900.7067,1,1,0.9868180841542351
W01,1901.7067,1,1,0.9868180841542351
W01,1902.7067,1,1,0.9941722375289203
W01,1903.7067,1,1,0.9941722375289203
W01,1904.7067,1,1,0.9941722375289203
W01,1905.7067,1,1,0.9941722375289203
W01,1906.7067,1,1,0.9941722375289203
W01,1907.7067,1,1,0.6384011710114365
W01,1908.7067,1,1,0.6384011710114365
W01,1909.7067,1,1,0.6384011710114365
W01,1910.7067,1,1,0.6384011710114365
W01,1911.7067,1,1,0.6384011710114365
W01,1912.7067,1,1,0.6384011710114365
W01,1913.7067,0,0,0.08886822738943839
W01,1914.7067,0,0,0.08886822738943839
W01,1915.7067,0,0,0.08886822738943839
W01,1916.7067,0,0,0.08886822738943839
W01,1917.7067,0,0,0.08886822738943839
W01,1918.7067,0,0,0.030261521444742128
W01,1919.7067,0,0,0.030261521444742128
W01,1920.7067,0,0,0.030261521444742128
W01,1921.7067,0,0,0.030261521444742128
W01,1922.7067,0,0,0.030261521444742128
W01,1923.7067,0,0,0.052178431145703405
W01,1924.7067,0,0,0.052178431145703405
W01,1925.7067,0,0,0.052178431145703405
W01,1926.7067,0,0,0.052178431145703405
W01,1927.7067,0,0,0.052178431145703405
W01,1928.7067,1,0,0.07466625063222142
W01,1929.7067,1,0,0.07466625063222142
W01,1930.7067,1,0,0.07466625063222142
W01,1931.7067,1,0,0.07466625063222142
W01,1932.7067,1,0,0.07466625063222142
W01,1933.7067,0,0,0.15387380164452358
W01,1934.7067,0,0,0.15387380164452358
W01,1935.7067,0,0,0.15387380164452358
W01,1936.7067,0,0,0.15387380164452358
W01,1937.7067,0,0,0.15387380164452358
W01,1938.7067,0,0,0.05674820510896126
W01,1939.7067,0,0,0.05674820510896126
W01,1940.7067,0,0,0.05674820510896126
W01,1941.7067,0,0,0.05674820510896126
W01,1942.7067,0,0,0.05674820510896126
W01,1943.7067,0,0,0.06404332868160306
W01,1944.7067,0,0,0.06404332868160306
W01,1945.7067,0,0,0.06404332868160306
W01,1946.7067,0,0,0.06404332868160306
W01,1947.7067,0,0,0.06404332868160306
W01,1948.7067,0,0,0.14402447621236567
W01,1949.7067,0,0,0.14402447621236567
W01,1950.7067,0,0,0.14402447621236567
W01,1951.7067,0,0,0.14402447621236567
W01,1952.7067,0,0,0.14402447621236567
W01,1953.7067,0,0,0.2534967504958644
W01,1954.7067,0,0,0.2534967504958644
W01,1955.7067,0,0,0.2534967504958644
W01,1956.7067,0,0,0.2534967504958644
W01,1957.7067,0,0,0.2534967504958644
W01,1958.7067,0,0,0.09647766478793326
W01,1959.7067,0,0,0.09647766478793326
W01,1960.7067,0,0,0.09647766478793326
W01,1961.7067,0,0,0.09647766478793326
W01,1962.7067,0,0,0.09647766478793326
W01,1963.7067,0,0,0.10894830399856727
W01,1964.7067,0,0,0.10894830399856727
W01,1965.7067,0,0,0.10894830399856727
W01,1966.7067,0,0,0.10894830399856727
W01,1967.7067,0,0,0.10894830399856727
W01,1968.7067,0,0,0.2748297971366614
W01,1969.7067,0,0,0.2748297971366614
W01,1970.7067,0,0,0.2748297971366614
W01,1971.7067,0,0,0.2748297971366614
W01,1972.7067,0,0,0.2748297971366614
W01,1973.7067,0,0,0.12025234211970386
W01,1974.7067,0,0,0.12025234211970386
W01,1975.7067,0,0,0.12025234211970386
W01,1976.7067,0,0,0.12025234211970386
W01,1977.7067,0,0,0.12025234211970386
W01,1978.7067,1,1,0.6902423740386758
W01,1979.7067,1,1,0.6902423740386758
W01,1980.7067,1,1,0.6902423740386758
W01,1981.7067,1,1,0.6902423740386758
W01,1982.7067,1,1,0.6902423740386758
W01,1983.7067,0,0,0.14990158965389455
W01,1984.7067,0,0,0.14990158965389455
W01,1985.7067,0,0,0.14990158965389455
W01,1986.7067,0,0,0.14990158965389455
W01,1987.7067,0,0,0.14990158965389455
W01,1988.7067,0,0,0.022836831772219436
W01,1989.7067,0,0,0.022836831772219436
W01,1990.7067,0,0,0.022836831772219436
W01,1991.7067,0,0,0.022836831772219436
W01,1992.7067,0,0,0.022836831772219436
W01,1993.7067,0,0,0.06848889204847633
W01,1994.7067,0,0,0.06848889204847633
W01,1995.7067,0,0,0.06848889204847633
W01,1996.7067,0,0,0.06848889204847633
W01,1997.7067,0,0,0.06848889204847633
W01,1998.7067,0,0,0.07815897029363689
W01,1999.7067,0,0,0.07815897029363689
W01,2000.7067,0,0,0.07815897029363689
W01,2001.7067,0,0,0.07815897029363689
W01,2002.7067,0,0,0.07815897029363689
W01,2003.7067,0,0,0.0333726059935763
W01,2004.7067,0,0,0.0333726059935763
W01,2005.7067,0,0,0.0333726059935763
W01,2006.7067,0,0,0.0333726059935763
W01,2007.7067,0,0,0.0333726059935763
W01,2008.7067,0,0,0.06865006458857859
W01,2009.7067,0,0,0.06865006458857859
W01,2010.7067,0,0,0.06865006458857859
W01,2011.7067,0,0,0.06865006458857859
W01,2012.7067,0,0,0.06865006458857859
W01,2013.7067,0,0,0.01624265049621414
W01,2014.7067,0,0,0.01624265049621414
W01,2015.7067,0,0,0.01624265049621414
W01,2016.7067,0,0,0.01624265049621414
W01,2017.7067,0,0,0.01624265049621414
W01,2018.7067,0,0,0.046198091482408395
W01,2019.7067,0,0,0.046198091482408395
W01,2020.7067,0,0,0.046198091482408395
W01,2021.7067,0,0,0.046198091482408395
W01,2022.7067,0,0,0.046198091482408395
W01,2023.7067,1,0,0.4294968508235454
W01,2024.7067,1,0,0.4294968508235454
W01,2025.7067,1,0,0.4294968508235454
W01,2026.7067,1,0,0.4294968508235454
W01,2027.7067,1,0,0.4294968508235454
W01,2028.7067,0,0,0.022436261948626832
W01,2029.7067,0,0,0.022436261948626832
W01,2030.7067,0,0,0.022436261948626832
W01,2031.7067,0,0,0.022436261948626832
W01,2032.7067,0,0,0.022436261948626832
W01,2033.7067,0,0,0.01148092291806016
W01,2034.7067,0,0,0.01148092291806016
W01,2035.7067,0,0,0.01148092291806016
W01,2036.7067,0,0,0.01148092291806016
W01,2037.7067,0,0,0.01148092291806016
W01,2038.7067,0,0,0.004354302860925722
W01,2039.7067,0,0,0.004354302860925722
W01,2040.7067,0,0,0.004354302860925722
W01,2041.7067,0,0,0.004354302860925722
W01,2042.7067,0,0,0.004354302860925722
W01,2043.7067,0,0,0.014943463832590407
W01,2044.7067,0,0,0.014943463832590407
W01,2045.7067,0,0,0.014943463832590407
W01,2046.7067,0,0,0.014943463832590407
W01,2047.7067,0,0,0.014943463832590407
W01,2048.7067,0,0,0.014943463832590407
W01,2049.7067,0,0,0.013821153231599532
W01,2050.7067,0,0,0.013821153231599532
W01,2051.7067,0,0,0.013821153231599532
W01,2052.7067,0,0,0.013821153231599532
W01,2053.7067,0,0,0.013821153231599532
W01,2054.7067,0,0,0.004076649294229594
W01,2055.7067,0,0,0.004076649294229594
W01,2056.7067,0,0,0.004076649294229594
W01,2057.7067,0,0,0.004076649294229594
W01,2058.7067,0,0,0.004076649294229594
W01,2059.7067,0,0,0.019783238320712215
W01,2060.7067,0,0,0.019783238320712215
W01,2061.7067,0,0,0.019783238320712215
W01,2062.7067,0,0,0.019783238320712215
W01,2063.7067,0,0,0.019783238320712215
W01,2064.7067,0,0,0.01677216321431005
W01,2065.7067,0,0,0.01677216321431005
W01,2066.7067,0,0,0.01677216321431005
W01,2067.7067,0,0,0.01677216321431005
W01,2068.7067,0,0,0.01677216321431005
W01,2069.7067,0,0,0.04284681674421485
W01,2070.7067,0,0,0.04284681674421485
W01,2071.7067,0,0,0.04284681674421485
W01,2072.7067,0,0,0.04284681674421485
W01,2073.7067,0,0,0.04284681674421485
W01,2074.7067,0,0,0.05080451483144032
W01,2075.7067,0,0,0.05080451483144032
W01,2076.7067,0,0,0.05080451483144032
W01,2077.7067,0,0,0.05080451483144032
W01,2078.7067,0,0,0.05080451483144032
W01,2079.7067,0,0,0.003520021432382135
W01,2080.7067,0,0,0.003520021432382135
W01,2081.7067,0,0,0.003520021432382135
W01,2082.7067,0,0,0.003520021432382135
W01,2083.7067,0,0,0.003520021432382135
W01,2084.7067,0,0,0.01656129369143634
W01,2085.7067,0,0,0.01656129369143634
W01,2086.7067,0,0,0.01656129369143634
W01,2087.7067,0,0,0.01656129369143634
W01,2088.7067,0,0,0.01656129369143634
W01,2089.7067,0,0,0.043475204731337945
W01,2090.7067,0,0,0.043475204731337945
W01,2091.7067,0,0,0.043475204731337945
W01,2092.7067,0,0,0.043475204731337945
W01,2093.7067,0,0,0.043475204731337945
W01,2094.7067,0,0,0.04517517795302774
W01,2095.7067,0,0,0.04517517795302774
W01,2096.7067,0,0,0.04517517795302774
W01,2097.7067,0,0,0.04517517795302774
W01,2098.7067,0,0,0.04517517795302774
W01,2099.7067,0,0,0.03928748472127436
W01,2100.7067,0,0,0.03928748472127436
W01,2101.7067,0,0,0.03928748472127436
W01,2102.7067,0,0,0.03928748472127436
W01,2103.7067,0,0,0.03928748472127436
W01,2104.7067,0,0,0.3738978611942302
W01,2105.7067,0,0,0.3738978611942302
W01,2106.7067,0,0,0.3738978611942302
W01,2107.7067,0,0,0.3738978611942302
W01,2108.7067,0,0,0.3738978611942302
W01,2109.7067,0,0,0.4855521779195433
W01,2110.7067,0,0,0.4855521779195433
W01,2111.7067,0,0,0.4855521779195433
W01,2112.7067,0,0,0.4855521779195433
W01,2113.7067,0,0,0.4855521779195433
W01,2114.7067,0,0,0.13797963466423188
W01,2115.7067,0,0,0.13797963466423188
W01,2116.7067,0,0,0.13797963466423188
W01,2117.7067,0,0,0.13797963466423188
W01,2118.7067,0,0,0.13797963466423188
W01,2119.7067,1,0,0.3251116109289225
W01,2120.7067,1,0,0.3251116109289225
W01,2121.7067,1,0,0.3251116109289225
W01,2122.7067,1,0,0.3251116109289225
W01,2123.7067,1,0,0.3251116109289225
W01,2124.7067,1,1,0.7170114660816839
W01,2125.7067,1,1,0.7170114660816839
W01,2126.7067,1,1,0.7170114660816839
W01,2127.7067,1,1,0.7170114660816839
W01,2128.7067,1,1,0.7170114660816839
W01,2129.7067,0,0,0.4309109708584749
W01,2130.7067,0,0,0.4309109708584749
W01,2131.7067,0,0,0.4309109708584749
W01,2132.7067,0,0,0.4309109708584749
W01,2133.7067,0,0,0.4309109708584749
W01,2134.7067,0,0,0.1938912674005509
W01,2135.7067,0,0,0.1938912674005509
W01,2136.7067,0,0,0.1938912674005509
W01,2137.7067,0,0,0.1938912674005509
W01,2138.7067,0,0,0.1938912674005509
W01,2139.7067,0,0,0.2074971044130392
W01,2140.7067,0,0,0.2074971044130392
W01,2141.7067,0,0,0.2074971044130392
W01,2142.7067,0,0,0.2074971044130392
W01,2143.7067,0,0,0.2074971044130392
W01,2144.7067,0,0,0.1288648044837253
W01,2145.7067,0,0,0.1288648044837253
W01,2146.7067,0,0,0.1288648044837253
W01,2147.7067,0,0,0.1288648044837253
W01,2148.7067,0,0,0.1288648044837253
W01,2149.7067,0,0,0.07165445960392978
W01,2150.7067,0,0,0.07165445960392978
W01,2151.7067,0,0,0.07165445960392978
W01,2152.7067,0,0,0.07165445960392978
W01,2153.7067,0,0,0.07165445960392978
W01,2154.7067,0,0,0.3366877756369705
W01,2155.7067,0,0,0.3366877756369705
W01,2156.7067,0,0,0.3366877756369705
W01,2157.7067,0,0,0.3366877756369705
W01,2158.7067,0,0,0.3366877756369705
W01,2159.7067,0,0,0.05625085275162628
W01,2160.7067,0,0,0.05625085275162628
W01,2161.7067,0,0,0.05625085275162628
W01,2162.7067,0,0,0.05625085275162628
W01,2163.7067,0,0,0.05625085275162628
W01,2164.7067,0,0,0.05625085275162628
W01,2165.7067,0,0,0.12094855673413843
W01,2166.7067,0,0,0.12094855673413843
W01,2167.7067,0,0,0.12094855673413843
W01,2168.7067,0,0,0.12094855673413843
W01,2169.7067,0,0,0.12094855673413843
W01,2170.7067,0,0,0.4440076593262445
W01,2171.7067,0,0,0.4440076593262445
W01,2172.7067,0,0,0.4440076593262445
W01,2173.7067,0,0,0.4440076593262445
W01,2174.7067,0,0,0.4440076593262445
W01,2175.7067,0,0,0.1625585203209451
W01,2176.7067,0,0,0.1625585203209451
W01,2177.7067,0,0,0.1625585203209451
W01,2178.7067,0,0,0.1625585203209451
W01,2179.7067,0,0,0.1625585203209451
W01,2180.7067,0,0,0.022501994309750112
W01,2181.7067,0,0,0.022501994309750112
W01,2182.7067,0,0,0.022501994309750112
W01,2183.7067,0,0,0.022501994309750112
W01,2184.7067,0,0,0.022501994309750112
W01,2185.7067,0,0,0.21239911591252056
W01,2186.7067,0,0,0.21239911591252056
W01,2187.7067,0,0,0.21239911591252056
W01,2188.7067,0,0,0.21239911591252056
W01,2189.7067,0,0,0.21239911591252056
W01,2190.7067,1,1,0.5010956334994364
W01,2191.7067,1,1,0.5010956334994364
W01,2192.7067,1,1,0.5010956334994364
W01,2193.7067,1,1,0.5010956334994364
W01,2194.7067,1,1,0.9869809007202455
W01,2195.7067,1,1,0.9869809007202455
W01,2196.7067,1,1,0.9869809007202455
W01,2197.7067,1,1,0.9869809007202455
W01,2198.7067,1,1,0.9869809007202455
W01,2199.7067,1,1,0.9995593205697773
W01,2200.7067,1,1,0.9995593205697773
W01,2201.7067,1,1,0.9995593205697773
W01,2202.7067,1,1,0.9995593205697773
W01,2203.7067,1,1,0.9995593205697773
W01,2204.7067,1,1,0.9999903250901206
W01,2205.7067,1,1,0.9999903250901206
W01,2206.7067,1,1,0.9999903250901206
W01,2207.7067,1,1,0.9999903250901206
W01,2208.7067,1,1,0.9999903250901206
W01,2209.7067,1,1,0.9999458088836436
W01,2210.7067,1,1,0.9999458088836436
W01,2211.7067,1,1,0.9999458088836436
W01,2212.7067,1,1,0.9999458088836436
W01,2213.7067,1,1,0.9999458088836436
W01,2214.7067,1,1,0.9999829704710634
W01,2215.7067,1,1,0.9999829704710634
W01,2216.7067,1,1,0.9999829704710634
W01,2217.7067,1,1,0.9999829704710634
W01,2218.7067,1,1,0.9999829704710634
W01,2219.7067,1,1,0.9999251392233013
W01,2220.7067,1,1,0.9999251392233013
W01,2221.7067,1,1,0.9999251392233013
W01,2222.7067,1,1,0.9999251392233013
W01,2223.7067,1,1,0.9999251392233013
W01,2224.7067,1,1,0.9999251392233013
W01,2225.7067,1,1,0.9998723135957649
W01,2226.7067,1,1,0.9998723135957649
W01,2227.7067,1,1,0.9998723135957649
W01,2228.7067,1,1,0.9998723135957649
W01,2229.7067,1,1,0.9998723135957649
W01,2230.7067,1,1,0.9999439594516295
W01,2231.7067,1,1,0.9999439594516295
W01,2232.7067,1,1,0.9999439594516295
W01,2233.7067,1,1,0.9999439594516295
W01,2234.7067,1,1,0.9999439594516295
W01,2235.7067,1,1,0.9998730763878783
W01,2236.7067,1,1,0.9998730763878783
W01,2237.7067,1,1,0.9998730763878783
W01,2238.7067,1,1,0.9998730763878783
W01,2239.7067,1,1,0.9998730763878783
W01,2240.7067,1,1,0.9999637851021791
W01,2241.7067,1,1,0.9999637851021791
W01,2242.7067,1,1,0.9999637851021791
W01,2243.7067,1,1,0.9999637851021791
W01,2244.7067,1,1,0.9999637851021791
W01,2245.7067,1,1,0.9999815164865357
W01,2246.7067,1,1,0.9999815164865357
W01,2247.7067,1,1,0.9999815164865357
W01,2248.7067,1,1,0.9999815164865357
W01,2249.7067,1,1,0.9999815164865357
W01,2250.7067,1,1,0.9997266078950032
W01,2251.7067,1,1,0.9997266078950032
W01,2252.7067,1,1,0.9997266078950032
W01,2253.7067,1,1,0.9997266078950032
W01,2254.7067,1,1,0.9997266078950032
W01,2255.7067,1,1,0.9999394542328478
W01,2256.7067,1,1,0.9999394542328478
W01,2257.7067,1,1,0.9999394542328478
W01,2258.7067,1,1,0.9999394542328478
W01,2259.7067,1,1,0.9999394542328478
W01,2260.7067,1,1,0.9995308476215713
W01,2261.7067,1,1,0.9995308476215713
W01,2262.7067,1,1,0.9995308476215713
W01,2263.7067,1,1,0.9995308476215713
W01,2264.7067,1,1,0.9995308476215713
W01,2265.7067,1,1,0.9995308476215713
W01,2266.7067,1,1,0.9996938537231924
W01,2267.7067,1,1,0.9996938537231924
W01,2268.7067,1,1,0.9996938537231924
W01,2269.7067,1,1,0.9996938537231924
W01,2270.7067,1,1,0.9996938537231924
W01,2271.7067,0,0,0.15971106055053635
W01,2272.7067,0,0,0.15971106055053635
W01,2273.7067,0,0,0.15971106055053635
W01,2274.7067,0,0,0.15971106055053635
W01,2275.7067,0,0,0.15971106055053635
W01,2276.7067,0,1,0.557060947457284
W01,2277.7067,0,1,0.557060947457284
W01,2278.7067,0,1,0.557060947457284
W01,2279.7067,0,1,0.557060947457284
W01,2280.7067,0,1,0.557060947457284
W01,2281.7067,1,1,0.6514643964570471
W01,2282.7067,1,1,0.6514643964570471
W01,2283.7067,1,1,0.6514643964570471
W01,2284.7067,1,1,0.6514643964570471
W01,2285.7067,1,1,0.6514643964570471
W01,2286.7067,1,1,0.5152622818735388
W01,2287.7067,1,1,0.5152622818735388
W01,2288.7067,1,1,0.5152622818735388
W01,2289.7067,1,1,0.5152622818735388
W01,2290.7067,1,1,0.5152622818735388
W01,2291.7067,0,0,0.09326404586517054
W01,2292.7067,0,0,0.09326404586517054
W01,2293.7067,0,0,0.09326404586517054
W01,2294.7067,0,0,0.09326404586517054
W01,2295.7067,0,0,0.09326404586517054
W01,2296.7067,0,0,0.06484457994744824
W01,2297.7067,0,0,0.06484457994744824
W01,2298.7067,0,0,0.06484457994744824
W01,2299.7067,0,0,0.06484457994744824
W01,2300.7067,0,0,0.06484457994744824
W01,2301.7067,0,0,0.06484457994744824
W01,2302.7067,1,1,0.5402460574217508
W01,2303.7067,1,1,0.5402460574217508
W01,2304.7067,1,1,0.5402460574217508
W01,2305.7067,1,1,0.5402460574217508
W01,2306.7067,1,1,0.5402460574217508
W01,2307.7067,1,1,0.6154368499939539
W01,2308.7067,1,1,0.6154368499939539
W01,2309.7067,1,1,0.6154368499939539
W01,2310.7067,1,1,0.6154368499939539
W01,2311.7067,1,1,0.6154368499939539
W01,2312.7067,1,1,0.8032508440604729
W01,2313.7067,1,1,0.8032508440604729
W01,2314.7067,1,1,0.8032508440604729
W01,2315.7067,1,1,0.8032508440604729
W01,2316.7067,1,1,0.8032508440604729
W01,2317.7067,1,1,0.9661966274315147
W01,2318.7067,1,1,0.9661966274315147
W01,2319.7067,1,1,0.9661966274315147
W01,2320.7067,1,1,0.9661966274315147
W01,2321.7067,1,1,0.9661966274315147
W01,2322.7067,1,1,0.9775223223907241
W01,2323.7067,1,1,0.9775223223907241
W01,2324.7067,1,1,0.9775223223907241
W01,2325.7067,1,1,0.9775223223907241
W01,2326.7067,1,1,0.9775223223907241
W01,2327.7067,1,1,0.9995072856459606
W01,2328.7067,1,1,0.9995072856459606
W01,2329.7067,1,1,0.9995072856459606
W01,2330.7067,1,1,0.9995072856459606
W01,2331.7067,1,1,0.9995072856459606
W01,2332.7067,1,1,0.9960934658827237
W01,2333.7067,1,1,0.9960934658827237
W01,2334.7067,1,1,0.9960934658827237
W01,2335.7067,1,1,0.9960934658827237
W01,2336.7067,1,1,0.9960934658827237
W01,2337.7067,1,1,0.9998401718468234
W01,2338.7067,1,1,0.9998401718468234
W01,2339.7067,1,1,0.9998401718468234
W01,2340.7067,1,1,0.9998401718468234
W01,2341.7067,1,1,0.9998401718468234
W01,2342.7067,1,1,0.9998401718468234
W01,2343.7067,1,1,0.9988842942935193
W01,2344.7067,1,1,0.9988842942935193
W01,2345.7067,1,1,0.9988842942935193
W01,2346.7067,1,1,0.9988842942935193
W01,2347.7067,1,1,0.9988842942935193
W01,2348.7067,1,1,0.9405010911094921
W01,2349.7067,1,1,0.9405010911094921
W01,2350.7067,1,1,0.9405010911094921
W01,2351.7067,1,1,0.9405010911094921
W01,2352.7067,1,1,0.9405010911094921
W01,2353.7067,1,1,0.9739305970224937
W01,2354.7067,1,1,0.9739305970224937
W01,2355.7067,1,1,0.9739305970224937
W01,2356.7067,1,1,0.9739305970224937
W01,2357.7067,1,1,0.9739305970224937
W01,2358.7067,1,1,0.576219041720805
W01,2359.7067,1,1,0.576219041720805
W01,2360.7067,1,1,0.576219041720805
W01,2361.7067,1,1,0.576219041720805
W01,2362.7067,1,1,0.576219041720805
W01,2363.7067,0,0,0.0368577009778142
W01,2364.7067,0,0,0.0368577009778142
W01,2365.7067,0,0,0.0368577009778142
W01,2366.7067,0,0,0.0368577009778142
W01,2367.7067,0,0,0.0368577009778142
W01,2368.7067,1,1,0.8739358879248603
W01,2369.7067,1,1,0.8739358879248603
W01,2370.7067,1,1,0.8739358879248603
W01,2371.7067,1,1,0.8739358879248603
W01,2372.7067,1,1,0.8739358879248603
W01,2373.7067,0,1,0.6899755179103688
W01,2374.7067,0,1,0.6899755179103688
W01,2375.7067,0,1,0.6899755179103688
W01,2376.7067,0,1,0.6899755179103688
W01,2377.7067,0,1,0.6899755179103688
W01,2378.7067,1,1,0.7980569023094897
W01,2379.7067,1,1,0.7980569023094897
W01,2380.7067,1,1,0.7980569023094897
W01,2381.7067,1,1,0.7980569023094897
W01,2382.7067,1,1,0.7980569023094897
W01,2383.7067,1,1,0.7980569023094897
W01,2384.7067,0,1,0.7725171082264215
W01,2385.7067,0,1,0.7725171082264215
W01,2386.7067,0,1,0.7725171082264215
W01,2387.7067,0,1,0.7725171082264215
W01,2388.7067,0,1,0.7725171082264215
W01,2389.7067,0,0,0.47095635550474124
W01,2390.7067,0,0,0.47095635550474124
W01,2391.7067,0,0,0.47095635550474124
W01,2392.7067,0,0,0.47095635550474124
W01,2393.7067,0,0,0.47095635550474124
W01,2394.7067,1,1,0.6658296684199493
W01,2395.7067,1,1,0.6658296684199493
W01,2396.7067,1,1,0.6658296684199493
W01,2397.7067,1,1,0.6658296684199493
W01,2398.7067,1,1,0.6658296684199493
W01,2399.7067,1,1,0.9994175193543507
W01,2400.7067,1,1,0.9994175193543507
W01,2401.7067,1,1,0.9994175193543507
W01,2402.7067,1,1,0.9994175193543507
W01,2403.7067,1,1,0.9994175193543507
W01,2404.7067,1,1,0.999634046492433
W01,2405.7067,1,1,0.999634046492433
W01,2406.7067,1,1,0.999634046492433
W01,2407.7067,1,1,0.999634046492433
W01,2408.7067,1,1,0.999634046492433
W01,2409.7067,1,1,0.9689533022891433
W01,2410.7067,1,1,0.9689533022891433
W01,2411.7067,1,1,0.9689533022891433
W01,2412.7067,1,1,0.9689533022891433
W01,2413.7067,1,1,0.9689533022891433
W01,2414.7067,1,1,0.631139985820892
W01,2415.7067,1,1,0.631139985820892
W01,2416.7067,1,1,0.631139985820892
W01,2417.7067,1,1,0.631139985820892
W01,2418.7067,1,1,0.631139985820892
W01,2419.7067,1,1,0.631139985820892
W01,2420.7067,1,0,0.26699600537696566
W01,2421.7067,1,0,0.26699600537696566
W01,2422.7067,1,0,0.26699600537696566
W01,2423.7067,1,0,0.26699600537696566
W01,2424.7067,1,0,0.26699600537696566
W01,2425.7067,0,0,0.1073044234878852
W01,2426.7067,0,0,0.1073044234878852
W01,2427.7067,0,0,0.1073044234878852
W01,2428.7067,0,0,0.1073044234878852
W01,2429.7067,0,0,0.1073044234878852
W01,2430.7067,0,0,0.02589778098322452
W01,2431.7067,0,0,0.02589778098322452
W01,2432.7067,0,0,0.02589778098322452
W01,2433.7067,0,0,0.02589778098322452
W01,2434.7067,0,0,0.02589778098322452
W01,2435.7067,0,0,0.02416489590204059
W01,2436.7067,0,0,0.02416489590204059
W01,2437.7067,0,0,0.02416489590204059
W01,2438.7067,0,0,0.02416489590204059
W01,2439.7067,0,0,0.02416489590204059
W01,2440.7067,0,0,0.05698133704991058
W01,2441.7067,0,0,0.05698133704991058
W01,2442.7067,0,0,0.05698133704991058
W01,2443.7067,0,0,0.05698133704991058
W01,2444.7067,0,0,0.05698133704991058
W01,2445.7067,0,0,0.004073258570468908
W01,2446.7067,0,0,0.004073258570468908
W01,2447.7067,0,0,0.004073258570468908
W01,2448.7067,0,0,0.004073258570468908
W01,2449.7067,0,0,0.004073258570468908
W01,2450.7067,0,0,0.06331854030201012
W01,2451.7067,0,0,0.06331854030201012
W01,2452.7067,0,0,0.06331854030201012
W01,2453.7067,0,0,0.06331854030201012
W01,2454.7067,0,0,0.06331854030201012
W01,2455.7067,0,0,0.06331854030201012
W01,2456.7067,0,0,0.41569582094030316
W01,2457.7067,0,0,0.41569582094030316
W01,2458.7067,0,0,0.41569582094030316
W01,2459.7067,0,0,0.41569582094030316
W01,2460.7067,0,0,0.41569582094030316
W01,2461.7067,0,0,0.3927422788306063
W01,2462.7067,0,0,0.3927422788306063
W01,2463.7067,0,0,0.3927422788306063
W01,2464.7067,0,0,0.3927422788306063
W01,2465.7067,0,0,0.3927422788306063
W01,2466.7067,0,0,0.4459003393670044
W01,2467.7067,0,0,0.4459003393670044
W01,2468.7067,0,0,0.4459003393670044
W01,2469.7067,0,0,0.4459003393670044
W01,2470.7067,0,0,0.4459003393670044
W01,2471.7067,0,0,0.12595887984330986
W01,2472.7067,0,0,0.12595887984330986
W01,2473.7067,0,0,0.12595887984330986
W01,2474.7067,0,0,0.12595887984330986
W01,2475.7067,0,0,0.12595887984330986
W01,2476.7067,0,0,0.025861321747401522
W01,2477.7067,0,0,0.025861321747401522
W01,2478.7067,0,0,0.025861321747401522
W01,2479.7067,0,0,0.025861321747401522
W01,2480.7067,0,0,0.025861321747401522
W01,2481.7067,0,0,0.0236099797443095
W01,2482.7067,0,0,0.0236099797443095
W01,2483.7067,0,0,0.0236099797443095
W01,2484.7067,0,0,0.0236099797443095
W01,2485.7067,0,0,0.0236099797443095
W01,2486.7067,0,0,0.004162697046740597
W01,2487.7067,0,0,0.004162697046740597
W01,2488.7067,0,0,0.004162697046740597
W01,2489.7067,0,0,0.004162697046740597
W01,2490.7067,0,0,0.004162697046740597
W01,2491.7067,0,0,0.0096761640321268
W01,2492.7067,0,0,0.0096761640321268
W01,2493.7067,0,0,0.0096761640321268
W01,2494.7067,0,0,0.0096761640321268
W01,2495.7067,0,0,0.0096761640321268
W01,2496.7067,0,0,0.0096761640321268
W01,2497.7067,0,0,0.0045416040333025745
W01,2498.7067,0,0,0.0045416040333025745
W01,2499.7067,0,0,0.0045416040333025745
W01,2500.7067,0,0,0.0045416040333025745
W01,2501.7067,0,0,0.0045416040333025745
W01,2502.7067,0,0,0.025455862848276195
W01,2503.7067,0,0,0.025455862848276195
W01,2504.7067,0,0,0.025455862848276195
W01,2505.7067,0,0,0.025455862848276195
W01,2506.7067,0,0,0.025455862848276195
W01,2507.7067,0,0,0.013894354492539411
W01,2508.7067,0,0,0.013894354492539411
W01,2509.7067,0,0,0.013894354492539411
W01,2510.7067,0,0,0.013894354492539411
W01,2511.7067,0,0,0.013894354492539411
W01,2512.7067,0,0,0.018366246293100776
W01,2513.7067,0,0,0.018366246293100776
W01,2514.7067,0,0,0.018366246293100776
W01,2515.7067,0,0,0.018366246293100776
W01,2516.7067,0,0,0.018366246293100776
W01,2517.7067,0,0,0.012363453750859305
W01,2518.7067,0,0,0.012363453750859305
W01,2519.7067,0,0,0.012363453750859305
W01,2520.7067,0,0,0.012363453750859305
W01,2521.7067,0,0,0.012363453750859305
W01,2522.7067,0,0,0.019639757907623713
W01,2523.7067,0,0,0.019639757907623713
W01,2524.7067,0,0,0.019639757907623713
W01,2525.7067,0,0,0.019639757907623713
W01,2526.7067,0,0,0.019639757907623713
W01,2527.7067,0,0,0.019639757907623713
W01,2528.7067,0,0,0.01607954328852487
W01,2529.7067,0,0,0.01607954328852487
W01,2530.7067,0,0,0.01607954328852487
W01,2531.7067,0,0,0.01607954328852487
W01,2532.7067,0,0,0.01607954328852487
W01,2533.7067,0,0,0.04180418354483288
W01,2534.7067,0,0,0.04180418354483288
W01,2535.7067,0,0,0.04180418354483288
W01,2536.7067,0,0,0.04180418354483288
W01,2537.7067,0,0,0.04180418354483288
W01,2538.7067,0,0,0.041545823366492714
W01,2539.7067,0,0,0.041545823366492714
W01,2540.7067,0,0,0.041545823366492714
W01,2541.7067,0,0,0.041545823366492714
W01,2542.7067,0,0,0.041545823366492714
W01,2543.7067,0,0,0.1146735203428649
W01,2544.7067,0,0,0.1146735203428649
W01,2545.7067,0,0,0.1146735203428649
W01,2546.7067,0,0,0.1146735203428649
W01,2547.7067,0,0,0.1146735203428649
W01,2548.7067,0,0,0.10685170091287516
W01,2549.7067,0,0,0.10685170091287516
W01,2550.7067,0,0,0.10685170091287516
W01,2551.7067,0,0,0.10685170091287516
W01,2552.7067,0,0,0.10685170091287516
W01,2553.7067,1,0,0.1781706849001926
W01,2554.7067,1,0,0.1781706849001926
W01,2555.7067,1,0,0.1781706849001926
W01,2556.7067,1,0,0.1781706849001926
W01,2557.7067,1,0,0.1781706849001926
W01,2558.7067,0,0,0.08850908527047917
W01,2559.7067,0,0,0.08850908527047917
W01,2560.7067,0,0,0.08850908527047917
W01,2561.7067,0,0,0.08850908527047917
W01,2562.7067,0,0,0.08850908527047917
W01,2563.7067,0,0,0.08850908527047917
W01,2564.7067,0,0,0.020195981654283837
W01,2565.7067,0,0,0.020195981654283837
W01,2566.7067,0,0,0.020195981654283837
W01,2567.7067,0,0,0.020195981654283837
W01,2568.7067,0,0,0.020195981654283837
W01,2569.7067,0,0,0.018537149988885233
W01,2570.7067,0,0,0.018537149988885233
W01,2571.7067,0,0,0.018537149988885233
W01,2572.7067,0,0,0.018537149988885233
W01,2573.7067,0,0,0.018537149988885233
W01,2574.7067,0,0,0.004636761906567875
W01,2575.7067,0,0,0.004636761906567875
W01,2576.7067,0,0,0.004636761906567875
W01,2577.7067,0,0,0.004636761906567875
W01,2578.7067,0,0,0.004636761906567875
W01,2579.7067,0,0,0.011289613020754213
W01,2580.7067,0,0,0.011289613020754213
W01,2581.7067,0,0,0.011353672020243634
W01,2582.7067,0,0,0.011353672020243634
W01,2583.7067,0,0,0.011353672020243634
W01,2584.7067,0,0,0.011353672020243634
W01,2585.7067,0,0,0.011353672020243634
W01,2586.7067,0,0,0.03875396117181554
W01,2587.7067,0,0,0.03875396117181554
W01,2588.7067,0,0,0.03875396117181554
W01,2589.7067,0,0,0.03875396117181554
W01,2590.7067,0,0,0.03875396117181554
W01,2591.7067,0,0,0.007373981996669127
W01,2592.7067,0,0,0.007373981996669127
W01,2593.7067,0,0,0.007373981996669127
W01,2594.7067,0,0,0.007373981996669127
W01,2595.7067,0,0,0.007373981996669127
W01,2596.7067,0,0,0.02831768818154461
W01,2597.7067,0,0,0.02831768818154461
W01,2598.7067,0,0,0.02831768818154461
W01,2599.7067,0,0,0.02831768818154461
W01,2600.7067,0,0,0.02831768818154461
W01,2601.7067,0,0,0.010498470712204052
W01,2602.7067,0,0,0.010498470712204052
W01,2603.7067,0,0,0.010498470712204052
W01,2604.7067,0,0,0.010498470712204052
W01,2605.7067,0,0,0.010498470712204052
W01,2606.7067,0,0,0.010498470712204052
W01,2607.7067,0,0,0.012490134492400004
W01,2608.7067,0,0,0.012490134492400004
W01,2609.7067,0,0,0.012490134492400004
W01,2610.7067,0,0,0.012490134492400004
W01,2611.7067,0,0,0.012490134492400004
W01,2612.7067,1,1,0.6954517516989835
W01,2613.7067,1,1,0.6954517516989835
W01,2614.7067,1,1,0.6954517516989835
W01,2615.7067,1,1,0.6954517516989835
W01,2616.7067,1,1,0.6954517516989835
W01,2617.7067,1,1,0.7740985953796916
W01,2618.7067,1,1,0.7740985953796916
W01,2619.7067,1,1,0.7740985953796916
W01,2620.7067,1,1,0.7740985953796916
W01,2621.7067,1,1,0.7740985953796916
W01,2622.7067,1,1,0.889768884966789
W01,2623.7067,1,1,0.889768884966789
W01,2624.7067,1,1,0.889768884966789
W01,2625.7067,1,1,0.889768884966789
W01,2626.7067,1,1,0.889768884966789
W01,2627.7067,1,1,0.8813267079112502
W01,2628.7067,1,1,0.8813267079112502
W01,2629.7067,1,1,0.8813267079112502
W01,2630.7067,1,1,0.8813267079112502
W01,2631.7067,1,1,0.8813267079112502
W01,2632.7067,1,1,0.9072765645354496
W01,2633.7067,1,1,0.9072765645354496
W01,2634.7067,1,1,0.9072765645354496
W01,2635.7067,1,1,0.9072765645354496
W01,2636.7067,1,1,0.9072765645354496
W01,2637.7067,1,1,0.9072765645354496
W01,2638.7067,0,0,0.1306391756905531
W01,2639.7067,0,0,0.1306391756905531
W01,2640.7067,0,0,0.1306391756905531
W01,2641.7067,0,0,0.1306391756905531
W01,2642.7067,0,0,0.1306391756905531
W01,2643.7067,1,0,0.3011835661413049
W01,2644.7067,1,0,0.3011835661413049
W01,2645.7067,1,0,0.3011835661413049
W01,2646.7067,1,0,0.3011835661413049
W01,2647.7067,1,0,0.3011835661413049
W01,2648.7067,1,1,0.5534771918687005
W01,2649.7067,1,1,0.5534771918687005
W01,2650.7067,1,1,0.5534771918687005
W01,2651.7067,1,1,0.5534771918687005
W01,2652.7067,1,1,0.5534771918687005
W01,2653.7067,0,0,0.12883452924279495
W01,2654.7067,0,0,0.12883452924279495
W01,2655.7067,0,0,0.12883452924279495
W01,2656.7067,0,0,0.12883452924279495
W01,2657.7067,0,0,0.12883452924279495
W01,2658.7067,0,0,0.008876079000660342
W01,2659.7067,0,0,0.008876079000660342
W01,2660.7067,0,0,0.008876079000660342
W01,2661.7067,0,0,0.008876079000660342
W01,2662.7067,0,0,0.008876079000660342
W01,2663.7067,0,0,0.008986758777333289
W01,2664.7067,0,0,0.008986758777333289
W01,2665.7067,0,0,0.008986758777333289
W01,2666.7067,0,0,0.008986758777333289
W01,2667.7067,0,0,0.008986758777333289
W01,2668.7067,0,0,0.008986758777333289
W01,2669.7067,0,0,0.005577773464639334
W01,2670.7067,0,0,0.005577773464639334
W01,2671.7067,0,0,0.005577773464639334
W01,2672.7067,0,0,0.005577773464639334
W01,2673.7067,0,0,0.005577773464639334
W01,2674.7067,0,0,0.006890551541727655
W01,2675.7067,0,0,0.006890551541727655
W01,2676.7067,0,0,0.006890551541727655
W01,2677.7067,0,0,0.006890551541727655
W01,2678.7067,0,0,0.006890551541727655
W01,2679.7067,0,0,0.030075891194669642
W01,2680.7067,0,0,0.030075891194669642
W01,2681.7067,0,0,0.030075891194669642
W01,2682.7067,0,0,0.030075891194669642
W01,2683.7067,0,0,0.030075891194669642
W01,2684.7067,1,0,0.42373954025959726
W01,2685.7067,1,0,0.42373954025959726
W01,2686.7067,1,0,0.42373954025959726
W01,2687.7067,1,0,0.42373954025959726
W01,2688.7067,1,0,0.42373954025959726
W01,2689.7067,0,0,0.22395291217793326
W01,2690.7067,0,0,0.22395291217793326
W01,2691.7067,0,0,0.22395291217793326
W01,2692.7067,0,0,0.22395291217793326
W01,2693.7067,0,0,0.22395291217793326
W01,2694.7067,1,1,0.8562234994767688
W01,2695.7067,1,1,0.8562234994767688
W01,2696.7067,1,1,0.8562234994767688
W01,2697.7067,1,1,0.8562234994767688
W01,2698.7067,1,1,0.8562234994767688
W01,2699.7067,1,1,0.8562234994767688
W01,2700.7067,0,0,0.074586002938748
W01,2701.7067,0,0,0.074586002938748
W01,2702.7067,0,0,0.074586002938748
W01,2703.7067,0,0,0.074586002938748
W01,2704.7067,0,0,0.074586002938748
W01,2705.7067,0,0,0.04163807500425215
W01,2706.7067,0,0,0.04163807500425215
W01,2707.7067,0,0,0.04163807500425215
W01,2708.7067,0,0,0.04163807500425215
W01,2709.7067,0,0,0.04163807500425215
W01,2710.7067,0,0,0.023621858113238272
W01,2711.7067,0,0,0.023621858113238272
W01,2712.7067,0,0,0.023621858113238272
W01,2713.7067,0,0,0.023621858113238272
W01,2714.7067,0,0,0.023621858113238272
W01,2715.7067,0,0,0.008293882067502808
W01,2716.7067,0,0,0.008293882067502808
W01,2717.7067,0,0,0.008293882067502808
W01,2718.7067,0,0,0.008293882067502808
W01,2719.7067,0,0,0.008293882067502808
W01,2720.7067,0,0,0.027768007269795995
W01,2721.7067,0,0,0.027768007269795995
W01,2722.7067,0,0,0.027768007269795995
W01,2723.7067,0,0,0.027768007269795995
W01,2724.7067,0,0,0.027768007269795995
W01,2725.7067,0,0,0.007015068389564092
W01,2726.7067,0,0,0.007015068389564092
W01,2727.7067,0,0,0.007015068389564092
W01,2728.7067,0,0,0.007015068389564092
W01,2729.7067,0,0,0.007015068389564092
W01,2730.7067,0,0,0.007015068389564092
W01,2731.7067,0,0,0.002599497265618637
W01,2732.7067,0,0,0.002599497265618637
W01,2733.7067,0,0,0.002599497265618637
W01,2734.7067,0,0,0.002599497265618637
W01,2735.7067,0,0,0.002599497265618637
W01,2736.7067,0,0,0.0022344803553079697
W01,2737.7067,0,0,0.0022344803553079697
W01,2738.7067,0,0,0.0022344803553079697
W01,2739.7067,0,0,0.0022344803553079697
W01,2740.7067,0,0,0.0022344803553079697
W01,2741.7067,0,0,0.000796346255104333
W01,2742.7067,0,0,0.000796346255104333
W01,2743.7067,0,0,0.000796346255104333
W01,2744.7067,0,0,0.000796346255104333
W01,2745.7067,0,0,0.000796346255104333
W01,2746.7067,0,0,0.00047199183796059805
W01,2747.7067,0,0,0.00047199183796059805
W01,2748.7067,0,0,0.00047199183796059805
W01,2749.7067,0,0,0.00047199183796059805
W01,2750.7067,0,0,0.00047199183796059805
W01,2751.7067,0,0,0.0004192329766932015
W01,2752.7067,0,0,0.0004192329766932015
W01,2753.7067,0,0,0.0004192329766932015
W01,2754.7067,0,0,0.0004192329766932015
W01,2755.7067,0,0,0.0004192329766932015
W01,2756.7067,0,0,0.00902394269060232
W01,2757.7067,0,0,0.00902394269060232
W01,2758.7067,0,0,0.00902394269060232
W01,2759.7067,0,0,0.00902394269060232
W01,2760.7067,0,0,0.00902394269060232
W01,2761.7067,0,0,0.00902394269060232
W01,2762.7067,0,0,0.03928697738167353
W01,2763.7067,0,0,0.03928697738167353
W01,2764.7067,0,0,0.03928697738167353
W01,2765.7067,0,0,0.03928697738167353
W01,2766.7067,0,0,0.03928697738167353
W01,2767.7067,1,1,0.6563680404755268
W01,2768.7067,1,1,0.6563680404755268
W01,2769.7067,1,1,0.6563680404755268
W01,2770.7067,1,1,0.6563680404755268
W01,2771.7067,1,1,0.6563680404755268
W01,2772.7067,0,0,0.031757203280644894
W01,2773.7067,0,0,0.031757203280644894
W01,2774.7067,0,0,0.031757203280644894
W01,2775.7067,0,0,0.031757203280644894
W01,2776.7067,0,0,0.031757203280644894
W01,2777.7067,0,0,0.0012897051432244858
W01,2778.7067,0,0,0.0012897051432244858
W01,2779.7067,0,0,0.0012897051432244858
W01,2780.7067,0,0,0.0012897051432244858
W01,2781.7067,0,0,0.0012897051432244858
W01,2782.7067,0,0,0.0012162075459846767
W01,2783.7067,0,0,0.0012162075459846767
W01,2784.7067,0,0,0.0012162075459846767
W01,2785.7067,0,0,0.0012162075459846767
W01,2786.7067,0,0,0.0012162075459846767
W01,2787.7067,0,0,0.009236547161887928
W01,2788.7067,0,0,0.009236547161887928
W01,2789.7067,0,0,0.009236547161887928
W01,2790.7067,0,0,0.009236547161887928
W01,2791.7067,0,0,0.009236547161887928
W01,2792.7067,0,0,0.009236547161887928
W01,2793.7067,0,0,0.0001050928240951133
W01,2794.7067,0,0,0.0001050928240951133
W01,2795.7067,0,0,0.0001050928240951133
W01,2796.7067,0,0,0.0001050928240951133
W01,2797.7067,0,0,0.0001050928240951133
W01,2798.7067,0,0,0.0002763361738012703
W01,2799.7067,0,0,0.0002763361738012703
W01,2800.7067,0,0,0.0002763361738012703
W01,2801.7067,0,0,0.0002763361738012703
W01,2802.7067,0,0,0.0002763361738012703
W01,2803.7067,0,0,0.00018520569890398712
W01,2804.7067,0,0,0.00018520569890398712
W01,2805.7067,0,0,0.00018520569890398712
W01,2806.7067,0,0,0.00018520569890398712
W01,2807.7067,0,0,0.00018520569890398712
W01,2808.7067,0,0,0.0004062186075230119
W01,2809.7067,0,0,0.0004062186075230119
W01,2810.7067,0,0,0.0004062186075230119
W01,2811.7067,0,0,0.0004062186075230119
W01,2812.7067,0,0,0.0004062186075230119
W01,2813.7067,0,0,0.003456737942855969
W01,2814.7067,0,0,0.003456737942855969
W01,2815.7067,0,0,0.003456737942855969
W01,2816.7067,0,0,0.003456737942855969
W01,2817.7067,0,0,0.003456737942855969
W01,2818.7067,0,0,0.00021010734422568313
W01,2819.7067,0,0,0.00021010734422568313
W01,2820.7067,0,0,0.00021010734422568313
W01,2821.7067,0,0,0.00021010734422568313
W01,2822.7067,0,0,0.00021010734422568313
W01,2823.7067,0,0,0.00021010734422568313
W01,2824.7067,0,0,0.0001437914036253592
W01,2825.7067,0,0,0.0001437914036253592
W01,2826.7067,0,0,0.0001437914036253592
W01,2827.7067,0,0,0.0001437914036253592
W01,2828.7067,0,0,0.0001437914036253592
W01,2829.7067,0,0,0.0005820469861338483
W01,2830.7067,0,0,0.0005820469861338483
W01,2831.7067,0,0,0.0005820469861338483
W01,2832.7067,0,0,0.0005820469861338483
W01,2833.7067,0,0,0.0005820469861338483
W01,2834.7067,0,0,0.000619296368485632
W01,2835.7067,0,0,0.000619296368485632
W01,2836.7067,0,0,0.000619296368485632
W01,2837.7067,0,0,0.000619296368485632
W01,2838.7067,0,0,0.000619296368485632
W01,2839.7067,1,0,0.2568475833741979
W01,2840.7067,1,0,0.2568475833741979
W01,2841.7067,1,0,0.2568475833741979
W01,2842.7067,1,0,0.2568475833741979
W01,2843.7067,1,0,0.2568475833741979
W01,2844.7067,1,1,0.9935844143138535
W01,2845.7067,1,1,0.9935844143138535
W01,2846.7067,1,1,0.9935844143138535
W01,2847.7067,1,1,0.9935844143138535
W01,2848.7067,1,1,0.9935844143138535
W01,2849.7067,0,0,0.1893263390505318
W01,2850.7067,0,0,0.1893263390505318
W01,2851.7067,0,0,0.1893263390505318
W01,2852.7067,0,0,0.1893263390505318
W01,2853.7067,0,0,0.1893263390505318
W01,2854.7067,0,0,0.1893263390505318
W01,2855.7067,1,0,0.31592620967839924
W01,2856.7067,1,0,0.31592620967839924
W01,2857.7067,1,0,0.31592620967839924
W01,2858.7067,1,0,0.31592620967839924
W01,2859.7067,1,0,0.31592620967839924
W01,2860.7067,1,1,0.9964560775283925
W01,2861.7067,1,1,0.9964560775283925
W01,2862.7067,1,1,0.9964560775283925
W01,2863.7067,1,1,0.9964560775283925
W01,2864.7067,1,1,0.9964560775283925
W01,2865.7067,1,1,0.9930814052654372
W01,2866.7067,1,1,0.9930814052654372
W01,2867.7067,1,1,0.9930814052654372
W01,2868.7067,1,1,0.9930814052654372
W01,2869.7067,1,1,0.9930814052654372
W01,2870.7067,1,1,0.9914514608281618
W01,2871.7067,1,1,0.9914514608281618
W01,2872.7067,1,1,0.9914514608281618
W01,2873.7067,1,1,0.9914514608281618
W01,2874.7067,1,1,0.9914514608281618
W01,2875.7067,1,1,0.991021096258138
W01,2876.7067,1,1,0.991021096258138
W01,2877.7067,1,1,0.991021096258138
W01,2878.7067,1,1,0.991021096258138
W01,2879.7067,1,1,0.991021096258138
W01,2880.7067,1,1,0.9994149147303852
W01,2881.7067,1,1,0.9994149147303852
W01,2882.7067,1,1,0.9994149147303852
W01,2883.7067,1,1,0.9994149147303852
W01,2884.7067,1,1,0.9994149147303852
W01,2885.7067,1,1,0.9994149147303852
W01,2886.7067,1,1,0.9998160049220153
W01,2887.7067,1,1,0.9998160049220153
W01,2888.7067,1,1,0.9998160049220153
W01,2889.7067,1,1,0.9998160049220153
W01,2890.7067,1,1,0.9998160049220153
W01,2891.7067,1,1,0.9979234870226492
W01,2892.7067,1,1,0.9979234870226492
W01,2893.7067,1,1,0.9979234870226492
W01,2894.7067,1,1,0.9979234870226492
W01,2895.7067,1,1,0.9979234870226492
W01,2896.7067,1,1,0.9498368590010035
W01,2897.7067,1,1,0.9498368590010035
W01,2898.7067,1,1,0.9498368590010035
W01,2899.7067,1,1,0.9498368590010035
W01,2900.7067,1,1,0.9498368590010035
W01,2901.7067,0,0,0.05823211498978319
W01,2902.7067,0,0,0.05823211498978319
W01,2903.7067,0,0,0.05823211498978319
W01,2904.7067,0,0,0.05823211498978319
W01,2905.7067,0,0,0.05823211498978319
W01,2906.7067,0,0,0.09433634037336262
W01,2907.7067,0,0,0.09433634037336262
W01,2908.7067,0,0,0.09433634037336262
W01,2909.7067,0,0,0.09433634037336262
W01,2910.7067,0,0,0.09433634037336262
W01,2911.7067,0,0,0.2765474647914906
W01,2912.7067,0,0,0.2765474647914906
W01,2913.7067,0,0,0.2765474647914906
W01,2914.7067,0,0,0.2765474647914906
W01,2915.7067,0,0,0.2765474647914906
W01,2916.7067,0,0,0.2765474647914906
W01,2917.7067,0,1,0.5918940104725449
W01,2918.7067,0,1,0.5918940104725449
W01,2919.7067,0,1,0.5918940104725449
W01,2920.7067,0,1,0.5918940104725449
W01,2921.7067,0,1,0.5918940104725449
W01,2922.7067,1,1,0.8558375437266622
W01,2923.7067,1,1,0.8558375437266622
W01,2924.7067,1,1,0.8558375437266622
W01,2925.7067,1,1,0.8558375437266622
W01,2926.7067,1,1,0.8558375437266622
W01,2927.7067,0,0,0.010306228799367477
W01,2928.7067,0,0,0.010306228799367477
W01,2929.7067,0,0,0.010306228799367477
W01,2930.7067,0,0,0.011297632538363538
W01,2931.7067,0,0,0.011297632538363538
W01,2932.7067,0,0,0.027611065106652653
W01,2933.7067,0,0,0.027611065106652653
W01,2934.7067,0,0,0.027611065106652653
W01,2935.7067,0,0,0.15829562730968208
W01,2936.7067,0,0,0.20633471290180297
W01,2937.7067,0,0,0.20633471290180297
W01,2938.7067,0,0,0.0034259724717226794
W01,2939.7067,0,0,0.0034259724717226794
W01,2940.7067,0,0,0.0034259724717226794
W01,2941.7067,0,0,0.0034259724717226794
W01,2942.7067,0,0,0.0034259724717226794
W01,2943.7067,0,0,0.009071840077892943
W01,2944.7067,0,0,0.009071840077892943
W01,2945.7067,0,0,0.009071840077892943
W01,2946.7067,0,0,0.009071840077892943
W01,2947.7067,0,0,0.009071840077892943
W01,2948.7067,0,0,0.00462973473454436
W01,2949.7067,0,0,0.00462973473454436
W01,2950.7067,0,0,0.00462973473454436
W01,2951.7067,0,0,0.00462973473454436
W01,2952.7067,0,0,0.00462973473454436
W01,2953.7067,0,0,0.010122859341105506
W01,2954.7067,0,0,0.010122859341105506
W01,2955.7067,0,0,0.010122859341105506
W01,2956.7067,0,0,0.010122859341105506
W01,2957.7067,0,0,0.010122859341105506
W01,2958.7067,1,1,0.5614231358183208
W01,2959.7067,1,1,0.5614231358183208
W01,2960.7067,1,1,0.5614231358183208
W01,2961.7067,1,1,0.5614231358183208
W01,2962.7067,1,1,0.5614231358183208
W01,2963.7067,0,0,0.008771816488102768
W01,2964.7067,0,0,0.008771816488102768
W01,2965.7067,0,0,0.008771816488102768
W01,2966.7067,0,0,0.008771816488102768
W01,2967.7067,0,0,0.008771816488102768
W01,2968.7067,0,0,0.0004724347150366853
W01,2969.7067,0,0,0.0004724347150366853
W01,2970.7067,0,0,0.0004724347150366853
W01,2971.7067,0,0,0.0004724347150366853
W01,2972.7067,0,0,0.0004724347150366853
W01,2973.7067,0,0,0.0004724347150366853
W01,2974.7067,0,0,0.00040907186521087023
W01,2975.7067,0,0,0.00040907186521087023
W01,2976.7067,0,0,0.00040907186521087023
W01,2977.7067,0,0,0.00040907186521087023
W01,2978.7067,0,0,0.00040907186521087023
W01,2979.7067,0,0,0.0007449342799028982
W01,2980.7067,0,0,0.0007449342799028982
W01,2981.7067,0,0,0.0007449342799028982
W01,2982.7067,0,0,0.0007449342799028982
W01,2983.7067,0,0,0.0007449342799028982
W01,2984.7067,0,0,0.0032249377885679694
W01,2985.7067,0,0,0.0032249377885679694
W01,2986.7067,0,0,0.0032249377885679694
W01,2987.7067,0,0,0.0032249377885679694
W01,2988.7067,0,0,0.0032249377885679694
W01,2989.7067,0,0,0.0006045894393118662
W01,2990.7067,0,0,0.0006045894393118662
W01,2991.7067,0,0,0.0006045894393118662
W01,2992.7067,0,0,0.0006045894393118662
W01,2993.7067,0,0,0.0006045894393118662
W01,2994.7067,0,0,0.09670779459546956
W01,2995.7067,0,0,0.09670779459546956
W01,2996.7067,0,0,0.09670779459546956
W01,2997.7067,0,0,0.09670779459546956
W01,2998.7067,0,0,0.09670779459546956
W01,2999.7067,0,0,0.015484688789170455
W01,3000.7067,0,0,0.015484688789170455
W01,3001.7067,0,0,0.015484688789170455
W01,3002.7067,0,0,0.015484688789170455
W01,3003.7067,0,0,0.015484688789170455
W01,3004.7067,0,0,0.015484688789170455
W01,3005.7067,0,0,0.002195939344330347
W01,3006.7067,0,0,0.002195939344330347
W01,3007.7067,0,0,0.002195939344330347
W01,3008.7067,0,0,0.002195939344330347
W01,3009.7067,0,0,0.002195939344330347
W01,3010.7067,0,0,0.018617506649959224
W01,3011.7067,0,0,0.018617506649959224
W01,3012.7067,0,0,0.018617506649959224
W01,3013.7067,0,0,0.018617506649959224
W01,3014.7067,0,0,0.018617506649959224
W01,3015.7067,0,0,0.00363213550938923
W01,3016.7067,0,0,0.00363213550938923
W01,3017.7067,0,0,0.00363213550938923
W01,3018.7067,0,0,0.00363213550938923
W01,3019.7067,0,0,0.00363213550938923
W01,3020.7067,0,0,0.0022953611910575115
W01,3021.7067,0,0,0.0022953611910575115
W01,3022.7067,0,0,0.0022953611910575115
W01,3023.7067,0,0,0.0022953611910575115
W01,3024.7067,0,0,0.0022953611910575115
W01,3025.7067,0,0,0.003342454888223784
W01,3026.7067,0,0,0.003342454888223784
W01,3027.7067,0,0,0.003342454888223784
W01,3028.7067,0,0,0.003342454888223784
W01,3029.7067,0,0,0.003342454888223784
W01,3030.7067,0,0,0.018402425158098073
W01,3031.7067,0,0,0.018402425158098073
W01,3032.7067,0,0,0.018402425158098073
W01,3033.7067,0,0,0.018402425158098073
W01,3034.7067,0,0,0.018402425158098073
W01,3035.7067,0,0,0.0016039480773418465
W01,3036.7067,0,0,0.0016039480773418465
W01,3037.7067,0,0,0.0016039480773418465
W01,3038.7067,0,0,0.0016039480773418465
W01,3039.7067,0,0,0.0016039480773418465
W01,3040.7067,0,0,0.0016039480773418465
W01,3041.7067,0,0,0.0050514001621968525
W01,3042.7067,0,0,0.0050514001621968525
W01,3043.7067,0,0,0.0050514001621968525
W01,3044.7067,0,0,0.0050514001621968525
W01,3045.7067,0,0,0.0050514001621968525
W01,3046.7067,0,0,0.021811144732516104
W01,3047.7067,0,0,0.021811144732516104
W01,3048.7067,0,0,0.021811144732516104
W01,3049.7067,0,0,0.021811144732516104
W01,3050.7067,0,0,0.021811144732516104
W01,3051.7067,0,0,0.00540399827485025
W01,3052.7067,0,0,0.00540399827485025
W01,3053.7067,0,0,0.00540399827485025
W01,3054.7067,0,0,0.00540399827485025
W01,3055.7067,0,0,0.00540399827485025
W01,3056.7067,0,0,0.42978870007879383
W01,3057.7067,0,0,0.42978870007879383
W01,3058.7067,0,0,0.42978870007879383
W01,3059.7067,0,0,0.42978870007879383
W01,3060.7067,0,0,0.42978870007879383
W01,3061.7067,0,0,0.05153221194210746
W01,3062.7067,0,0,0.05153221194210746
W01,3063.7067,0,0,0.05153221194210746
W01,3064.7067,0,0,0.05153221194210746
W01,3065.7067,0,0,0.05153221194210746
W01,3066.7067,0,0,0.014117589688716
W01,3067.7067,0,0,0.014117589688716
W01,3068.7067,0,0,0.014117589688716
W01,3069.7067,0,0,0.014117589688716
W01,3070.7067,0,0,0.014117589688716
W01,3071.7067,0,0,0.0014583527045657562
W01,3072.7067,0,0,0.0014583527045657562
W01,3073.7067,0,0,0.0014583527045657562
W01,3074.7067,0,0,0.0014583527045657562
W01,3075.7067,0,0,0.0014583527045657562
W01,3076.7067,0,0,0.0014583527045657562
W01,3077.7067,0,0,0.024115586916269863
W01,3078.7067,0,0,0.024115586916269863
W01,3079.7067,0,0,0.024115586916269863
W01,3080.7067,0,0,0.024115586916269863
W01,3081.7067,0,0,0.024115586916269863
W01,3082.7067,0,0,0.00030816370276913024
W01,3083.7067,0,0,0.00030816370276913024
W01,3084.7067,0,0,0.00030816370276913024
W01,3085.7067,0,0,0.00030816370276913024
W01,3086.7067,0,0,0.00030816370276913024
W01,3087.7067,0,0,0.0021271405694967154
W01,3088.7067,0,0,0.0021271405694967154
W01,3089.7067,0,0,0.0021271405694967154
W01,3090.7067,0,0,0.0021271405694967154
W01,3091.7067,0,0,0.0021271405694967154
W01,3092.7067,1,1,0.6837336370432157
W01,3093.7067,1,1,0.6837336370432157
W01,3094.7067,1,1,0.6837336370432157
W01,3095.7067,1,1,0.6837336370432157
W01,3096.7067,1,1,0.6837336370432157
W01,3097.7067,1,1,0.7679790936725495
W01,3098.7067,1,1,0.7679790936725495
W01,3099.7067,1,1,0.7679790936725495
W01,3100.7067,1,1,0.7679790936725495
W01,3101.7067,1,1,0.7679790936725495
W01,3102.7067,0,0,0.005534394219802849
W01,3103.7067,0,0,0.005534394219802849
W01,3104.7067,0,0,0.005534394219802849
W01,3105.7067,0,0,0.005534394219802849
W01,3106.7067,0,0,0.005534394219802849
W01,3107.7067,0,0,0.005534394219802849
W01,3108.7067,0,0,0.013081001280680885
W01,3109.7067,0,0,0.013081001280680885
W01,3110.7067,0,0,0.013081001280680885
W01,3111.7067,0,0,0.013081001280680885
W01,3112.7067,0,0,0.013081001280680885
W02,2272.4278,0,0,0.30586816199048505
W02,2273.4278,0,0,0.30586816199048505
W02,2274.4278,0,0,0.30586816199048505
W02,2275.4278,0,0,0.30586816199048505
W02,2276.4278,0,0,0.30586816199048505
W02,2277.4278,0,0,0.37879457860406596
W02,2278.4278,0,0,0.37879457860406596
W02,2279.4278,0,0,0.37879457860406596
W02,2280.4278,0,0,0.37879457860406596
W02,2281.4278,0,0,0.37879457860406596
W02,2282.4278,0,0,0.06305812182054173
W02,2283.4278,0,0,0.06305812182054173
W02,2284.4278,0,0,0.06305812182054173
W02,2285.4278,0,0,0.06305812182054173
W02,2286.4278,0,0,0.06305812182054173
W02,2287.4278,0,0,0.0339586955359441
W02,2288.4278,0,0,0.0339586955359441
W02,2289.4278,0,0,0.0339586955359441
W02,2290.4278,0,0,0.0339586955359441
W02,2291.4278,0,0,0.0339586955359441
W02,2292.4278,0,0,0.020224842800238105
W02,2293.4278,0,0,0.020224842800238105
W02,2294.4278,0,0,0.020224842800238105
W02,2295.4278,0,0,0.020224842800238105
W02,2296.4278,0,0,0.020224842800238105
W02,2297.4278,0,0,0.0635287081053597
W02,2298.4278,0,0,0.0635287081053597
W02,2299.4278,0,0,0.0635287081053597
W02,2300.4278,0,0,0.0635287081053597
W02,2301.4278,0,0,0.0635287081053597
W02,2302.4278,0,0,0.019315761388276016
W02,2303.4278,0,0,0.019315761388276016
W02,2304.4278,0,0,0.019315761388276016
W02,2305.4278,0,0,0.019315761388276016
W02,2306.4278,0,0,0.019315761388276016
W02,2307.4278,0,0,0.024136866355297482
W02,2308.4278,0,0,0.024136866355297482
W02,2309.4278,0,0,0.024136866355297482
W02,2310.4278,0,0,0.024136866355297482
W02,2311.4278,0,0,0.024136866355297482
W02,2312.4278,0,0,0.00922409335201165
W02,2313.4278,0,0,0.00922409335201165
W02,2314.4278,0,0,0.00922409335201165
W02,2315.4278,0,0,0.00922409335201165
W02,2316.4278,0,0,0.00922409335201165
W02,2317.4278,0,0,0.025285425115547662
W02,2318.4278,0,0,0.025285425115547662
W02,2319.4278,0,0,0.025285425115547662
W02,2320.4278,0,0,0.025285425115547662
W02,2321.4278,0,0,0.025285425115547662
W02,2322.4278,0,0,0.01740605891805125
W02,2323.4278,0,0,0.01740605891805125
W02,2324.4278,0,0,0.01740605891805125
W02,2325.4278,0,0,0.01740605891805125
W02,2326.4278,0,0,0.01740605891805125
W02,2327.4278,0,0,0.010964825895833695
W02,2328.4278,0,0,0.010964825895833695
W02,2329.4278,0,0,0.010964825895833695
W02,2330.4278,0,0,0.010964825895833695
W02,2331.4278,0,0,0.010964825895833695
W02,2332.4278,0,0,0.014149361591123604
W02,2333.4278,0,0,0.014149361591123604
W02,2334.4278,0,0,0.014149361591123604
W02,2335.4278,0,0,0.014149361591123604
W02,2336.4278,0,0,0.014149361591123604
W02,2337.4278,0,0,0.012111616981907292
W02,2338.4278,0,0,0.012111616981907292
W02,2339.4278,0,0,0.012111616981907292
W02,2340.4278,0,0,0.012111616981907292
W02,2341.4278,0,0,0.012111616981907292
W02,2342.4278,0,0,0.018113556575542863
W02,2343.4278,0,0,0.018113556575542863
W02,2344.4278,0,0,0.018113556575542863
W02,2345.4278,0,0,0.018113556575542863
W02,2346.4278,0,0,0.018113556575542863
W02,2347.4278,0,0,0.03143438232862069
W02,2348.4278,0,0,0.03143438232862069
W02,2349.4278,0,0,0.03143438232862069
W02,2350.4278,0,0,0.03143438232862069
W02,2351.4278,0,0,0.03143438232862069
W02,2352.4278,0,0,0.0814023328514521
W02,2353.4278,0,0,0.0814023328514521
W02,2354.4278,0,0,0.0814023328514521
W02,2355.4278,0,0,0.0814023328514521
W02,2356.4278,0,0,0.0814023328514521
W02,2357.4278,0,0,0.05403923236505027
W02,2358.4278,0,0,0.05403923236505027
W02,2359.4278,0,0,0.05403923236505027
W02,2360.4278,0,0,0.05403923236505027
W02,2361.4278,0,0,0.05403923236505027
W02,2362.4278,0,0,0.007489534468599986
W02,2363.4278,0,0,0.007489534468599986
W02,2364.4278,0,0,0.007489534468599986
W02,2365.4278,0,0,0.007489534468599986
W02,2366.4278,0,0,0.007489534468599986
W02,2367.4278,0,0,0.04127854207988282
W02,2368.4278,0,0,0.04127854207988282
W02,2369.4278,0,0,0.04127854207988282
W02,2370.4278,0,0,0.04127854207988282
W02,2371.4278,0,0,0.04127854207988282
W02,2372.4278,0,0,0.010064074592413829
W02,2373.4278,0,0,0.010064074592413829
W02,2374.4278,0,0,0.010064074592413829
W02,2375.4278,0,0,0.010064074592413829
W02,2376.4278,0,0,0.010064074592413829
W02,2377.4278,0,0,0.0029767297670666624
W02,2378.4278,0,0,0.0029767297670666624
W02,2379.4278,0,0,0.0029767297670666624
W02,2380.4278,0,0,0.0029767297670666624
W02,2381.4278,0,0,0.0029767297670666624
W02,2382.4278,0,0,0.01783112685077532
W02,2383.4278,0,0,0.01783112685077532
W02,2384.4278,0,0,0.01783112685077532
W02,2385.4278,0,0,0.01783112685077532
W02,2386.4278,0,0,0.01783112685077532
W02,2387.4278,0,0,0.030110244271439046
W02,2388.4278,0,0,0.030110244271439046
W02,2389.4278,0,0,0.030110244271439046
W02,2390.4278,0,0,0.030110244271439046
W02,2391.4278,0,0,0.030110244271439046
W02,2392.4278,0,0,0.1669854320736718
W02,2393.4278,0,0,0.1669854320736718
W02,2394.4278,0,0,0.1669854320736718
W02,2395.4278,0,0,0.1669854320736718
W02,2396.4278,0,0,0.1669854320736718
W02,2397.4278,0,0,0.03442897955260275
W02,2398.4278,0,0,0.03442897955260275
W02,2399.4278,0,0,0.03442897955260275
W02,2400.4278,0,0,0.03442897955260275
W02,2401.4278,0,0,0.03442897955260275
W02,2402.4278,0,0,0.02488421732998697
W02,2403.4278,0,0,0.02488421732998697
W02,2404.4278,0,0,0.02488421732998697
W02,2405.4278,0,0,0.02488421732998697
W02,2406.4278,0,0,0.02488421732998697
W02,2407.4278,0,0,0.13853774880856892
W02,2408.4278,0,0,0.13853774880856892
W02,2409.4278,0,0,0.13853774880856892
W02,2410.4278,0,0,0.13853774880856892
W02,2411.4278,0,0,0.13853774880856892
W02,2412.4278,0,0,0.10498225148469251
W02,2413.4278,0,0,0.10498225148469251
W02,2414.4278,0,0,0.10498225148469251
W02,2415.4278,0,0,0.10498225148469251
W02,2416.4278,1,1,0.9619694071625623
W02,2417.4278,1,1,0.9619694071625623
W02,2418.4278,1,1,0.9619694071625623
W02,2419.4278,1,1,0.9619694071625623
W02,2420.4278,1,1,0.9619694071625623
W02,2421.4278,1,1,0.9998725139526877
W02,2422.4278,1,1,0.9998725139526877
W02,2423.4278,1,1,0.9999120034133369
W02,2424.4278,1,1,0.9999120034133369
W02,2425.4278,1,1,0.9999120034133369
W02,2426.4278,1,1,0.9999120034133369
W02,2427.4278,1,1,0.9999120034133369
W02,2428.4278,1,1,0.9998957023540267
W02,2429.4278,1,1,0.9998957023540267
W02,2430.4278,1,1,0.9998957023540267
W02,2431.4278,1,1,0.9998957023540267
W02,2432.4278,1,1,0.9998957023540267
W02,2433.4278,1,1,0.9997897641926077
W02,2434.4278,1,1,0.9997897641926077
W02,2435.4278,1,1,0.9997897641926077
W02,2436.4278,1,1,0.9997897641926077
W02,2437.4278,1,1,0.9997897641926077
W02,2438.4278,1,1,0.9998909534539061
W02,2439.4278,1,1,0.9998909534539061
W02,2440.4278,1,1,0.9998909534539061
W02,2441.4278,1,1,0.9998909534539061
W02,2442.4278,1,1,0.9998909534539061
W02,2443.4278,1,1,0.9992883692313334
W02,2444.4278,1,1,0.9992883692313334
W02,2445.4278,1,1,0.9992883692313334
W02,2446.4278,1,1,0.9992883692313334
W02,2447.4278,1,1,0.9992883692313334
W02,2448.4278,1,1,0.9558414883670179
W02,2449.4278,1,1,0.9558414883670179
W02,2450.4278,1,1,0.9558414883670179
W02,2451.4278,1,1,0.9558414883670179
W02,2452.4278,1,1,0.9558414883670179
W02,2453.4278,1,1,0.7686392177775992
W02,2454.4278,1,1,0.7686392177775992
W02,2455.4278,1,1,0.7686392177775992
W02,2456.4278,1,1,0.7686392177775992
W02,2457.4278,1,1,0.7686392177775992
W02,2458.4278,1,1,0.9026768740820995
W02,2459.4278,1,1,0.9026768740820995
W02,2460.4278,1,1,0.9026768740820995
W02,2461.4278,1,1,0.9026768740820995
W02,2462.4278,1,1,0.9026768740820995
W02,2463.4278,1,1,0.8587257229763141
W02,2464.4278,1,1,0.8587257229763141
W02,2465.4278,1,1,0.8587257229763141
W02,2466.4278,1,1,0.8587257229763141
W02,2467.4278,1,1,0.8587257229763141
W02,2468.4278,1,1,0.8492151936972174
W02,2469.4278,1,1,0.8492151936972174
W02,2470.4278,1,1,0.8492151936972174
W02,2471.4278,1,1,0.8492151936972174
W02,2472.4278,1,1,0.8492151936972174
W02,2473.4278,1,1,0.713857963074806
W02,2474.4278,1,1,0.713857963074806
W02,2475.4278,1,1,0.713857963074806
W02,2476.4278,1,1,0.713857963074806
W02,2477.4278,1,1,0.713857963074806
W02,2478.4278,0,0,0.42538520402797964
W02,2479.4278,0,0,0.42538520402797964
W02,2480.4278,0,0,0.42538520402797964
W02,2481.4278,0,0,0.42538520402797964
W02,2482.4278,0,0,0.42538520402797964
W02,2483.4278,0,0,0.20510749100706518
W02,2484.4278,0,0,0.20510749100706518
W02,2485.4278,0,0,0.20510749100706518
W02,2486.4278,0,0,0.20510749100706518
W02,2487.4278,0,0,0.20510749100706518
W02,2488.4278,0,0,0.21226355468026162
W02,2489.4278,0,0,0.21226355468026162
W02,2490.4278,0,0,0.21226355468026162
W02,2491.4278,0,0,0.21226355468026162
W02,2492.4278,0,0,0.21226355468026162
W02,2493.4278,0,1,0.5832989602656158
W02,2494.4278,0,1,0.5832989602656158
W02,2495.4278,0,1,0.5832989602656158
W02,2496.4278,0,1,0.5832989602656158
W02,2497.4278,0,1,0.5832989602656158
W02,2498.4278,1,1,0.9448823061781748
W02,2499.4278,1,1,0.9448823061781748
W02,2500.4278,1,1,0.9448823061781748
W02,2501.4278,1,1,0.9448823061781748
W02,2502.4278,1,1,0.9448823061781748
W02,2503.4278,1,0,0.43901124735061586
W02,2504.4278,1,0,0.43901124735061586
W02,2505.4278,1,0,0.43901124735061586
W02,2506.4278,1,0,0.43901124735061586
W02,2507.4278,1,0,0.43901124735061586
W02,2508.4278,0,0,0.18704000150959932
W02,2509.4278,0,0,0.18704000150959932
W02,2510.4278,0,0,0.18704000150959932
W02,2511.4278,0,0,0.18704000150959932
W02,2512.4278,0,0,0.18704000150959932
W02,2513.4278,1,1,0.9998203847766624
W02,2514.4278,1,1,0.9998203847766624
W02,2515.4278,1,1,0.9998203847766624
W02,2516.4278,1,1,0.9998203847766624
W02,2517.4278,1,1,0.9998203847766624
W02,2518.4278,1,1,0.9155481933120476
W02,2519.4278,1,1,0.9155481933120476
W02,2520.4278,1,1,0.9155481933120476
W02,2521.4278,1,1,0.9155481933120476
W02,2522.4278,1,1,0.9155481933120476
W02,2523.4278,1,1,0.8504451151145496
W02,2524.4278,1,1,0.8504451151145496
W02,2525.4278,1,1,0.8504451151145496
W02,2526.4278,1,1,0.8504451151145496
W02,2527.4278,1,1,0.8504451151145496
W02,2528.4278,0,0,0.33727459712571767
W02,2529.4278,0,0,0.33727459712571767
W02,2530.4278,0,0,0.33727459712571767
W02,2531.4278,0,0,0.33727459712571767
W02,2532.4278,0,0,0.33727459712571767
W02,2533.4278,0,0,0.4661569709022045
W02,2534.4278,0,0,0.4661569709022045
W02,2535.4278,0,0,0.4661569709022045
W02,2536.4278,0,0,0.4661569709022045
W02,2537.4278,0,0,0.4661569709022045
W02,2538.4278,0,0,0.31239480178365886
W02,2539.4278,0,0,0.31239480178365886
W02,2540.4278,0,0,0.31239480178365886
W02,2541.4278,0,0,0.31239480178365886
W02,2542.4278,0,0,0.31239480178365886
W02,2543.4278,1,1,0.9964687265361033
W02,2544.4278,1,1,0.9964687265361033
W02,2545.4278,1,1,0.9964687265361033
W02,2546.4278,1,1,0.9964687265361033
W02,2547.4278,1,1,0.9964687265361033
W02,2548.4278,1,1,0.7721984878020194
W02,2549.4278,1,1,0.7721984878020194
W02,2550.4278,1,1,0.7721984878020194
W02,2551.4278,1,1,0.7721984878020194
W02,2552.4278,1,1,0.7721984878020194
W02,2553.4278,0,0,0.3729511194473697
W02,2554.4278,0,0,0.3729511194473697
W02,2555.4278,0,0,0.3729511194473697
W02,2556.4278,0,0,0.3729511194473697
W02,2557.4278,0,0,0.406530248494811
W02,2558.4278,0,0,0.406530248494811
W02,2559.4278,0,0,0.406530248494811
W02,2560.4278,0,0,0.406530248494811
W02,2561.4278,0,0,0.406530248494811
W02,2562.4278,1,1,0.6413140123133135
W02,2563.4278,1,1,0.6413140123133135
W02,2564.4278,1,1,0.6413140123133135
W02,2565.4278,1,1,0.6413140123133135
W02,2566.4278,1,1,0.6413140123133135
W02,2567.4278,1,1,0.5907563975506686
W02,2568.4278,1,1,0.5907563975506686
W02,2569.4278,1,1,0.5907563975506686
W02,2570.4278,1,1,0.5907563975506686
W02,2571.4278,1,1,0.5907563975506686
W02,2572.4278,0,0,0.11320543939284573
W02,2573.4278,0,0,0.11320543939284573
W02,2574.4278,0,0,0.11320543939284573
W02,2575.4278,0,0,0.11320543939284573
W02,2576.4278,0,0,0.11320543939284573
W02,2577.4278,0,0,0.13683125062893972
W02,2578.4278,0,0,0.13683125062893972
W02,2579.4278,0,0,0.13683125062893972
W02,2580.4278,0,0,0.13683125062893972
W02,2581.4278,0,0,0.13683125062893972
W02,2582.4278,1,1,0.9736030230461742
W02,2583.4278,1,1,0.9736030230461742
W02,2584.4278,1,1,0.9736030230461742
W02,2585.4278,1,1,0.9736030230461742
W02,2586.4278,1,1,0.9736030230461742
W02,2587.4278,1,1,0.9394732344467356
W02,2588.4278,1,1,0.9394732344467356
W02,2589.4278,1,1,0.9394732344467356
W02,2590.4278,1,1,0.9394732344467356
W02,2591.4278,1,1,0.9394732344467356
W02,2592.4278,1,1,0.9771431756769966
W02,2593.4278,1,1,0.9771431756769966
W02,2594.4278,1,1,0.9771431756769966
W02,2595.4278,1,1,0.9771431756769966
W02,2596.4278,1,1,0.9771431756769966
W02,2597.4278,1,1,0.5339133398226826
W02,2598.4278,1,1,0.5339133398226826
W02,2599.4278,1,1,0.5339133398226826
W02,2600.4278,1,1,0.5339133398226826
W02,2601.4278,1,1,0.5339133398226826
W02,2602.4278,1,1,0.7529642818564154
W02,2603.4278,1,1,0.7529642818564154
W02,2604.4278,1,1,0.7529642818564154
W02,2605.4278,1,1,0.7529642818564154
W02,2606.4278,1,1,0.7529642818564154
W02,2607.4278,0,0,0.3770245322607285
W02,2608.4278,0,0,0.3770245322607285
W02,2609.4278,0,0,0.3770245322607285
W02,2610.4278,0,0,0.3770245322607285
W02,2611.4278,0,0,0.3770245322607285
W02,2612.4278,0,0,0.3405031159539882
W02,2613.4278,0,0,0.3405031159539882
W02,2614.4278,0,0,0.3405031159539882
W02,2615.4278,0,0,0.3405031159539882
W02,2616.4278,0,0,0.3405031159539882
W02,2617.4278,1,1,0.729950304623661
W02,2618.4278,1,1,0.729950304623661
W02,2619.4278,1,1,0.729950304623661
W02,2620.4278,1,1,0.729950304623661
W02,2621.4278,1,1,0.729950304623661
W02,2622.4278,0,0,0.28319342635688255
W02,2623.4278,0,0,0.28319342635688255
W02,2624.4278,0,0,0.28319342635688255
W02,2625.4278,0,0,0.28319342635688255
W02,2626.4278,0,0,0.28319342635688255
W02,2627.4278,1,1,0.9998405628011623
W02,2628.4278,1,1,0.9998405628011623
W02,2629.4278,1,1,0.9998405628011623
W02,2630.4278,1,1,0.9998405628011623
W02,2631.4278,1,1,0.9998405628011623
W02,2632.4278,1,1,0.967218692998443
W02,2633.4278,1,1,0.967218692998443
W02,2634.4278,1,1,0.967218692998443
W02,2635.4278,1,1,0.967218692998443
W02,2636.4278,1,1,0.967218692998443
W02,2637.4278,1,1,0.9083952584655776
W02,2638.4278,1,1,0.9083952584655776
W02,2639.4278,1,1,0.9083952584655776
W02,2640.4278,1,1,0.9083952584655776
W02,2641.4278,1,1,0.9083952584655776
W02,2642.4278,1,1,0.99661987943921
W02,2643.4278,1,1,0.99661987943921
W02,2644.4278,1,1,0.99661987943921
W02,2645.4278,1,1,0.99661987943921
W02,2646.4278,1,1,0.99661987943921
W02,2647.4278,1,1,0.9999779099143636
W02,2648.4278,1,1,0.9999779099143636
W02,2649.4278,1,1,0.9999779099143636
W02,2650.4278,1,1,0.9999779099143636
W02,2651.4278,1,1,0.9999779099143636
W02,2652.4278,1,1,0.9993586018173267
W02,2653.4278,1,1,0.9993586018173267
W02,2654.4278,1,1,0.9993586018173267
W02,2655.4278,1,1,0.9993586018173267
W02,2656.4278,1,1,0.9993586018173267
W02,2657.4278,1,1,0.9730506399042799
W02,2658.4278,1,1,0.9730506399042799
W02,2659.4278,1,1,0.9730506399042799
W02,2660.4278,1,1,0.9730506399042799
W02,2661.4278,1,1,0.9730506399042799
W02,2662.4278,0,0,0.48633368113094144
W02,2663.4278,0,0,0.48633368113094144
W02,2664.4278,0,0,0.48633368113094144
W02,2665.4278,0,0,0.48633368113094144
W02,2666.4278,0,0,0.48633368113094144
W02,2667.4278,0,0,0.34283030640135637
W02,2668.4278,0,0,0.34283030640135637
W02,2669.4278,0,0,0.34283030640135637
W02,2670.4278,0,0,0.34283030640135637
W02,2671.4278,0,0,0.34283030640135637
W02,2672.4278,1,1,0.9992286598730502
W02,2673.4278,1,1,0.9992286598730502
W02,2674.4278,1,1,0.9992286598730502
W02,2675.4278,1,1,0.9992286598730502
W02,2676.4278,1,1,0.9992286598730502
W02,2677.4278,1,1,0.996616703337979
W02,2678.4278,1,1,0.996616703337979
W02,2679.4278,1,1,0.996616703337979
W02,2680.4278,1,1,0.996616703337979
W02,2681.4278,1,1,0.996616703337979
W02,2682.4278,1,1,0.9988969299718531
W02,2683.4278,1,1,0.9988969299718531
W02,2684.4278,1,1,0.9988969299718531
W02,2685.4278,1,1,0.9988969299718531
W02,2686.4278,1,1,0.9988969299718531
W02,2687.4278,1,1,0.9989856735660129
W02,2688.4278,1,1,0.9989856735660129
W02,2689.4278,1,1,0.9989856735660129
W02,2690.4278,1,1,0.9989856735660129
W02,2691.4278,1,1,0.9989856735660129
W02,2692.4278,1,1,0.9998430220768387
W02,2693.4278,1,1,0.9998430220768387
W02,2694.4278,1,1,0.9998430220768387
W02,2695.4278,1,1,0.9998430220768387
W02,2696.4278,1,1,0.9511204096223418
W02,2697.4278,1,1,0.9511204096223418
W02,2698.4278,1,1,0.9511204096223418
W02,2699.4278,1,1,0.9511204096223418
W02,2700.4278,1,1,0.9511204096223418
W02,2701.4278,1,1,0.9940726957281503
W02,2702.4278,1,1,0.9940726957281503
W02,2703.4278,1,1,0.9940726957281503
W02,2704.4278,1,1,0.9940726957281503
W02,2705.4278,1,1,0.9940726957281503
W02,2706.4278,1,1,0.814559191960504
W02,2707.4278,1,1,0.814559191960504
W02,2708.4278,1,1,0.814559191960504
W02,2709.4278,1,1,0.814559191960504
W02,2710.4278,1,1,0.814559191960504
W02,2711.4278,0,0,0.324550788997464
W02,2712.4278,0,0,0.324550788997464
W02,2713.4278,0,0,0.324550788997464
W02,2714.4278,0,0,0.324550788997464
W02,2715.4278,0,0,0.324550788997464
W02,2716.4278,0,0,0.1856805433621937
W02,2717.4278,0,0,0.1856805433621937
W02,2718.4278,0,0,0.1856805433621937
W02,2719.4278,0,0,0.1856805433621937
W02,2720.4278,0,0,0.1856805433621937
W02,2721.4278,1,1,0.9812212294327101
W02,2722.4278,1,1,0.9812212294327101
W02,2723.4278,1,1,0.9812212294327101
W02,2724.4278,1,1,0.9812212294327101
W02,2725.4278,1,1,0.9812212294327101
W02,2726.4278,1,1,0.9998893822284913
W02,2727.4278,1,1,0.9998893822284913
W02,2728.4278,1,1,0.9998893822284913
W02,2729.4278,1,1,0.9998893822284913
W02,2730.4278,1,1,0.9998893822284913
W02,2731.4278,1,1,0.8889001884907201
W02,2732.4278,1,1,0.8889001884907201
W02,2733.4278,1,1,0.8889001884907201
W02,2734.4278,1,1,0.8889001884907201
W02,2735.4278,1,1,0.8889001884907201
W02,2736.4278,0,1,0.7876738467954033
W02,2737.4278,0,1,0.7876738467954033
W02,2738.4278,0,1,0.7876738467954033
W02,2739.4278,0,1,0.7876738467954033
W02,2740.4278,0,1,0.7876738467954033
W02,2741.4278,0,1,0.5081287466670664
W02,2742.4278,0,1,0.5081287466670664
W02,2743.4278,0,1,0.5081287466670664
W02,2744.4278,0,1,0.5081287466670664
W02,2745.4278,0,1,0.5081287466670664
W02,2746.4278,1,1,0.7969513508298606
W02,2747.4278,1,1,0.7969513508298606
W02,2748.4278,1,1,0.7969513508298606
W02,2749.4278,1,1,0.7969513508298606
W02,2750.4278,1,1,0.7969513508298606
W02,2751.4278,1,1,0.9740604725274679
W02,2752.4278,1,1,0.9740604725274679
W02,2753.4278,1,1,0.9740604725274679
W02,2754.4278,1,1,0.9740604725274679
W02,2755.4278,1,1,0.9740604725274679
W02,2756.4278,0,0,0.3020843153827575
W02,2757.4278,0,0,0.3020843153827575
W02,2758.4278,0,0,0.3020843153827575
W02,2759.4278,0,0,0.3020843153827575
W02,2760.4278,0,0,0.3020843153827575
W02,2761.4278,0,0,0.15802011733577795
W02,2762.4278,0,0,0.15802011733577795
W02,2763.4278,0,0,0.15802011733577795
W02,2764.4278,0,0,0.15802011733577795
W02,2765.4278,0,0,0.15802011733577795
W02,2766.4278,0,0,0.20604020858056796
W02,2767.4278,0,0,0.20604020858056796
W02,2768.4278,0,0,0.20604020858056796
W02,2769.4278,0,0,0.20604020858056796
W02,2770.4278,0,0,0.20604020858056796
W02,2771.4278,1,1,0.5781968600371041
W02,2772.4278,1,1,0.5781968600371041
W02,2773.4278,1,1,0.5781968600371041
W02,2774.4278,1,1,0.5781968600371041
W02,2775.4278,1,1,0.5781968600371041
W02,2776.4278,0,0,0.043993674227594766
W02,2777.4278,0,0,0.043993674227594766
W02,2778.4278,0,0,0.043993674227594766
W02,2779.4278,0,0,0.043993674227594766
W02,2780.4278,0,0,0.043993674227594766
W02,2781.4278,1,0,0.42985836093519686
W02,2782.4278,1,0,0.42985836093519686
W02,2783.4278,1,0,0.42985836093519686
W02,2784.4278,1,0,0.42985836093519686
W02,2785.4278,1,1,0.9599244834624069
W02,2786.4278,1,1,0.9599244834624069
W02,2787.4278,1,1,0.9599244834624069
W02,2788.4278,1,1,0.9599244834624069
W02,2789.4278,1,1,0.9599244834624069
W02,2790.4278,1,1,0.8862864661911655
W02,2791.4278,1,1,0.8862864661911655
W02,2792.4278,1,1,0.8862864661911655
W02,2793.4278,1,1,0.8862864661911655
W02,2794.4278,1,1,0.8862864661911655
W02,2795.4278,1,1,0.5013498143023428
W02,2796.4278,1,1,0.5013498143023428
W02,2797.4278,1,1,0.5013498143023428
W02,2798.4278,1,1,0.5013498143023428
W02,2799.4278,1,1,0.5013498143023428
W02,2800.4278,1,1,0.6362665684760616
W02,2801.4278,1,1,0.6362665684760616
W02,2802.4278,1,1,0.6362665684760616
W02,2803.4278,1,1,0.6362665684760616
W02,2804.4278,1,1,0.6362665684760616
W02,2805.4278,1,1,0.9990414757441282
W02,2806.4278,1,1,0.9990414757441282
W02,2807.4278,1,1,0.9990414757441282
W02,2808.4278,1,1,0.9990414757441282
W02,2809.4278,1,1,0.9990414757441282
W02,2810.4278,1,1,0.935372169571522
W02,2811.4278,1,1,0.935372169571522
W02,2812.4278,1,1,0.935372169571522
W02,2813.4278,1,1,0.935372169571522
W02,2814.4278,1,1,0.935372169571522
W02,2815.4278,0,0,0.4976469231771222
W02,2816.4278,0,0,0.4976469231771222
W02,2817.4278,0,0,0.4976469231771222
W02,2818.4278,0,0,0.4976469231771222
W02,2819.4278,0,0,0.4976469231771222
W02,2820.4278,0,0,0.12595418375800269
W02,2821.4278,0,0,0.12595418375800269
W02,2822.4278,0,0,0.12595418375800269
W02,2823.4278,0,0,0.12595418375800269
W02,2824.4278,0,0,0.12595418375800269
W02,2825.4278,0,0,0.058606426256680055
W02,2826.4278,0,0,0.058606426256680055
W02,2827.4278,0,0,0.058606426256680055
W02,2828.4278,0,0,0.058606426256680055
W02,2829.4278,0,0,0.058606426256680055
W02,2830.4278,0,0,0.34636217272282277
W02,2831.4278,0,0,0.34636217272282277
W02,2832.4278,0,0,0.34636217272282277
W02,2833.4278,0,0,0.34636217272282277
W02,2834.4278,0,0,0.34636217272282277
W02,2835.4278,1,1,0.9167530864349553
W02,2836.4278,1,1,0.9167530864349553
W02,2837.4278,1,1,0.9167530864349553
W02,2838.4278,1,1,0.9167530864349553
W02,2839.4278,1,1,0.9167530864349553
W02,2840.4278,1,1,0.9987002510515715
W02,2841.4278,1,1,0.9987002510515715
W02,2842.4278,1,1,0.9987002510515715
W02,2843.4278,1,1,0.9987002510515715
W02,2844.4278,1,1,0.9987002510515715
W02,2845.4278,1,1,0.9728350392396585
W02,2846.4278,1,1,0.9728350392396585
W02,2847.4278,1,1,0.9728350392396585
W02,2848.4278,1,1,0.9728350392396585
W02,2849.4278,1,1,0.9728350392396585
W02,2850.4278,0,0,0.09331076027199442
W02,2851.4278,0,0,0.09331076027199442
W02,2852.4278,0,0,0.09331076027199442
W02,2853.4278,0,0,0.09331076027199442
W02,2854.4278,0,0,0.09331076027199442
W02,2855.4278,0,0,0.20739863923070595
W02,2856.4278,0,0,0.20739863923070595
W02,2857.4278,0,0,0.20739863923070595
W02,2858.4278,0,0,0.20739863923070595
W02,2859.4278,0,0,0.20739863923070595
W02,2860.4278,1,1,0.9717366076499088
W02,2861.4278,1,1,0.9717366076499088
W02,2862.4278,1,1,0.9717366076499088
W02,2863.4278,1,1,0.9717366076499088
W02,2864.4278,1,1,0.9717366076499088
W02,2865.4278,1,1,0.8838066313804293
W02,2866.4278,1,1,0.8838066313804293
W02,2867.4278,1,1,0.8838066313804293
W02,2868.4278,1,1,0.8838066313804293
W02,2869.4278,1,1,0.8838066313804293
W02,2870.4278,1,1,0.9931322106539495
W02,2871.4278,1,1,0.9931322106539495
W02,2872.4278,1,1,0.9931322106539495
W02,2873.4278,1,1,0.9931322106539495
W02,2874.4278,1,1,0.9705660276176531
W02,2875.4278,1,1,0.9705660276176531
W02,2876.4278,1,1,0.9705660276176531
W02,2877.4278,1,1,0.9705660276176531
W02,2878.4278,1,1,0.9705660276176531
W02,2879.4278,1,1,0.853228030632804
W02,2880.4278,1,1,0.853228030632804
W02,2881.4278,1,1,0.853228030632804
W02,2882.4278,1,1,0.853228030632804
W02,2883.4278,1,1,0.853228030632804
W02,2884.4278,0,0,0.12454838462847025
W02,2885.4278,0,0,0.12454838462847025
W02,2886.4278,0,0,0.12454838462847025
W02,2887.4278,0,0,0.12454838462847025
W02,2888.4278,0,0,0.12454838462847025
W02,2889.4278,0,0,0.18344107441266544
W02,2890.4278,0,0,0.18344107441266544
W02,2891.4278,0,0,0.18344107441266544
W02,2892.4278,0,0,0.18344107441266544
W02,2893.4278,0,0,0.18344107441266544
W02,2894.4278,0,0,0.20719522437400445
W02,2895.4278,0,0,0.20719522437400445
W02,2896.4278,0,0,0.20719522437400445
W02,2897.4278,0,0,0.20719522437400445
W02,2898.4278,0,0,0.20719522437400445
W02,2899.4278,1,1,0.9200036688509173
W02,2900.4278,1,1,0.9200036688509173
W02,2901.4278,1,1,0.9200036688509173
W02,2902.4278,1,1,0.9200036688509173
W02,2903.4278,1,1,0.9200036688509173
W02,2904.4278,1,1,0.9356137428215993
W02,2905.4278,1,1,0.9356137428215993
W02,2906.4278,1,1,0.9356137428215993
W02,2907.4278,1,1,0.9356137428215993
W02,2908.4278,1,1,0.9356137428215993
W02,2909.4278,0,0,0.2283247225427866
W02,2910.4278,0,0,0.2283247225427866
W02,2911.4278,0,0,0.2283247225427866
W02,2912.4278,0,0,0.2283247225427866
W02,2913.4278,0,0,0.2283247225427866
W02,2914.4278,0,0,0.19435691917279022
W02,2915.4278,0,0,0.19435691917279022
W02,2916.4278,0,0,0.19435691917279022
W02,2917.4278,0,0,0.19435691917279022
W02,2918.4278,0,0,0.19435691917279022
W02,2919.4278,1,1,0.9143481329561458
W02,2920.4278,1,1,0.9143481329561458
W02,2921.4278,1,1,0.9143481329561458
W02,2922.4278,1,1,0.9143481329561458
W02,2923.4278,1,1,0.9143481329561458
W02,2924.4278,1,1,0.8634767859878644
W02,2925.4278,1,1,0.8634767859878644
W02,2926.4278,1,1,0.8634767859878644
W02,2927.4278,1,1,0.8634767859878644
W02,2928.4278,1,1,0.8634767859878644
W02,2929.4278,0,0,0.07638196406673418
W02,2930.4278,0,0,0.07638196406673418
W02,2931.4278,0,0,0.07638196406673418
W02,2932.4278,0,0,0.07638196406673418
W02,2933.4278,0,0,0.07638196406673418
W02,2934.4278,0,0,0.22840054045217206
W02,2935.4278,0,0,0.22840054045217206
W02,2936.4278,0,0,0.22840054045217206
W02,2937.4278,0,0,0.22840054045217206
W02,2938.4278,0,0,0.22840054045217206
W02,2939.4278,0,0,0.4966621409643663
W02,2940.4278,0,0,0.4966621409643663
W02,2941.4278,1,1,0.9694987274384038
W02,2942.4278,1,1,0.9694987274384038
W02,2943.4278,1,1,0.9694987274384038
W02,2944.4278,1,1,0.9694987274384038
W02,2945.4278,1,1,0.9694987274384038
W02,2946.4278,1,1,0.9029357234906953
W02,2947.4278,1,1,0.9029357234906953
W02,2948.4278,1,1,0.9029357234906953
W02,2949.4278,1,1,0.9029357234906953
W02,2950.4278,1,1,0.9029357234906953
W02,2951.4278,0,0,0.4693128394844076
W02,2952.4278,0,0,0.4693128394844076
W02,2953.4278,0,0,0.4693128394844076
W02,2954.4278,0,0,0.4693128394844076
W02,2955.4278,0,0,0.4693128394844076
W02,2956.4278,1,1,0.755831216793161
W02,2957.4278,1,1,0.755831216793161
W02,2958.4278,1,1,0.755831216793161
W02,2959.4278,1,1,0.755831216793161
W02,2960.4278,1,1,0.755831216793161
W02,2961.4278,0,0,0.406756427504535
W02,2962.4278,0,0,0.406756427504535
W02,2963.4278,0,0,0.406756427504535
W02,2964.4278,0,0,0.406756427504535
W02,2965.4278,0,0,0.406756427504535
W02,2966.4278,1,1,0.6683695350726409
W02,2967.4278,1,1,0.6683695350726409
W02,2968.4278,1,1,0.6683695350726409
W02,2969.4278,1,1,0.6683695350726409
W02,2970.4278,1,1,0.6683695350726409
W02,2971.4278,1,1,0.6303633384038126
W02,2972.4278,1,1,0.6303633384038126
W02,2973.4278,1,1,0.6303633384038126
W02,2974.4278,1,1,0.6303633384038126
W02,2975.4278,1,1,0.6303633384038126
W02,2976.4278,1,1,0.9757639419042665
W02,2977.4278,1,1,0.9757639419042665
W02,2978.4278,1,1,0.9757639419042665
W02,2979.4278,1,1,0.9757639419042665
W02,2980.4278,1,1,0.9757639419042665
W02,2981.4278,1,1,0.9692348374201532
W02,2982.4278,1,1,0.9692348374201532
W02,2983.4278,1,1,0.9692348374201532
W02,2984.4278,1,1,0.9692348374201532
W02,2985.4278,1,1,0.9692348374201532
W02,2986.4278,0,0,0.4837317285704116
W02,2987.4278,0,0,0.4837317285704116
W02,2988.4278,0,0,0.4837317285704116
W02,2989.4278,0,0,0.4837317285704116
W02,2990.4278,0,0,0.4837317285704116
W02,2991.4278,1,1,0.5132286415287624
W02,2992.4278,1,1,0.5132286415287624
W02,2993.4278,1,1,0.5132286415287624
W02,2994.4278,1,1,0.5132286415287624
W02,2995.4278,1,1,0.5132286415287624
W02,2996.4278,0,0,0.291335651127128
W02,2997.4278,0,0,0.291335651127128
W02,2998.4278,0,0,0.291335651127128
W02,2999.4278,0,0,0.291335651127128
W02,3000.4278,0,0,0.291335651127128
W02,3001.4278,1,1,0.8571814933184473
W02,3002.4278,1,1,0.8571814933184473
W02,3003.4278,1,1,0.8571814933184473
W02,3004.4278,1,1,0.8571814933184473
W02,3005.4278,1,1,0.8571814933184473
W02,3006.4278,1,1,0.9495746828889283
W02,3007.4278,1,1,0.9495746828889283
W02,3008.4278,1,1,0.9495746828889283
W02,3009.4278,1,1,0.9495746828889283
W02,3010.4278,1,1,0.9495746828889283
W02,3011.4278,0,0,0.4973135022400132
W02,3012.4278,0,0,0.4973135022400132
W02,3013.4278,0,0,0.4973135022400132
W02,3014.4278,0,0,0.4973135022400132
W02,3015.4278,0,0,0.4973135022400132
W02,3016.4278,1,1,0.6805203598321866
W02,3017.4278,1,1,0.6805203598321866
W02,3018.4278,1,1,0.6805203598321866
W02,3019.4278,1,1,0.6805203598321866
W02,3020.4278,1,1,0.6805203598321866
W02,3021.4278,0,0,0.011212712095419623
W02,3022.4278,0,0,0.011212712095419623
W02,3023.4278,0,0,0.011212712095419623
W02,3024.4278,0,0,0.011212712095419623
W02,3025.4278,0,0,0.011212712095419623
W02,3026.4278,0,0,0.07050327860369943
W02,3027.4278,0,0,0.07050327860369943
W02,3028.4278,0,0,0.07050327860369943
W02,3029.4278,0,0,0.07050327860369943
W02,3030.4278,0,0,0.07050327860369943
W02,3031.4278,0,0,0.11551285813182664
W02,3032.4278,0,0,0.11551285813182664
W02,3033.4278,0,0,0.06000003383413903
W02,3034.4278,0,0,0.06000003383413903
W02,3035.4278,0,0,0.06000003383413903
W02,3036.4278,0,0,0.06000003383413903
W02,3037.4278,0,0,0.06000003383413903
W02,3038.4278,0,0,0.1653185465851746
W02,3039.4278,0,0,0.1653185465851746
W02,3040.4278,0,0,0.1653185465851746
W02,3041.4278,0,0,0.1653185465851746
W02,3042.4278,0,0,0.1653185465851746
W02,3043.4278,0,0,0.1860829966553225
W02,3044.4278,0,0,0.1860829966553225
W02,3045.4278,0,0,0.1860829966553225
W02,3046.4278,0,0,0.1860829966553225
W02,3047.4278,0,0,0.1860829966553225
W02,3048.4278,0,0,0.013124555623910666
W02,3049.4278,0,0,0.013124555623910666
W02,3050.4278,0,0,0.013124555623910666
W02,3051.4278,0,0,0.013124555623910666
W02,3052.4278,0,0,0.013124555623910666
W02,3053.4278,0,0,0.03432843259730522
W02,3054.4278,0,0,0.03432843259730522
W02,3055.4278,0,0,0.03432843259730522
W02,3056.4278,0,0,0.03432843259730522
W02,3057.4278,0,0,0.03432843259730522
W02,3058.4278,0,0,0.13737263338569797
W02,3059.4278,0,0,0.13737263338569797
W02,3060.4278,0,0,0.13737263338569797
W02,3061.4278,0,0,0.13737263338569797
W02,3062.4278,0,0,0.13737263338569797
W02,3063.4278,0,0,0.19033448630421246
W02,3064.4278,0,0,0.19033448630421246
W02,3065.4278,0,0,0.19033448630421246
W02,3066.4278,0,0,0.19033448630421246
W02,3067.4278,0,0,0.19033448630421246
W02,3068.4278,0,0,0.12820772818731974
W02,3069.4278,0,0,0.12820772818731974
W02,3070.4278,0,0,0.12820772818731974
W02,3071.4278,0,0,0.12820772818731974
W02,3072.4278,0,0,0.12820772818731974
W02,3073.4278,0,0,0.11746670107990942
W02,3074.4278,0,0,0.11746670107990942
W02,3075.4278,0,0,0.11746670107990942
W02,3076.4278,0,0,0.11746670107990942
W02,3077.4278,0,0,0.11746670107990942
W02,3078.4278,0,0,0.19019006878900546
W02,3079.4278,0,0,0.19019006878900546
W02,3080.4278,0,0,0.19019006878900546
W02,3081.4278,0,0,0.19019006878900546
W02,3082.4278,0,0,0.07983044544349473
W02,3083.4278,0,0,0.07983044544349473
W02,3084.4278,0,0,0.07983044544349473
W02,3085.4278,0,0,0.07983044544349473
W02,3086.4278,0,0,0.07983044544349473
W02,3087.4278,0,0,0.04242733268862982
W02,3088.4278,0,0,0.04242733268862982
W02,3089.4278,0,0,0.04242733268862982
W02,3090.4278,0,0,0.04242733268862982
W02,3091.4278,0,0,0.04242733268862982
W02,3092.4278,0,0,0.12934475811614204
W02,3093.4278,0,0,0.12934475811614204
W02,3094.4278,0,0,0.12934475811614204
W02,3095.4278,0,0,0.12934475811614204
W02,3096.4278,0,0,0.12934475811614204
W02,3097.4278,0,0,0.23190144805459378
W02,3098.4278,0,0,0.23190144805459378
W02,3099.4278,0,0,0.23190144805459378
W02,3100.4278,0,0,0.23190144805459378
W02,3101.4278,0,0,0.23190144805459378
W02,3102.4278,0,0,0.13946882898074822
W02,3103.4278,0,0,0.13946882898074822
W02,3104.4278,0,0,0.13946882898074822
W02,3105.4278,0,0,0.13946882898074822
W02,3106.4278,0,0,0.13946882898074822
W02,3107.4278,0,0,0.18397086884566566
W02,3108.4278,0,0,0.18397086884566566
W02,3109.4278,0,0,0.18397086884566566
W02,3110.4278,0,0,0.18397086884566566
W02,3111.4278,0,0,0.18397086884566566
W02,3112.4278,0,0,0.1265849371509078
W02,3113.4278,0,0,0.1265849371509078
W02,3114.4278,0,0,0.1265849371509078
W02,3115.4278,0,0,0.1265849371509078
W02,3116.4278,0,0,0.1265849371509078
W02,3117.4278,0,0,0.11220542744790012
W02,3118.4278,0,0,0.11220542744790012
W02,3119.4278,0,0,0.11220542744790012
W02,3120.4278,0,0,0.11220542744790012
W02,3121.4278,0,0,0.11220542744790012
W02,3122.4278,0,0,0.07665015900586766
W02,3123.4278,0,0,0.07665015900586766
W02,3124.4278,0,0,0.07665015900586766
W02,3125.4278,0,0,0.07665015900586766
W02,3126.4278,0,0,0.07665015900586766
W02,3127.4278,0,0,0.10478655726463727
W02,3128.4278,0,0,0.10478655726463727
W02,3129.4278,0,0,0.10478655726463727
W02,3130.4278,0,0,0.10478655726463727
W02,3131.4278,0,0,0.10478655726463727
W02,3132.4278,0,0,0.06365877978853317
W02,3133.4278,0,0,0.06365877978853317
W02,3134.4278,0,0,0.06365877978853317
W02,3135.4278,0,0,0.06365877978853317
W02,3136.4278,0,0,0.06365877978853317
W02,3137.4278,0,0,0.05807396140018212
W02,3138.4278,0,0,0.05807396140018212
W02,3139.4278,0,0,0.05807396140018212
W02,3140.4278,0,0,0.05807396140018212
W02,3141.4278,0,0,0.05807396140018212
W02,3142.4278,0,0,0.036721349050028204
W02,3143.4278,0,0,0.036721349050028204
W02,3144.4278,0,0,0.036721349050028204
W02,3145.4278,0,0,0.036721349050028204
W02,3146.4278,0,0,0.036721349050028204
W02,3147.4278,0,0,0.24762818216952703
W02,3148.4278,0,0,0.24762818216952703
W02,3149.4278,0,0,0.24762818216952703
W02,3150.4278,0,0,0.24762818216952703
W02,3151.4278,0,0,0.24762818216952703
W02,3152.4278,0,0,0.2619360085812573
W02,3153.4278,0,0,0.2619360085812573
W02,3154.4278,0,0,0.2619360085812573
W02,3155.4278,0,0,0.09554734218012974
W02,3156.4278,0,0,0.09554734218012974
W02,3157.4278,0,0,0.09554734218012974
W02,3158.4278,0,0,0.09554734218012974
W02,3159.4278,0,0,0.09554734218012974
W02,3160.4278,0,0,0.14322461191341218
W02,3161.4278,0,0,0.14322461191341218
W02,3162.4278,0,0,0.14322461191341218
W02,3163.4278,0,0,0.14322461191341218
W02,3164.4278,0,0,0.14322461191341218
W02,3165.4278,0,0,0.2849652711800167
W02,3166.4278,0,0,0.2849652711800167
W02,3167.4278,0,0,0.2849652711800167
W02,3168.4278,0,0,0.2849652711800167
W02,3169.4278,0,0,0.2849652711800167
W02,3170.4278,0,0,0.21762321366505522
W02,3171.4278,0,0,0.21762321366505522
W02,3172.4278,0,0,0.21762321366505522
W02,3173.4278,0,0,0.21762321366505522
W02,3174.4278,0,0,0.21762321366505522
W02,3175.4278,0,0,0.102421944479689
W02,3176.4278,0,0,0.102421944479689
W02,3177.4278,0,0,0.102421944479689
W02,3178.4278,0,0,0.102421944479689
W02,3179.4278,0,0,0.102421944479689
W02,3180.4278,1,0,0.31504597597904127
W02,3181.4278,1,0,0.31504597597904127
W02,3182.4278,1,0,0.31504597597904127
W02,3183.4278,1,0,0.31504597597904127
W02,3184.4278,0,0,0.1062654595061322
W02,3185.4278,0,0,0.1062654595061322
W02,3186.4278,0,0,0.1062654595061322
W02,3187.4278,0,0,0.1062654595061322
W02,3188.4278,0,0,0.1062654595061322
W02,3189.4278,0,0,0.07020026513890604
W02,3190.4278,0,0,0.07020026513890604
W02,3191.4278,0,0,0.07020026513890604
W02,3192.4278,0,0,0.07020026513890604
W02,3193.4278,0,0,0.07020026513890604
W02,3194.4278,0,0,0.04744962744159694
W02,3195.4278,0,0,0.04744962744159694
W02,3196.4278,0,0,0.04744962744159694
W02,3197.4278,0,0,0.04744962744159694
W02,3198.4278,0,0,0.04744962744159694
W02,3199.4278,0,0,0.05599420184864407
W02,3200.4278,0,0,0.05599420184864407
W02,3201.4278,0,0,0.05599420184864407
W02,3202.4278,0,0,0.05599420184864407
W02,3203.4278,0,0,0.05599420184864407
W02,3204.4278,0,0,0.07615381126250516
W02,3205.4278,0,0,0.07615381126250516
W02,3206.4278,0,0,0.07615381126250516
W02,3207.4278,0,0,0.07615381126250516
W02,3208.4278,0,0,0.07615381126250516
W02,3209.4278,0,0,0.0342215034852348
W02,3210.4278,0,0,0.0342215034852348
W02,3211.4278,0,0,0.0342215034852348
W02,3212.4278,0,0,0.0342215034852348
W02,3213.4278,0,0,0.0342215034852348
W02,3214.4278,0,0,0.01752656433825355
W02,3215.4278,0,0,0.01752656433825355
W02,3216.4278,0,0,0.01752656433825355
W02,3217.4278,0,0,0.01752656433825355
W02,3218.4278,0,0,0.01752656433825355
W02,3219.4278,0,0,0.01232688456173973
W02,3220.4278,0,0,0.01232688456173973
W02,3221.4278,0,0,0.01232688456173973
W02,3222.4278,0,0,0.01232688456173973
W02,3223.4278,0,0,0.01232688456173973
W02,3224.4278,0,0,0.01421051221481129
W02,3225.4278,0,0,0.01421051221481129
W02,3226.4278,0,0,0.01421051221481129
W02,3227.4278,0,0,0.01421051221481129
W02,3228.4278,0,0,0.01421051221481129
W02,3229.4278,0,0,0.046025138481082424
W02,3230.4278,0,0,0.046025138481082424
W02,3231.4278,0,0,0.046025138481082424
W02,3232.4278,0,0,0.046025138481082424
W02,3233.4278,0,0,0.046025138481082424
W02,3234.4278,0,0,0.07826925400742131
W02,3235.4278,0,0,0.07826925400742131
W02,3236.4278,0,0,0.07826925400742131
W02,3237.4278,0,0,0.07826925400742131
W02,3238.4278,0,0,0.07826925400742131
W02,3239.4278,0,0,0.13647709166163444
W02,3240.4278,0,0,0.13647709166163444
W02,3241.4278,0,0,0.13647709166163444
W02,3242.4278,0,0,0.13647709166163444
W02,3243.4278,0,0,0.13647709166163444
W02,3244.4278,0,0,0.061604198390883866
W02,3245.4278,0,0,0.061604198390883866
W02,3246.4278,0,0,0.061604198390883866
W02,3247.4278,0,0,0.061604198390883866
W02,3248.4278,0,0,0.061604198390883866
W02,3249.4278,0,0,0.025305140368738852
W02,3250.4278,0,0,0.025305140368738852
W02,3251.4278,0,0,0.025305140368738852
W02,3252.4278,0,0,0.025305140368738852
W02,3253.4278,0,0,0.025305140368738852
W02,3254.4278,0,0,0.03297688026321062
W02,3255.4278,0,0,0.03297688026321062
W02,3256.4278,0,0,0.03297688026321062
W02,3257.4278,0,0,0.03297688026321062
W02,3258.4278,0,0,0.03297688026321062
W02,3259.4278,0,0,0.015471966332027187
W02,3260.4278,0,0,0.015471966332027187
W02,3261.4278,0,0,0.015471966332027187
W02,3262.4278,0,0,0.015471966332027187
W02,3263.4278,0,0,0.015471966332027187
W02,3264.4278,0,0,0.008374139615163775
W02,3265.4278,0,0,0.008374139615163775
W02,3266.4278,0,0,0.008374139615163775
W02,3267.4278,0,0,0.008374139615163775
W02,3268.4278,0,0,0.008374139615163775
W02,3269.4278,0,0,0.012446859565215757
W02,3270.4278,0,0,0.012446859565215757
W02,3271.4278,0,0,0.012446859565215757
W02,3272.4278,0,0,0.012446859565215757
W02,3273.4278,0,0,0.012446859565215757
W02,3274.4278,0,0,0.01169779201894305
W02,3275.4278,0,0,0.01169779201894305
W02,3276.4278,0,0,0.01169779201894305
W02,3277.4278,0,0,0.01169779201894305
W02,3278.4278,0,0,0.01169779201894305
W02,3279.4278,0,0,0.00527213825240768
W02,3280.4278,0,0,0.00527213825240768
W02,3281.4278,0,0,0.00527213825240768
W02,3282.4278,0,0,0.00527213825240768
W02,3283.4278,0,0,0.00527213825240768
W02,3284.4278,0,0,0.010975581385698286
W02,3285.4278,0,0,0.010975581385698286
W02,3286.4278,0,0,0.010975581385698286
W02,3287.4278,0,0,0.010975581385698286
W02,3288.4278,0,0,0.010975581385698286
W02,3289.4278,0,0,0.04355882789641737
W02,3290.4278,0,0,0.04355882789641737
W02,3291.4278,0,0,0.04355882789641737
W02,3292.4278,0,0,0.04355882789641737
W02,3293.4278,0,0,0.04355882789641737
W02,3294.4278,0,0,0.03162912192084867
W02,3295.4278,0,0,0.03162912192084867
W02,3296.4278,0,0,0.03162912192084867
W02,3297.4278,0,0,0.03162912192084867
W02,3298.4278,0,0,0.03162912192084867
W02,3299.4278,0,0,0.032435756695826136
W02,3300.4278,0,0,0.032435756695826136
W02,3301.4278,0,0,0.032435756695826136
W02,3302.4278,0,0,0.032435756695826136
W02,3303.4278,0,0,0.032435756695826136
W02,3304.4278,0,0,0.035660171025103084
W02,3305.4278,0,0,0.035660171025103084
W02,3306.4278,0,0,0.035660171025103084
W02,3307.4278,0,0,0.035660171025103084
W02,3308.4278,0,0,0.035660171025103084
W02,3309.4278,0,0,0.02694663830209563
W02,3310.4278,0,0,0.02694663830209563
W02,3311.4278,0,0,0.02694663830209563
W02,3312.4278,0,0,0.02694663830209563
W02,3313.4278,0,0,0.02694663830209563
W02,3314.4278,0,0,0.07019466158504375
W02,3315.4278,0,0,0.07019466158504375
W02,3316.4278,0,0,0.07019466158504375
W02,3317.4278,0,0,0.07019466158504375
W02,3318.4278,0,0,0.07019466158504375
W02,3319.4278,0,0,0.06676824143559822
W02,3320.4278,0,0,0.06676824143559822
W02,3321.4278,0,0,0.06676824143559822
W02,3322.4278,0,0,0.06676824143559822
W02,3323.4278,0,0,0.06676824143559822
W02,3324.4278,0,0,0.017638805271536995
W02,3325.4278,0,0,0.017638805271536995
W02,3326.4278,0,0,0.017638805271536995
W02,3327.4278,0,0,0.017638805271536995
W02,3328.4278,0,0,0.02241882009240792
W02,3329.4278,0,0,0.02241882009240792
W02,3330.4278,0,0,0.02241882009240792
W02,3331.4278,0,0,0.02241882009240792
W02,3332.4278,0,0,0.02241882009240792
W02,3333.4278,0,0,0.03361076130402753
W02,3334.4278,0,0,0.03361076130402753
W02,3335.4278,0,0,0.03361076130402753
W02,3336.4278,0,0,0.03361076130402753
W02,3337.4278,0,0,0.03361076130402753
W02,3338.4278,0,0,0.019760907559353252
W02,3339.4278,0,0,0.019760907559353252
W02,3340.4278,0,0,0.019760907559353252
W02,3341.4278,0,0,0.019760907559353252
W02,3342.4278,0,0,0.019760907559353252
W02,3343.4278,0,0,0.009215639797585398
W02,3344.4278,0,0,0.009215639797585398
W02,3345.4278,0,0,0.009215639797585398
W02,3346.4278,0,0,0.009215639797585398
W02,3347.4278,0,0,0.009215639797585398
W02,3348.4278,0,0,0.010262423039153076
W02,3349.4278,0,0,0.010262423039153076
W02,3350.4278,0,0,0.010262423039153076
W02,3351.4278,0,0,0.010262423039153076
W02,3352.4278,0,0,0.010262423039153076
W02,3353.4278,0,0,0.011935235803199662
W02,3354.4278,0,0,0.011935235803199662
W02,3355.4278,0,0,0.011935235803199662
W02,3356.4278,0,0,0.011935235803199662
W02,3357.4278,0,0,0.011935235803199662
W02,3358.4278,0,0,0.0070172241038795906
W02,3359.4278,0,0,0.0070172241038795906
W02,3360.4278,0,0,0.0070172241038795906
W02,3361.4278,0,0,0.0070172241038795906
W02,3362.4278,0,0,0.0070172241038795906
W02,3363.4278,0,0,0.015508397764609336
W02,3364.4278,0,0,0.015508397764609336
W02,3365.4278,0,0,0.015508397764609336
W02,3366.4278,0,0,0.015508397764609336
W02,3367.4278,0,0,0.015508397764609336
W02,3368.4278,0,0,0.004123202223071296
W02,3369.4278,0,0,0.004123202223071296
W02,3370.4278,0,0,0.004123202223071296
W02,3371.4278,0,0,0.004123202223071296
W02,3372.4278,0,0,0.004123202223071296
W02,3373.4278,0,0,0.013035469060475195
W02,3374.4278,0,0,0.013035469060475195
W02,3375.4278,0,0,0.013035469060475195
W02,3376.4278,0,0,0.013035469060475195
W02,3377.4278,0,0,0.013035469060475195
W02,3378.4278,0,0,0.007964411206062515
W02,3379.4278,0,0,0.007964411206062515
W02,3380.4278,0,0,0.007964411206062515
W02,3381.4278,0,0,0.007964411206062515
W02,3382.4278,0,0,0.007964411206062515
W02,3383.4278,0,0,0.02308303588140457
W02,3384.4278,0,0,0.02308303588140457
W02,3385.4278,0,0,0.02308303588140457
W02,3386.4278,0,0,0.02308303588140457
W02,3387.4278,0,0,0.02308303588140457
W02,3388.4278,0,0,0.009298682305142844
W02,3389.4278,0,0,0.009298682305142844
W02,3390.4278,0,0,0.009298682305142844
W02,3391.4278,0,0,0.009298682305142844
W02,3392.4278,0,0,0.009298682305142844
W02,3393.4278,0,0,0.008936799132382154
W02,3394.4278,0,0,0.008936799132382154
W02,3395.4278,0,0,0.008936799132382154
W02,3396.4278,0,0,0.008936799132382154
W02,3397.4278,0,0,0.012896416829713056
W02,3398.4278,0,0,0.012896416829713056
W02,3399.4278,0,0,0.010299377142481931
W02,3400.4278,0,0,0.010299377142481931
W02,3401.4278,0,0,0.010299377142481931
W02,3402.4278,0,0,0.010299377142481931
W02,3403.4278,0,0,0.010299377142481931
W02,3404.4278,0,0,0.005874564817963519
W02,3405.4278,0,0,0.005874564817963519
W02,3406.4278,0,0,0.005874564817963519
W02,3407.4278,0,0,0.005874564817963519
W02,3408.4278,0,0,0.005874564817963519
W02,3409.4278,0,0,0.005080876865715446
W02,3410.4278,0,0,0.005080876865715446
W02,3411.4278,0,0,0.005080876865715446
W02,3412.4278,0,0,0.005080876865715446
W02,3413.4278,0,0,0.005080876865715446
W02,3414.4278,0,0,0.002502747854896538
W02,3415.4278,0,0,0.002502747854896538
W02,3416.4278,0,0,0.002502747854896538
W02,3417.4278,0,0,0.002502747854896538
W02,3418.4278,0,0,0.002502747854896538
W02,3419.4278,0,0,0.003102789818596013
W02,3420.4278,0,0,0.003102789818596013
W02,3421.4278,0,0,0.003102789818596013
W02,3422.4278,0,0,0.003102789818596013
W02,3423.4278,0,0,0.003102789818596013
W02,3424.4278,0,0,0.0017346381253138849
W02,3425.4278,0,0,0.0017346381253138849
W02,3426.4278,0,0,0.0017346381253138849
W02,3427.4278,0,0,0.0017346381253138849
W02,3428.4278,0,0,0.0017346381253138849
W02,3429.4278,0,0,0.0036516829416508353
W02,3430.4278,0,0,0.0036516829416508353
W02,3431.4278,0,0,0.0036516829416508353
W02,3432.4278,0,0,0.0036516829416508353
W02,3433.4278,0,0,0.0036516829416508353
W02,3434.4278,0,0,0.0017134025880671032
W02,3435.4278,0,0,0.0017134025880671032
W02,3436.4278,0,0,0.0017134025880671032
W02,3437.4278,0,0,0.0017134025880671032
W02,3438.4278,0,0,0.0017134025880671032
W02,3439.4278,0,0,0.003510657460259487
W02,3440.4278,0,0,0.003510657460259487
W02,3441.4278,0,0,0.003510657460259487
W02,3442.4278,0,0,0.003510657460259487
W02,3443.4278,0,0,0.003510657460259487
W02,3444.4278,0,0,0.004606691262187845
W02,3445.4278,0,0,0.004606691262187845
W02,3446.4278,0,0,0.004606691262187845
W02,3447.4278,0,0,0.004606691262187845
W02,3448.4278,0,0,0.009868146090244001
W02,3449.4278,0,0,0.009868146090244001
W02,3450.4278,0,0,0.009868146090244001
W02,3451.4278,0,0,0.009868146090244001
W02,3452.4278,0,0,0.009868146090244001
W02,3453.4278,0,0,0.005287179867946477
W02,3454.4278,0,0,0.005287179867946477
W02,3455.4278,0,0,0.005287179867946477
W02,3456.4278,0,0,0.005287179867946477
W02,3457.4278,0,0,0.005287179867946477
W02,3458.4278,0,0,0.008118035417099894
W02,3459.4278,0,0,0.008118035417099894
W02,3460.4278,0,0,0.008118035417099894
W02,3461.4278,0,0,0.008118035417099894
W02,3462.4278,0,0,0.008118035417099894
W02,3463.4278,0,0,0.011830573980660774
W02,3464.4278,0,0,0.011830573980660774
W02,3465.4278,0,0,0.011830573980660774
W02,3466.4278,0,0,0.011830573980660774
W02,3467.4278,0,0,0.011830573980660774
W02,3468.4278,0,0,0.011306277760921725
W02,3469.4278,0,0,0.011306277760921725
W02,3470.4278,0,0,0.011306277760921725
W02,3471.4278,0,0,0.011306277760921725
W02,3472.4278,0,0,0.011306277760921725
W02,3473.4278,0,0,0.040580943774320255
W02,3474.4278,0,0,0.040580943774320255
W02,3475.4278,0,0,0.040580943774320255
W02,3476.4278,0,0,0.040580943774320255
W02,3477.4278,0,0,0.040580943774320255
W02,3478.4278,0,0,0.07083469729679437
W02,3479.4278,0,0,0.07083469729679437
W02,3480.4278,0,0,0.07083469729679437
W02,3481.4278,0,0,0.07083469729679437
W02,3482.4278,0,0,0.07083469729679437
W02,3483.4278,0,0,0.05264490521362549
W02,3484.4278,0,0,0.05264490521362549
W02,3485.4278,0,0,0.05264490521362549
W02,3486.4278,0,0,0.05264490521362549
W02,3487.4278,0,0,0.05264490521362549
W02,3488.4278,0,0,0.05129888619367923
W02,3489.4278,0,0,0.05129888619367923
W02,3490.4278,0,0,0.05129888619367923
W02,3491.4278,0,0,0.05129888619367923
W02,3492.4278,0,0,0.05129888619367923
W02,3493.4278,0,0,0.02576830855872863
W02,3494.4278,0,0,0.02576830855872863
W02,3495.4278,0,0,0.02576830855872863
W02,3496.4278,0,0,0.02576830855872863
W02,3497.4278,0,0,0.02576830855872863
W02,3498.4278,0,0,0.0413689892549304
W02,3499.4278,0,0,0.0413689892549304
W02,3500.4278,0,0,0.0413689892549304
W02,3501.4278,0,0,0.0413689892549304
W02,3502.4278,0,0,0.0413689892549304
W02,3503.4278,0,0,0.004715998762617472
W02,3504.4278,0,0,0.004715998762617472
W02,3505.4278,0,0,0.004715998762617472
W02,3506.4278,0,0,0.004715998762617472
W02,3507.4278,0,0,0.004715998762617472
W02,3508.4278,0,0,0.01013348321000502
W02,3509.4278,0,0,0.01013348321000502
W02,3510.4278,0,0,0.01013348321000502
W02,3511.4278,0,0,0.01013348321000502
W02,3512.4278,0,0,0.01013348321000502
W02,3513.4278,0,0,0.22950816076908545
W02,3514.4278,0,0,0.22950816076908545
W02,3515.4278,0,0,0.22950816076908545
W02,3516.4278,0,0,0.22950816076908545
W02,3517.4278,0,0,0.22950816076908545
W02,3518.4278,0,0,0.016068879512371886
W02,3519.4278,0,0,0.016068879512371886
W02,3520.4278,0,0,0.016068879512371886
W02,3521.4278,0,0,0.016068879512371886
W02,3522.4278,0,0,0.016068879512371886
W02,3523.4278,0,0,0.018687128191563672
W02,3524.4278,0,0,0.018687128191563672
W02,3525.4278,0,0,0.018687128191563672
W02,3526.4278,0,0,0.018687128191563672
W02,3527.4278,0,0,0.018687128191563672
W02,3528.4278,0,0,0.005569330394211115
W02,3529.4278,0,0,0.005569330394211115
W02,3530.4278,0,0,0.005569330394211115
W02,3531.4278,0,0,0.005569330394211115
W02,3532.4278,0,0,0.005569330394211115
W02,3533.4278,0,0,0.0019331583566595107
W02,3534.4278,0,0,0.0019331583566595107
W02,3535.4278,0,0,0.0019331583566595107
W02,3536.4278,0,0,0.0019331583566595107
W02,3537.4278,0,0,0.0019331583566595107
W02,3538.4278,0,0,0.004015072259451193
W02,3539.4278,0,0,0.004015072259451193
W02,3540.4278,0,0,0.004015072259451193
W02,3541.4278,0,0,0.004015072259451193
W02,3542.4278,0,0,0.004015072259451193
W02,3543.4278,0,0,0.011761334659588195
W02,3544.4278,0,0,0.011761334659588195
W02,3545.4278,0,0,0.011761334659588195
W02,3546.4278,0,0,0.011761334659588195
W02,3547.4278,0,0,0.011761334659588195
W02,3548.4278,0,0,0.009523707538840104
W02,3549.4278,0,0,0.009523707538840104
W02,3550.4278,0,0,0.009523707538840104
W02,3551.4278,0,0,0.009523707538840104
W02,3552.4278,0,0,0.009523707538840104
W02,3553.4278,0,0,0.006461973634728382
W02,3554.4278,0,0,0.006461973634728382
W02,3555.4278,0,0,0.006461973634728382
W02,3556.4278,0,0,0.006461973634728382
W02,3557.4278,0,0,0.006461973634728382
W02,3558.4278,0,0,0.004197582137705617
W02,3559.4278,0,0,0.004197582137705617
W02,3560.4278,0,0,0.004197582137705617
W02,3561.4278,0,0,0.004197582137705617
W02,3562.4278,0,0,0.0018934800630449515
W02,3563.4278,0,0,0.0018934800630449515
W02,3564.4278,0,0,0.0018934800630449515
W02,3565.4278,0,0,0.0018934800630449515
W02,3566.4278,0,0,0.0018934800630449515
W02,3567.4278,0,0,0.002280213573646091
W02,3568.4278,0,0,0.002280213573646091
W02,3569.4278,0,0,0.002280213573646091
W02,3570.4278,0,0,0.002280213573646091
W02,3571.4278,0,0,0.002280213573646091
W02,3572.4278,0,0,3.666109832487379e-05
W02,3573.4278,0,0,3.666109832487379e-05
W02,3574.4278,0,0,3.666109832487379e-05
W02,3575.4278,0,0,3.666109832487379e-05
W02,3576.4278,0,0,3.666109832487379e-05
W02,3577.4278,0,0,0.0026294573097373785
W02,3578.4278,0,0,0.0026294573097373785
W02,3579.4278,0,0,0.0026294573097373785
W02,3580.4278,0,0,0.0026294573097373785
W02,3581.4278,0,0,0.0026294573097373785
W02,3582.4278,0,0,0.005754946346629241
W02,3583.4278,0,0,0.005754946346629241
W02,3584.4278,0,0,0.005754946346629241
W02,3585.4278,0,0,0.005754946346629241
W02,3586.4278,0,0,0.005754946346629241
W02,3587.4278,0,0,0.005262597510807855
W02,3588.4278,0,0,0.005262597510807855
W02,3589.4278,0,0,0.005262597510807855
W02,3590.4278,0,0,0.005262597510807855
W02,3591.4278,0,0,0.005262597510807855
W02,3592.4278,0,0,0.004665054800754888
W02,3593.4278,0,0,0.004665054800754888
W02,3594.4278,0,0,0.004665054800754888
W02,3595.4278,0,0,0.004665054800754888
W02,3596.4278,0,0,0.004665054800754888
W02,3597.4278,0,0,0.005225467345853475
W02,3598.4278,0,0,0.005225467345853475
W02,3599.4278,0,0,0.005225467345853475
W02,3600.4278,0,0,0.005225467345853475
W02,3601.4278,0,0,0.005225467345853475
W02,3602.4278,0,0,0.0030943374418717865
W02,3603.4278,0,0,0.0030943374418717865
W02,3604.4278,0,0,0.0030943374418717865
W02,3605.4278,0,0,0.0030943374418717865
W02,3606.4278,0,0,0.0030943374418717865
W02,3607.4278,0,0,0.0009140331622618731
W02,3608.4278,0,0,0.0009140331622618731
W02,3609.4278,0,0,0.0009140331622618731
W02,3610.4278,0,0,0.0009140331622618731
W02,3611.4278,0,0,0.0009140331622618731
W02,3612.4278,0,0,0.005524056183477914
W02,3613.4278,0,0,0.005524056183477914
W02,3614.4278,0,0,0.005524056183477914
W02,3615.4278,0,0,0.005524056183477914
W02,3616.4278,0,0,0.005524056183477914
W02,3617.4278,0,0,0.0034334548363277105
W02,3618.4278,0,0,0.0034334548363277105
W02,3619.4278,0,0,0.0034334548363277105
W02,3620.4278,0,0,0.0020413804295558234
W02,3621.4278,0,0,0.0020413804295558234
W02,3622.4278,0,0,0.0020413804295558234
W02,3623.4278,0,0,0.0020413804295558234
W02,3624.4278,0,0,0.0020413804295558234
W02,3625.4278,0,0,0.0034574074680472204
W02,3626.4278,0,0,0.0034574074680472204
W02,3627.4278,0,0,0.0034574074680472204
W02,3628.4278,0,0,0.0034574074680472204
W02,3629.4278,0,0,0.0034574074680472204
W02,3630.4278,0,0,0.00937592690039041
W02,3631.4278,0,0,0.00937592690039041
W02,3632.4278,0,0,0.00937592690039041
W02,3633.4278,0,0,0.00937592690039041
W02,3634.4278,0,0,0.00937592690039041
W02,3635.4278,0,0,0.0205207837117917
W02,3636.4278,0,0,0.0205207837117917
W02,3637.4278,0,0,0.0205207837117917
W02,3638.4278,0,0,0.0205207837117917
W02,3639.4278,0,0,0.0205207837117917
W02,3640.4278,0,0,0.09108050654579473
W02,3641.4278,0,0,0.09108050654579473
W02,3642.4278,0,0,0.09108050654579473
W02,3643.4278,0,0,0.09108050654579473
W02,3644.4278,0,0,0.09108050654579473
W02,3645.4278,0,0,0.030227019709588403
W02,3646.4278,0,0,0.030227019709588403
W02,3647.4278,0,0,0.030227019709588403
W02,3648.4278,0,0,0.030227019709588403
W02,3649.4278,0,0,0.030227019709588403
W02,3650.4278,1,1,0.6155519796892105
W02,3651.4278,1,1,0.6155519796892105
W02,3652.4278,1,1,0.6155519796892105
W02,3653.4278,1,1,0.6155519796892105
W02,3654.4278,1,1,0.6155519796892105
W02,3655.4278,0,0,0.10428250474483164
W02,3656.4278,0,0,0.10428250474483164
W02,3657.4278,0,0,0.10428250474483164
W02,3658.4278,0,0,0.10428250474483164
W02,3659.4278,0,0,0.10428250474483164
W02,3660.4278,0,0,0.11224202872747276
W02,3661.4278,0,0,0.11224202872747276
W02,3662.4278,0,0,0.11224202872747276
W02,3663.4278,0,0,0.11224202872747276
W02,3664.4278,0,0,0.11224202872747276
W02,3665.4278,0,0,0.008063931892947882
W02,3666.4278,0,0,0.008063931892947882
W02,3667.4278,0,0,0.008063931892947882
W02,3668.4278,0,0,0.008063931892947882
W02,3669.4278,0,0,0.008063931892947882
W02,3670.4278,0,0,0.006331651149326169
W02,3671.4278,0,0,0.006331651149326169
W02,3672.4278,0,0,0.006331651149326169
W02,3673.4278,0,0,0.006331651149326169
W02,3674.4278,0,0,0.006331651149326169
W02,3675.4278,0,0,0.0027766589495816147
W02,3676.4278,0,0,0.0027766589495816147
W02,3677.4278,0,0,0.0027766589495816147
W02,3678.4278,0,0,0.0027766589495816147
W02,3679.4278,0,0,0.0027766589495816147
W02,3680.4278,0,0,0.0036740120090171156
W02,3681.4278,0,0,0.0036740120090171156
W02,3682.4278,0,0,0.0036740120090171156
W02,3683.4278,0,0,0.0036740120090171156
W02,3684.4278,0,0,0.0036740120090171156
W02,3685.4278,0,0,0.0034575312837810722
W02,3686.4278,0,0,0.0034575312837810722
W02,3687.4278,0,0,0.0034575312837810722
W02,3688.4278,0,0,0.0034575312837810722
W02,3689.4278,0,0,0.0034575312837810722
W02,3690.4278,0,0,0.0040803350493836465
W02,3691.4278,0,0,0.0040803350493836465
W02,3692.4278,0,0,0.0040803350493836465
W02,3693.4278,0,0,0.0040803350493836465
W02,3694.4278,0,0,0.010282082339180359
W02,3695.4278,0,0,0.010282082339180359
W02,3696.4278,0,0,0.010282082339180359
W02,3697.4278,0,0,0.010282082339180359
W02,3698.4278,0,0,0.010282082339180359
W02,3699.4278,0,0,0.008388592828268749
W02,3700.4278,0,0,0.008388592828268749
W02,3701.4278,0,0,0.008388592828268749
W02,3702.4278,0,0,0.008388592828268749
W02,3703.4278,0,0,0.008388592828268749
W02,3704.4278,0,0,0.0016262747418198326
W02,3705.4278,0,0,0.0016262747418198326
W02,3706.4278,0,0,0.0016262747418198326
W02,3707.4278,0,0,0.0016262747418198326
W02,3708.4278,0,0,0.0016262747418198326
W02,3709.4278,0,0,0.0018473882407672587
W02,3710.4278,0,0,0.0018473882407672587
W02,3711.4278,0,0,0.0018473882407672587
W02,3712.4278,0,0,0.0018473882407672587
W02,3713.4278,0,0,0.0018473882407672587
W02,3714.4278,0,0,0.011498555648121566
W02,3715.4278,0,0,0.011498555648121566
W02,3716.4278,0,0,0.011498555648121566
W02,3717.4278,0,0,0.011498555648121566
W02,3718.4278,0,0,0.011498555648121566
W02,3719.4278,0,0,0.03556341906484366
W02,3720.4278,0,0,0.03556341906484366
W02,3721.4278,0,0,0.03556341906484366
W02,3722.4278,0,0,0.03556341906484366
W02,3723.4278,0,0,0.03556341906484366
W02,3724.4278,0,0,0.029205206265346378
W02,3725.4278,0,0,0.029205206265346378
W02,3726.4278,0,0,0.029205206265346378
W02,3727.4278,0,0,0.029205206265346378
W02,3728.4278,0,0,0.029205206265346378
W02,3729.4278,0,0,0.022991388856152595
W02,3730.4278,0,0,0.022991388856152595
W02,3731.4278,0,0,0.022991388856152595
W02,3732.4278,0,0,0.022991388856152595
W02,3733.4278,0,0,0.022991388856152595
W02,3734.4278,0,0,0.012503235189214191
W02,3735.4278,0,0,0.012503235189214191
W02,3736.4278,0,0,0.012503235189214191
W02,3737.4278,0,0,0.012503235189214191
W02,3738.4278,0,0,0.012503235189214191
W02,3739.4278,0,0,0.009009130622893215
W02,3740.4278,0,0,0.009009130622893215
W02,3741.4278,0,0,0.009009130622893215
W02,3742.4278,0,0,0.009009130622893215
W02,3743.4278,0,0,0.009009130622893215
W02,3744.4278,0,0,0.003260810629740214
W02,3745.4278,0,0,0.003260810629740214
W02,3746.4278,0,0,0.003260810629740214
W02,3747.4278,0,0,0.003260810629740214
W02,3748.4278,0,0,0.003260810629740214
W02,3749.4278,0,0,0.005634046165877152
W02,3750.4278,0,0,0.005634046165877152
W02,3751.4278,0,0,0.005634046165877152
W02,3752.4278,0,0,0.005634046165877152
W02,3753.4278,0,0,0.005634046165877152
W02,3754.4278,0,0,0.00556179963895911
W02,3755.4278,0,0,0.00556179963895911
W02,3756.4278,0,0,0.00556179963895911
W02,3757.4278,0,0,0.00556179963895911
W02,3758.4278,0,0,0.00556179963895911
W02,3759.4278,0,0,0.01321575297227986
W02,3760.4278,0,0,0.01321575297227986
W02,3761.4278,0,0,0.01321575297227986
W02,3762.4278,0,0,0.01321575297227986
W02,3763.4278,0,0,0.01321575297227986
W02,3764.4278,0,0,0.005251921225589835
W02,3765.4278,0,0,0.005251921225589835
W02,3766.4278,0,0,0.005251921225589835
W02,3767.4278,0,0,0.005251921225589835
W02,3768.4278,0,0,0.005251921225589835
W02,3769.4278,0,0,0.0004126059036591344
W02,3770.4278,0,0,0.0004126059036591344
W02,3771.4278,0,0,0.0004126059036591344
W02,3772.4278,0,0,0.0004126059036591344
W02,3773.4278,0,0,0.0004126059036591344
W02,3774.4278,0,0,0.016822354557652176
W02,3775.4278,0,0,0.016822354557652176
W02,3776.4278,0,0,0.016822354557652176
W02,3777.4278,0,0,0.016822354557652176
W02,3778.4278,0,0,0.016822354557652176
W02,3779.4278,0,0,0.003959147010866364
W02,3780.4278,0,0,0.003959147010866364
W02,3781.4278,0,0,0.003959147010866364
W02,3782.4278,0,0,0.003959147010866364
W02,3783.4278,0,0,0.003959147010866364
W02,3784.4278,0,0,0.0018480418494114365
W02,3785.4278,0,0,0.0018480418494114365
W02,3786.4278,0,0,0.0018480418494114365
W02,3787.4278,0,0,0.0018480418494114365
W02,3788.4278,0,0,0.0018480418494114365
W02,3789.4278,0,0,0.004058499215426589
W02,3790.4278,0,0,0.004058499215426589
W02,3791.4278,0,0,0.004058499215426589
W02,3792.4278,0,0,0.004058499215426589
W02,3793.4278,0,0,0.004058499215426589
W02,3794.4278,0,0,0.013547890078867912
W02,3795.4278,0,0,0.013547890078867912
W02,3796.4278,0,0,0.013547890078867912
W02,3797.4278,0,0,0.013547890078867912
W02,3798.4278,0,0,0.013547890078867912
W02,3799.4278,0,0,0.4356693940846444
W02,3800.4278,0,0,0.4356693940846444
W02,3801.4278,0,0,0.4356693940846444
W02,3802.4278,0,0,0.4356693940846444
W02,3803.4278,0,0,0.4356693940846444
W02,3804.4278,0,1,0.9289347294022945
W02,3805.4278,0,1,0.9289347294022945
W02,3806.4278,0,1,0.9289347294022945
W02,3807.4278,0,1,0.9289347294022945
W02,3808.4278,0,1,0.6504320018757439
W02,3809.4278,0,1,0.6504320018757439
W02,3810.4278,0,1,0.6504320018757439
W02,3811.4278,0,1,0.6504320018757439
W02,3812.4278,0,1,0.6504320018757439
W02,3813.4278,0,0,0.3887966734841725
W02,3814.4278,0,0,0.3887966734841725
W02,3815.4278,0,0,0.3887966734841725
W02,3816.4278,0,0,0.3887966734841725
W02,3817.4278,0,0,0.3887966734841725
W02,3818.4278,0,0,0.21443441286593273
W02,3819.4278,0,0,0.21443441286593273
W02,3820.4278,0,0,0.21443441286593273
W02,3821.4278,0,0,0.21443441286593273
W02,3822.4278,0,0,0.21443441286593273
W02,3823.4278,0,0,0.06876625502342205
W02,3824.4278,0,0,0.06876625502342205
W02,3825.4278,0,0,0.06876625502342205
W02,3826.4278,0,0,0.06876625502342205
W02,3827.4278,0,0,0.06876625502342205
W02,3828.4278,0,0,0.06876625502342205
W02,3829.4278,0,0,0.06876625502342205
W02,3830.4278,0,0,0.06876625502342205
W02,3831.4278,0,0,0.06876625502342205
W02,3832.4278,0,0,0.06876625502342205
W02,3833.4278,0,0,0.1426308943885263
W02,3834.4278,0,0,0.1426308943885263
W02,3835.4278,0,0,0.1426308943885263
W02,3836.4278,0,0,0.1426308943885263
W02,3837.4278,0,0,0.1426308943885263
W02,3838.4278,1,0,0.3924440254047495
W02,3839.4278,1,0,0.3924440254047495
W02,3840.4278,1,0,0.3924440254047495
W02,3841.4278,1,0,0.3924440254047495
W02,3842.4278,1,0,0.3924440254047495
W02,3843.4278,0,0,0.21401228597496535
W02,3844.4278,0,0,0.21401228597496535
W02,3845.4278,0,0,0.21401228597496535
W02,3846.4278,0,0,0.21401228597496535
W02,3847.4278,0,0,0.21401228597496535
W02,3848.4278,0,0,0.339561755436791
W02,3849.4278,0,0,0.339561755436791
W02,3850.4278,0,0,0.339561755436791
W02,3851.4278,0,0,0.339561755436791
W02,3852.4278,0,0,0.339561755436791
W02,3853.4278,1,1,0.5389817473211082
W02,3854.4278,1,1,0.5389817473211082
W02,3855.4278,1,1,0.5389817473211082
W02,3856.4278,1,1,0.5389817473211082
W02,3857.4278,1,1,0.5389817473211082
W02,3858.4278,1,0,0.48811446567455735
W02,3859.4278,1,0,0.48811446567455735
W02,3860.4278,1,0,0.48811446567455735
W02,3861.4278,1,0,0.48811446567455735
W02,3862.4278,1,0,0.48811446567455735
W02,3863.4278,0,0,0.2921679892067187
W02,3864.4278,0,0,0.2921679892067187
W02,3865.4278,0,0,0.2921679892067187
W02,3866.4278,0,0,0.2921679892067187
W02,3867.4278,0,0,0.2921679892067187
W02,3868.4278,1,0,0.4232402677818853
W02,3869.4278,1,0,0.4232402677818853
W02,3870.4278,1,0,0.4232402677818853
W02,3871.4278,1,0,0.4232402677818853
W02,3872.4278,1,0,0.4232402677818853
W02,3873.4278,1,1,0.6506360304241962
W02,3874.4278,1,1,0.6506360304241962
W02,3875.4278,1,1,0.6506360304241962
W02,3876.4278,1,1,0.6506360304241962
W02,3877.4278,1,1,0.6506360304241962
W02,3878.4278,0,0,0.1973569362108678
W02,3879.4278,0,0,0.1973569362108678
W02,3880.4278,0,0,0.1973569362108678
W02,3881.4278,0,0,0.1973569362108678
W02,3882.4278,0,0,0.1973569362108678
W02,3883.4278,1,1,0.758486687322726
W02,3884.4278,1,1,0.758486687322726
W02,3885.4278,1,1,0.758486687322726
W02,3886.4278,1,1,0.758486687322726
W02,3887.4278,1,1,0.758486687322726
W02,3888.4278,1,1,0.8409630078508754
W02,3889.4278,1,1,0.8409630078508754
W02,3890.4278,1,1,0.8409630078508754
W02,3891.4278,1,1,0.8409630078508754
W02,3892.4278,1,1,0.8409630078508754
W02,3893.4278,1,1,0.9617550306040983
W02,3894.4278,1,1,0.9617550306040983
W02,3895.4278,1,1,0.9617550306040983
W02,3896.4278,1,1,0.9617550306040983
W02,3897.4278,1,1,0.9617550306040983
W02,3898.4278,1,1,0.9298688402142206
W02,3899.4278,1,1,0.9298688402142206
W02,3900.4278,1,1,0.9298688402142206
W02,3901.4278,1,1,0.9298688402142206
W02,3902.4278,1,1,0.9298688402142206
W02,3903.4278,0,1,0.9130009403208187
W02,3904.4278,0,1,0.9130009403208187
W02,3905.4278,0,1,0.9130009403208187
W02,3906.4278,0,1,0.9130009403208187
W02,3907.4278,0,1,0.9130009403208187
W02,3908.4278,1,1,0.9788853146082173
W02,3909.4278,1,1,0.9788853146082173
W02,3910.4278,1,1,0.9788853146082173
W02,3911.4278,1,1,0.9788853146082173
W02,3912.4278,1,1,0.9788853146082173
W02,3913.4278,1,1,0.7866886331030825
W02,3914.4278,1,1,0.7866886331030825
W02,3915.4278,1,1,0.7866886331030825
W02,3916.4278,1,1,0.7866886331030825
W02,3917.4278,1,1,0.7866886331030825
W02,3918.4278,0,0,0.15018053312440693
W02,3919.4278,0,0,0.15018053312440693
W02,3920.4278,0,0,0.15018053312440693
W02,3921.4278,0,0,0.15018053312440693
W02,3922.4278,0,0,0.15018053312440693
W02,3923.4278,1,1,0.8967778734238993
W02,3924.4278,1,1,0.8967778734238993
W02,3925.4278,1,1,0.8967778734238993
W02,3926.4278,1,1,0.8967778734238993
W02,3927.4278,1,1,0.8967778734238993
W02,3928.4278,1,1,0.6520300701989346
W02,3929.4278,1,1,0.6520300701989346
W02,3930.4278,1,1,0.6520300701989346
W02,3931.4278,1,1,0.6520300701989346
W02,3932.4278,1,1,0.6520300701989346
W02,3933.4278,1,1,0.8414907512004768
W02,3934.4278,1,1,0.8414907512004768
W02,3935.4278,1,1,0.8414907512004768
W02,3936.4278,1,1,0.8414907512004768
W02,3937.4278,1,1,0.8414907512004768
W02,3938.4278,1,1,0.6114855958516534
W02,3939.4278,1,1,0.6114855958516534
W02,3940.4278,1,1,0.6114855958516534
W02,3941.4278,1,1,0.6114855958516534
W02,3942.4278,1,1,0.6114855958516534
W02,3943.4278,1,1,0.8161999236430871
W02,3944.4278,1,1,0.8161999236430871
W02,3945.4278,1,1,0.8161999236430871
W02,3946.4278,1,1,0.8161999236430871
W02,3947.4278,1,1,0.8161999236430871
W02,3948.4278,0,0,0.49183483114776894
W02,3949.4278,0,0,0.49183483114776894
W02,3950.4278,0,0,0.49183483114776894
W02,3951.4278,0,0,0.49183483114776894
W02,3952.4278,0,0,0.49183483114776894
W02,3953.4278,0,0,0.18383317925834236
W02,3954.4278,0,0,0.18383317925834236
W02,3955.4278,0,0,0.18383317925834236
W02,3956.4278,0,0,0.18383317925834236
W02,3957.4278,0,0,0.18383317925834236
W02,3958.4278,0,0,0.17387865234968067
W02,3959.4278,0,0,0.17387865234968067
W02,3960.4278,0,0,0.17387865234968067
W02,3961.4278,0,0,0.17387865234968067
W02,3962.4278,0,0,0.17387865234968067
W02,3963.4278,1,0,0.46437741221429657
W02,3964.4278,1,0,0.46437741221429657
W02,3965.4278,1,0,0.46437741221429657
W02,3966.4278,1,0,0.46437741221429657
W02,3967.4278,1,0,0.46437741221429657
W02,3968.4278,0,0,0.0959130628677883
W02,3969.4278,0,0,0.0959130628677883
W02,3970.4278,0,0,0.0959130628677883
W02,3971.4278,0,0,0.0959130628677883
W02,3972.4278,0,0,0.0959130628677883
W02,3973.4278,0,0,0.04098160719412285
W02,3974.4278,0,0,0.04098160719412285
W02,3975.4278,0,0,0.04098160719412285
W02,3976.4278,0,0,0.04098160719412285
W02,3977.4278,0,0,0.3516912028809758
W02,3978.4278,0,0,0.3516912028809758
W02,3979.4278,0,0,0.3516912028809758
W02,3980.4278,0,0,0.3516912028809758
W02,3981.4278,0,0,0.3516912028809758
W02,3982.4278,0,0,0.07635365707951589
W02,3983.4278,0,0,0.07635365707951589
W02,3984.4278,0,0,0.07635365707951589
W02,3985.4278,0,0,0.07635365707951589
W02,3986.4278,0,0,0.07635365707951589
W02,3987.4278,0,0,0.14897467229902195
W02,3988.4278,0,0,0.14897467229902195
W02,3989.4278,0,0,0.14897467229902195
W02,3990.4278,0,0,0.14897467229902195
W02,3991.4278,0,0,0.14897467229902195
W02,3992.4278,1,1,0.58361703424433
W02,3993.4278,1,1,0.58361703424433
W02,3994.4278,1,1,0.58361703424433
W02,3995.4278,1,1,0.58361703424433
W02,3996.4278,1,1,0.58361703424433
W02,3997.4278,1,1,0.9967434533391675
W02,3998.4278,1,1,0.9967434533391675
W02,3999.4278,1,1,0.9967434533391675
W02,4000.4278,1,1,0.9967434533391675
W02,4001.4278,1,1,0.9967434533391675
W02,4002.4278,1,1,0.9425766332213715
W02,4003.4278,1,1,0.9425766332213715
W02,4004.4278,1,1,0.9425766332213715
W02,4005.4278,1,1,0.9425766332213715
W02,4006.4278,1,1,0.9425766332213715
W02,4007.4278,1,1,0.8977511065625596
W02,4008.4278,1,1,0.8977511065625596
W02,4009.4278,1,1,0.8977511065625596
W02,4010.4278,1,1,0.8977511065625596
W02,4011.4278,1,1,0.8977511065625596
W02,4012.4278,0,0,0.030733506327093343
W02,4013.4278,0,0,0.030733506327093343
W02,4014.4278,0,0,0.030733506327093343
W02,4015.4278,0,0,0.030733506327093343
W02,4016.4278,0,0,0.030733506327093343
W02,4017.4278,0,0,0.0014624324487666498
W02,4018.4278,0,0,0.0014624324487666498
W02,4019.4278,0,0,0.0014624324487666498
W02,4020.4278,0,0,0.0014624324487666498
W02,4021.4278,0,0,0.0014624324487666498
W02,4022.4278,0,0,0.25404502379572785
W02,4023.4278,0,0,0.25404502379572785
W02,4024.4278,0,0,0.25404502379572785
W02,4025.4278,0,0,0.25404502379572785
W02,4026.4278,0,0,0.25404502379572785
W02,4027.4278,1,0,0.09615658811274039
W02,4028.4278,1,0,0.09615658811274039
W02,4029.4278,1,0,0.09615658811274039
W02,4030.4278,1,0,0.09615658811274039
W02,4031.4278,1,0,0.09615658811274039
W02,4032.4278,0,0,0.030426851828113992
W02,4033.4278,0,0,0.030426851828113992
W02,4034.4278,0,0,0.030426851828113992
W02,4035.4278,0,0,0.030426851828113992
W02,4036.4278,0,0,0.030426851828113992
W02,4037.4278,0,0,0.006978570954033805
W02,4038.4278,0,0,0.006978570954033805
W02,4039.4278,0,0,0.006978570954033805
W02,4040.4278,0,0,0.006978570954033805
W02,4041.4278,0,0,0.006978570954033805
W02,4042.4278,0,0,0.1876712293514132
W02,4043.4278,0,0,0.1876712293514132
W02,4044.4278,0,0,0.1876712293514132
W02,4045.4278,0,0,0.1876712293514132
W02,4046.4278,0,0,0.1876712293514132
W02,4047.4278,1,1,0.9977029296314823
W02,4048.4278,1,1,0.9977029296314823
W02,4049.4278,1,1,0.9977029296314823
W03,1958.5745,0,0,0.017469573785343747
W03,1959.5745,0,0,0.017469573785343747
W03,1960.5745,0,0,0.017469573785343747
W03,1961.5745,0,0,0.017469573785343747
W03,1962.5745,0,0,0.017469573785343747
W03,1963.5745,0,0,0.1044044963546329
W03,1964.5745,0,0,0.1044044963546329
W03,1965.5745,0,0,0.1044044963546329
W03,1966.5745,0,0,0.1044044963546329
W03,1967.5745,0,0,0.1044044963546329
W03,1968.5745,0,0,0.09108686619389102
W03,1969.5745,0,0,0.09108686619389102
W03,1970.5745,0,0,0.09108686619389102
W03,1971.5745,0,0,0.09108686619389102
W03,1972.5745,0,0,0.09108686619389102
W03,1973.5745,1,0,0.4212346660594699
W03,1974.5745,1,0,0.4212346660594699
W03,1975.5745,1,0,0.4212346660594699
W03,1976.5745,1,0,0.4212346660594699
W03,1977.5745,1,0,0.4212346660594699
W03,1978.5745,0,0,0.05302333832083954
W03,1979.5745,0,0,0.05302333832083954
W03,1980.5745,0,0,0.05302333832083954
W03,1981.5745,0,0,0.05302333832083954
W03,1982.5745,0,0,0.05302333832083954
W03,1983.5745,0,0,0.024269089534168488
W03,1984.5745,0,0,0.024269089534168488
W03,1985.5745,0,0,0.024269089534168488
W03,1986.5745,0,0,0.024269089534168488
W03,1987.5745,0,0,0.024269089534168488
W03,1988.5745,0,0,0.08493329623634384
W03,1989.5745,0,0,0.08493329623634384
W03,1990.5745,0,0,0.08493329623634384
W03,1991.5745,0,0,0.08493329623634384
W03,1992.5745,0,0,0.08493329623634384
W03,1993.5745,0,0,0.49985886298515375
W03,1994.5745,0,0,0.49985886298515375
W03,1995.5745,0,0,0.49985886298515375
W03,1996.5745,0,0,0.49985886298515375
W03,1997.5745,0,0,0.49985886298515375
W03,1998.5745,0,0,0.1273793551103145
W03,1999.5745,0,0,0.1273793551103145
W03,2000.5745,0,0,0.1273793551103145
W03,2001.5745,0,0,0.1273793551103145
W03,2002.5745,0,0,0.1273793551103145
W03,2003.5745,0,0,0.02059938250075621
W03,2004.5745,0,0,0.02059938250075621
W03,2005.5745,0,0,0.02059938250075621
W03,2006.5745,0,0,0.02059938250075621
W03,2007.5745,0,0,0.02059938250075621
W03,2008.5745,0,0,0.01803711453287403
W03,2009.5745,0,0,0.01803711453287403
W03,2010.5745,0,0,0.01803711453287403
W03,2011.5745,0,0,0.01803711453287403
W03,2012.5745,0,0,0.01803711453287403
W03,2013.5745,0,0,0.04099509359331149
W03,2014.5745,0,0,0.04099509359331149
W03,2015.5745,0,0,0.04099509359331149
W03,2016.5745,0,0,0.04099509359331149
W03,2017.5745,0,0,0.04099509359331149
W03,2018.5745,0,0,0.061686058417496574
W03,2019.5745,0,0,0.061686058417496574
W03,2020.5745,0,0,0.061686058417496574
W03,2021.5745,0,0,0.061686058417496574
W03,2022.5745,0,0,0.061686058417496574
W03,2023.5745,0,0,0.029803492289975017
W03,2024.5745,0,0,0.029803492289975017
W03,2025.5745,0,0,0.029803492289975017
W03,2026.5745,0,0,0.029803492289975017
W03,2027.5745,0,0,0.029803492289975017
W03,2028.5745,0,0,0.060022817235514156
W03,2029.5745,0,0,0.060022817235514156
W03,2030.5745,0,0,0.060022817235514156
W03,2031.5745,0,0,0.060022817235514156
W03,2032.5745,0,0,0.060022817235514156
W03,2033.5745,0,0,0.1579892811084573
W03,2034.5745,0,0,0.1579892811084573
W03,2035.5745,0,0,0.1579892811084573
W03,2036.5745,0,0,0.1579892811084573
W03,2037.5745,0,0,0.1579892811084573
W03,2038.5745,0,0,0.10332068503952865
W03,2039.5745,0,0,0.10332068503952865
W03,2040.5745,0,0,0.10332068503952865
W03,2041.5745,0,0,0.10332068503952865
W03,2042.5745,0,0,0.10332068503952865
W03,2043.5745,0,0,0.03588114214133029
W03,2044.5745,0,0,0.03588114214133029
W03,2045.5745,0,0,0.03588114214133029
W03,2046.5745,0,0,0.03588114214133029
W03,2047.5745,0,0,0.03588114214133029
W03,2048.5745,0,0,0.045213470848523125
W03,2049.5745,0,0,0.045213470848523125
W03,2050.5745,0,0,0.045213470848523125
W03,2051.5745,0,0,0.045213470848523125
W03,2052.5745,0,0,0.045213470848523125
W03,2053.5745,0,0,0.023104827543690545
W03,2054.5745,0,0,0.023104827543690545
W03,2055.5745,0,0,0.023104827543690545
W03,2056.5745,0,0,0.023104827543690545
W03,2057.5745,0,0,0.023104827543690545
W03,2058.5745,0,0,0.0017051132058635505
W03,2059.5745,0,0,0.0017051132058635505
W03,2060.5745,0,0,0.0017051132058635505
W03,2061.5745,0,0,0.0017051132058635505
W03,2062.5745,0,0,0.0017051132058635505
W03,2063.5745,0,0,0.04283266363704661
W03,2064.5745,0,0,0.04283266363704661
W03,2065.5745,0,0,0.04283266363704661
W03,2066.5745,0,0,0.04283266363704661
W03,2067.5745,0,0,0.04283266363704661
W03,2068.5745,0,0,0.014063165361621404
W03,2069.5745,0,0,0.014063165361621404
W03,2070.5745,0,0,0.014063165361621404
W03,2071.5745,0,0,0.014063165361621404
W03,2072.5745,0,0,0.014063165361621404
W03,2073.5745,0,0,0.02066759523108438
W03,2074.5745,0,0,0.02066759523108438
W03,2075.5745,0,0,0.02066759523108438
W03,2076.5745,0,0,0.02066759523108438
W03,2077.5745,0,0,0.02066759523108438
W03,2078.5745,0,0,0.04017393566997359
W03,2079.5745,0,0,0.04017393566997359
W03,2080.5745,0,0,0.04017393566997359
W03,2081.5745,0,0,0.04017393566997359
W03,2082.5745,0,0,0.04017393566997359
W03,2083.5745,0,0,0.19412312276612606
W03,2084.5745,0,0,0.19412312276612606
W03,2085.5745,0,0,0.19412312276612606
W03,2086.5745,0,0,0.19412312276612606
W03,2087.5745,0,0,0.19412312276612606
W03,2088.5745,0,0,0.12638260954475627
W03,2089.5745,0,0,0.12638260954475627
W03,2090.5745,0,0,0.12638260954475627
W03,2091.5745,0,0,0.12638260954475627
W03,2092.5745,0,0,0.12638260954475627
W03,2093.5745,1,1,0.9771858742984643
W03,2094.5745,1,1,0.9771858742984643
W03,2095.5745,1,1,0.9771858742984643
W03,2096.5745,1,1,0.9771858742984643
W03,2097.5745,1,1,0.9771858742984643
W03,2098.5745,1,1,0.999856763809888
W03,2099.5745,1,1,0.999856763809888
W03,2100.5745,1,1,0.999856763809888
W03,2101.5745,1,1,0.999856763809888
W03,2102.5745,1,1,0.999856763809888
W03,2103.5745,1,1,0.9998280743254881
W03,2104.5745,1,1,0.9998280743254881
W03,2105.5745,1,1,0.9988185329269451
W03,2106.5745,1,1,0.9988185329269451
W03,2107.5745,1,1,0.9988185329269451
W03,2108.5745,1,1,0.9988185329269451
W03,2109.5745,1,1,0.9988185329269451
W03,2110.5745,1,1,0.9938465774009225
W03,2111.5745,1,1,0.9938465774009225
W03,2112.5745,1,1,0.9938465774009225
W03,2113.5745,1,1,0.9938465774009225
W03,2114.5745,1,1,0.9938465774009225
W03,2115.5745,1,1,0.9994478565656952
W03,2116.5745,1,1,0.9994478565656952
W03,2117.5745,1,1,0.9994478565656952
W03,2118.5745,1,1,0.9994478565656952
W03,2119.5745,1,1,0.9994478565656952
W03,2120.5745,1,1,0.9661972911947014
W03,2121.5745,1,1,0.9661972911947014
W03,2122.5745,1,1,0.9661972911947014
W03,2123.5745,1,1,0.9661972911947014
W03,2124.5745,1,1,0.9661972911947014
W03,2125.5745,1,1,0.991755683766954
W03,2126.5745,1,1,0.991755683766954
W03,2127.5745,1,1,0.991755683766954
W03,2128.5745,1,1,0.991755683766954
W03,2129.5745,1,1,0.991755683766954
W03,2130.5745,0,0,0.135399139832681
W03,2131.5745,0,0,0.135399139832681
W03,2132.5745,0,0,0.135399139832681
W03,2133.5745,0,0,0.135399139832681
W03,2134.5745,0,0,0.135399139832681
W03,2135.5745,0,0,0.4956925913694195
W03,2136.5745,0,0,0.4956925913694195
W03,2137.5745,0,0,0.4956925913694195
W03,2138.5745,0,0,0.4956925913694195
W03,2139.5745,0,0,0.4956925913694195
W03,2140.5745,0,0,0.14744006848633248
W03,2141.5745,0,0,0.14744006848633248
W03,2142.5745,0,0,0.14744006848633248
W03,2143.5745,0,0,0.14744006848633248
W03,2144.5745,0,0,0.14744006848633248
W03,2145.5745,0,0,0.23884992402672967
W03,2146.5745,0,0,0.23884992402672967
W03,2147.5745,0,0,0.23884992402672967
W03,2148.5745,0,0,0.23884992402672967
W03,2149.5745,0,0,0.23884992402672967
W03,2150.5745,0,0,0.33304655052507326
W03,2151.5745,0,0,0.33304655052507326
W03,2152.5745,0,0,0.33304655052507326
W03,2153.5745,0,0,0.33304655052507326
W03,2154.5745,0,0,0.33304655052507326
W03,2155.5745,0,0,0.2409946699622312
W03,2156.5745,0,0,0.2409946699622312
W03,2157.5745,0,0,0.2409946699622312
W03,2158.5745,0,0,0.2409946699622312
W03,2159.5745,0,0,0.2409946699622312
W03,2160.5745,0,0,0.05297472482323672
W03,2161.5745,0,0,0.05297472482323672
W03,2162.5745,0,0,0.05297472482323672
W03,2163.5745,0,0,0.05297472482323672
W03,2164.5745,0,0,0.05297472482323672
W03,2165.5745,0,0,0.09542945821760623
W03,2166.5745,0,0,0.09542945821760623
W03,2167.5745,0,0,0.09542945821760623
W03,2168.5745,0,0,0.09542945821760623
W03,2169.5745,0,0,0.09542945821760623
W03,2170.5745,0,0,0.12851488789680404
W03,2171.5745,0,0,0.12851488789680404
W03,2172.5745,0,0,0.12851488789680404
W03,2173.5745,0,0,0.12851488789680404
W03,2174.5745,0,0,0.12851488789680404
W03,2175.5745,1,1,0.6035641465193138
W03,2176.5745,1,1,0.6035641465193138
W03,2177.5745,1,1,0.6035641465193138
W03,2178.5745,1,1,0.6035641465193138
W03,2179.5745,1,1,0.6035641465193138
W03,2180.5745,0,0,0.028658895604436678
W03,2181.5745,0,0,0.028658895604436678
W03,2182.5745,0,0,0.028658895604436678
W03,2183.5745,0,0,0.028658895604436678
W03,2184.5745,0,0,0.028658895604436678
W03,2185.5745,1,0,0.4225011290063138
W03,2186.5745,1,0,0.4225011290063138
W03,2187.5745,1,0,0.4225011290063138
W03,2188.5745,1,0,0.4225011290063138
W03,2189.5745,1,0,0.4225011290063138
W03,2190.5745,0,0,0.16883205535624765
W03,2191.5745,0,0,0.16883205535624765
W03,2192.5745,0,0,0.16883205535624765
W03,2193.5745,0,0,0.16883205535624765
W03,2194.5745,0,0,0.16883205535624765
W03,2195.5745,1,1,0.9839238022689535
W03,2196.5745,1,1,0.9839238022689535
W03,2197.5745,1,1,0.9839238022689535
W03,2198.5745,1,1,0.9839238022689535
W03,2199.5745,1,1,0.9839238022689535
W03,2200.5745,0,0,0.3262835840181281
W03,2201.5745,0,0,0.3262835840181281
W03,2202.5745,0,0,0.3262835840181281
W03,2203.5745,0,0,0.3262835840181281
W03,2204.5745,0,0,0.3262835840181281
W03,2205.5745,1,0,0.30202292156867927
W03,2206.5745,1,0,0.30202292156867927
W03,2207.5745,1,0,0.30202292156867927
W03,2208.5745,1,0,0.30202292156867927
W03,2209.5745,1,0,0.30202292156867927
W03,2210.5745,1,1,0.9316783615175762
W03,2211.5745,1,1,0.9316783615175762
W03,2212.5745,1,1,0.9316783615175762
W03,2213.5745,1,1,0.9316783615175762
W03,2214.5745,1,1,0.9316783615175762
W03,2215.5745,1,0,0.31099050618628077
W03,2216.5745,1,0,0.31099050618628077
W03,2217.5745,1,0,0.31099050618628077
W03,2218.5745,1,0,0.31099050618628077
W03,2219.5745,1,0,0.31099050618628077
W03,2220.5745,1,0,0.3860934022545433
W03,2221.5745,1,0,0.3860934022545433
W03,2222.5745,1,0,0.3860934022545433
W03,2223.5745,1,0,0.3860934022545433
W03,2224.5745,1,0,0.3860934022545433
W03,2225.5745,1,1,0.975215895635869
W03,2226.5745,1,1,0.975215895635869
W03,2227.5745,1,1,0.975215895635869
W03,2228.5745,1,1,0.975215895635869
W03,2229.5745,1,1,0.975215895635869
W03,2230.5745,1,1,0.538591867155467
W03,2231.5745,1,1,0.538591867155467
W03,2232.5745,1,1,0.538591867155467
W03,2233.5745,1,1,0.538591867155467
W03,2234.5745,1,1,0.538591867155467
W03,2235.5745,0,0,0.23218675864223717
W03,2236.5745,0,0,0.23218675864223717
W03,2237.5745,0,0,0.23218675864223717
W03,2238.5745,0,0,0.23218675864223717
W03,2239.5745,0,0,0.23218675864223717
W03,2240.5745,1,1,0.5422373403336835
W03,2241.5745,1,1,0.5422373403336835
W03,2242.5745,1,1,0.5422373403336835
W03,2243.5745,1,1,0.5422373403336835
W03,2244.5745,1,1,0.5422373403336835
W03,2245.5745,1,0,0.49708251711366025
W03,2246.5745,1,0,0.49708251711366025
W03,2247.5745,1,0,0.49708251711366025
W03,2248.5745,1,0,0.49708251711366025
W03,2249.5745,1,0,0.49708251711366025
W03,2250.5745,0,0,0.10725354870577748
W03,2251.5745,0,0,0.10725354870577748
W03,2252.5745,0,0,0.10725354870577748
W03,2253.5745,0,0,0.10725354870577748
W03,2254.5745,0,0,0.10725354870577748
W03,2255.5745,0,0,0.09910394107700218
W03,2256.5745,0,0,0.09910394107700218
W03,2257.5745,0,0,0.09910394107700218
W03,2258.5745,0,0,0.09910394107700218
W03,2259.5745,0,0,0.09910394107700218
W03,2260.5745,1,0,0.43534914819483017
W03,2261.5745,1,0,0.43534914819483017
W03,2262.5745,1,0,0.43534914819483017
W03,2263.5745,1,0,0.43534914819483017
W03,2264.5745,1,0,0.43534914819483017
W03,2265.5745,1,0,0.4023226993215964
W03,2266.5745,1,0,0.4023226993215964
W03,2267.5745,1,0,0.4023226993215964
W03,2268.5745,1,0,0.4023226993215964
W03,2269.5745,1,0,0.4023226993215964
W03,2270.5745,1,1,0.8350583634440324
W03,2271.5745,1,1,0.8350583634440324
W03,2272.5745,1,1,0.8350583634440324
W03,2273.5745,1,1,0.8350583634440324
W03,2274.5745,1,1,0.8350583634440324
W03,2275.5745,0,1,0.5922018498083883
W03,2276.5745,0,1,0.5922018498083883
W03,2277.5745,0,1,0.5922018498083883
W03,2278.5745,0,1,0.5922018498083883
W03,2279.5745,0,1,0.5922018498083883
W03,2280.5745,0,0,0.227956325512947
W03,2281.5745,0,0,0.227956325512947
W03,2282.5745,0,0,0.227956325512947
W03,2283.5745,0,0,0.227956325512947
W03,2284.5745,0,0,0.227956325512947
W03,2285.5745,1,1,0.8546362390973685
W03,2286.5745,1,1,0.8546362390973685
W03,2287.5745,1,1,0.8546362390973685
W03,2288.5745,1,1,0.8546362390973685
W03,2289.5745,1,1,0.8546362390973685
W03,2290.5745,0,0,0.09625680397940299
W03,2291.5745,0,0,0.09625680397940299
W03,2292.5745,0,0,0.09625680397940299
W03,2293.5745,0,0,0.09625680397940299
W03,2294.5745,0,0,0.09625680397940299
W03,2295.5745,0,0,0.14314334487809385
W03,2296.5745,0,0,0.14314334487809385
W03,2297.5745,0,0,0.14314334487809385
W03,2298.5745,0,0,0.14314334487809385
W03,2299.5745,0,0,0.14314334487809385
W03,2300.5745,0,0,0.2247674081195337
W03,2301.5745,0,0,0.2247674081195337
W03,2302.5745,0,0,0.2247674081195337
W03,2303.5745,0,0,0.2247674081195337
W03,2304.5745,0,0,0.2247674081195337
W03,2305.5745,0,0,0.25064560966062527
W03,2306.5745,0,0,0.25064560966062527
W03,2307.5745,0,0,0.25064560966062527
W03,2308.5745,0,0,0.25064560966062527
W03,2309.5745,1,0,0.22915750971967805
W03,2310.5745,1,0,0.22915750971967805
W03,2311.5745,1,1,0.9587726591023513
W03,2312.5745,1,1,0.9587726591023513
W03,2313.5745,1,1,0.9587726591023513
W03,2314.5745,1,1,0.9587726591023513
W03,2315.5745,1,1,0.9587726591023513
W03,2316.5745,1,1,0.566653876215709
W03,2317.5745,1,1,0.566653876215709
W03,2318.5745,1,1,0.566653876215709
W03,2319.5745,1,1,0.566653876215709
W03,2320.5745,1,1,0.566653876215709
W03,2321.5745,1,1,0.5167023949745353
W03,2322.5745,1,1,0.5167023949745353
W03,2323.5745,1,1,0.5167023949745353
W03,2324.5745,1,1,0.5167023949745353
W03,2325.5745,1,1,0.5167023949745353
W03,2326.5745,1,1,0.9992496454550878
W03,2327.5745,1,1,0.9992496454550878
W03,2328.5745,1,1,0.9992496454550878
W03,2329.5745,1,1,0.9992496454550878
W03,2330.5745,1,1,0.9992496454550878
W03,2331.5745,1,1,0.9999945688598634
W03,2332.5745,1,1,0.9999945688598634
W03,2333.5745,1,1,0.9999945688598634
W03,2334.5745,1,1,0.9999945688598634
W03,2335.5745,1,1,0.9999945688598634
W03,2336.5745,1,1,0.9996793181012172
W03,2337.5745,1,1,0.9996793181012172
W03,2338.5745,1,1,0.9996793181012172
W03,2339.5745,1,1,0.9996793181012172
W03,2340.5745,1,1,0.9996793181012172
W03,2341.5745,1,1,0.9892470366772192
W03,2342.5745,1,1,0.9892470366772192
W03,2343.5745,1,1,0.9892470366772192
W03,2344.5745,1,1,0.9892470366772192
W03,2345.5745,1,1,0.9892470366772192
W03,2346.5745,1,1,0.9478070995331289
W03,2347.5745,1,1,0.9478070995331289
W03,2348.5745,1,1,0.9478070995331289
W03,2349.5745,1,1,0.9478070995331289
W03,2350.5745,1,1,0.9478070995331289
W03,2351.5745,1,1,0.9974728664192921
W03,2352.5745,1,1,0.9974728664192921
W03,2353.5745,1,1,0.9974728664192921
W03,2354.5745,1,1,0.9974728664192921
W03,2355.5745,1,1,0.9974728664192921
W03,2356.5745,0,1,0.7106282121878578
W03,2357.5745,0,1,0.7106282121878578
W03,2358.5745,0,1,0.7106282121878578
W03,2359.5745,0,1,0.7106282121878578
W03,2360.5745,0,1,0.7106282121878578
W03,2361.5745,0,1,0.946741595042312
W03,2362.5745,0,1,0.946741595042312
W03,2363.5745,0,1,0.946741595042312
W03,2364.5745,0,1,0.946741595042312
W03,2365.5745,0,1,0.946741595042312
W03,2366.5745,1,1,0.9920790954137533
W03,2367.5745,1,1,0.9920790954137533
W03,2368.5745,1,1,0.9920790954137533
W03,2369.5745,1,1,0.9920790954137533
W03,2370.5745,1,1,0.9920790954137533
W03,2371.5745,1,1,0.9731185388584747
W03,2372.5745,1,1,0.9731185388584747
W03,2373.5745,1,1,0.9731185388584747
W03,2374.5745,1,1,0.9731185388584747
W03,2375.5745,1,1,0.9731185388584747
W03,2376.5745,1,1,0.9985434986419978
W03,2377.5745,1,1,0.9985434986419978
W03,2378.5745,1,1,0.9985434986419978
W03,2379.5745,1,1,0.9985434986419978
W03,2380.5745,1,1,0.9985434986419978
W03,2381.5745,1,1,0.9992886630062693
W03,2382.5745,1,1,0.9992886630062693
W03,2383.5745,1,1,0.9992886630062693
W03,2384.5745,1,1,0.9992886630062693
W03,2385.5745,1,1,0.9992886630062693
W03,2386.5745,1,1,0.995016035358161
W03,2387.5745,1,1,0.995016035358161
W03,2388.5745,1,1,0.995016035358161
W03,2389.5745,1,1,0.995016035358161
W03,2390.5745,1,1,0.995016035358161
W03,2391.5745,1,1,0.9854570443129222
W03,2392.5745,1,1,0.9854570443129222
W03,2393.5745,1,1,0.9854570443129222
W03,2394.5745,1,1,0.9854570443129222
W03,2395.5745,1,1,0.9854570443129222
W03,2396.5745,1,1,0.9950709147672416
W03,2397.5745,1,1,0.9950709147672416
W03,2398.5745,1,1,0.9950709147672416
W03,2399.5745,1,1,0.9950709147672416
W03,2400.5745,1,1,0.9950709147672416
W03,2401.5745,0,0,0.31035891909463564
W03,2402.5745,0,0,0.31035891909463564
W03,2403.5745,0,0,0.31035891909463564
W03,2404.5745,0,0,0.31035891909463564
W03,2405.5745,0,0,0.31035891909463564
W03,2406.5745,1,1,0.9864016983305549
W03,2407.5745,1,1,0.9864016983305549
W03,2408.5745,1,1,0.9864016983305549
W03,2409.5745,1,1,0.9864016983305549
W03,2410.5745,1,1,0.9864016983305549
W03,2411.5745,0,0,0.25934139158292496
W03,2412.5745,0,0,0.25934139158292496
W03,2413.5745,0,0,0.25934139158292496
W03,2414.5745,0,0,0.25934139158292496
W03,2415.5745,0,0,0.25934139158292496
W03,2416.5745,0,0,0.08240505322625417
W03,2417.5745,0,0,0.08240505322625417
W03,2418.5745,0,0,0.08240505322625417
W03,2419.5745,0,0,0.08240505322625417
W03,2420.5745,0,0,0.08240505322625417
W03,2421.5745,1,1,0.9783652803695393
W03,2422.5745,1,1,0.9783652803695393
W03,2423.5745,1,1,0.9783652803695393
W03,2424.5745,1,1,0.9783652803695393
W03,2425.5745,1,1,0.9783652803695393
W03,2426.5745,1,1,0.7395225635189286
W03,2427.5745,1,1,0.7395225635189286
W03,2428.5745,1,1,0.7395225635189286
W03,2429.5745,1,1,0.7395225635189286
W03,2430.5745,1,1,0.7395225635189286
W03,2431.5745,1,1,0.6283615739550277
W03,2432.5745,1,1,0.6283615739550277
W03,2433.5745,1,1,0.6283615739550277
W03,2434.5745,1,1,0.6283615739550277
W03,2435.5745,1,1,0.6283615739550277
W03,2436.5745,1,1,0.6679709483051678
W03,2437.5745,1,1,0.6679709483051678
W03,2438.5745,1,1,0.6679709483051678
W03,2439.5745,1,1,0.6679709483051678
W03,2440.5745,1,1,0.6679709483051678
W03,2441.5745,1,1,0.999676400604888
W03,2442.5745,1,1,0.999676400604888
W03,2443.5745,1,1,0.999676400604888
W03,2444.5745,1,1,0.999676400604888
W03,2445.5745,1,1,0.999676400604888
W03,2446.5745,1,1,0.983665422738447
W03,2447.5745,1,1,0.983665422738447
W03,2448.5745,1,1,0.983665422738447
W03,2449.5745,1,1,0.983665422738447
W03,2450.5745,1,1,0.983665422738447
W03,2451.5745,1,1,0.9166169692615911
W03,2452.5745,1,1,0.9166169692615911
W03,2453.5745,1,1,0.9166169692615911
W03,2454.5745,1,1,0.9166169692615911
W03,2455.5745,1,1,0.9166169692615911
W03,2456.5745,0,0,0.010357817130998145
W03,2457.5745,0,0,0.010357817130998145
W03,2458.5745,0,0,0.010357817130998145
W03,2459.5745,0,0,0.010357817130998145
W03,2460.5745,0,0,0.010357817130998145
W03,2461.5745,0,0,0.08977092000118148
W03,2462.5745,0,0,0.08977092000118148
W03,2463.5745,0,0,0.08977092000118148
W03,2464.5745,0,0,0.08977092000118148
W03,2465.5745,0,0,0.08977092000118148
W03,2466.5745,0,0,0.1791020825932855
W03,2467.5745,0,0,0.1791020825932855
W03,2468.5745,0,0,0.1791020825932855
W03,2469.5745,0,0,0.1791020825932855
W03,2470.5745,0,0,0.1791020825932855
W03,2471.5745,0,0,0.005902929161550244
W03,2472.5745,0,0,0.005902929161550244
W03,2473.5745,0,0,0.005902929161550244
W03,2474.5745,0,0,0.005902929161550244
W03,2475.5745,0,0,0.005902929161550244
W03,2476.5745,0,0,0.019736558721036673
W03,2477.5745,0,0,0.019736558721036673
W03,2478.5745,0,0,0.019736558721036673
W03,2479.5745,0,0,0.019736558721036673
W03,2480.5745,0,0,0.019736558721036673
W03,2481.5745,0,0,0.048905096527855456
W03,2482.5745,0,0,0.048905096527855456
W03,2483.5745,0,0,0.048905096527855456
W03,2484.5745,1,0,0.473220865277507
W03,2485.5745,1,0,0.473220865277507
W03,2486.5745,1,1,0.7205319821122029
W03,2487.5745,1,1,0.7205319821122029
W03,2488.5745,1,1,0.7205319821122029
W03,2489.5745,1,1,0.7205319821122029
W03,2490.5745,1,1,0.7205319821122029
W03,2491.5745,1,1,0.7478426964229932
W03,2492.5745,1,1,0.7478426964229932
W03,2493.5745,1,1,0.7478426964229932
W03,2494.5745,1,1,0.7478426964229932
W03,2495.5745,1,1,0.7478426964229932
W03,2496.5745,1,1,0.7032249110812389
W03,2497.5745,1,1,0.7032249110812389
W03,2498.5745,1,1,0.7032249110812389
W03,2499.5745,1,1,0.7032249110812389
W03,2500.5745,1,1,0.7032249110812389
W03,2501.5745,0,0,0.11232975408956726
W03,2502.5745,0,0,0.11232975408956726
W03,2503.5745,0,0,0.11232975408956726
W03,2504.5745,0,0,0.11232975408956726
W03,2505.5745,0,0,0.11232975408956726
W03,2506.5745,1,1,0.9527719789527376
W03,2507.5745,1,1,0.9527719789527376
W03,2508.5745,1,1,0.9527719789527376
W03,2509.5745,1,1,0.9527719789527376
W03,2510.5745,1,1,0.9527719789527376
W03,2511.5745,1,1,0.8730441977568625
W03,2512.5745,1,1,0.8730441977568625
W03,2513.5745,1,1,0.8730441977568625
W03,2514.5745,1,1,0.8730441977568625
W03,2515.5745,1,1,0.8730441977568625
W03,2516.5745,1,1,0.8853310325797713
W03,2517.5745,1,1,0.8853310325797713
W03,2518.5745,1,1,0.8853310325797713
W03,2519.5745,1,1,0.8853310325797713
W03,2520.5745,1,1,0.8853310325797713
W03,2521.5745,0,0,0.16318233928741982
W03,2522.5745,0,0,0.16318233928741982
W03,2523.5745,0,0,0.16318233928741982
W03,2524.5745,0,0,0.16318233928741982
W03,2525.5745,0,0,0.16318233928741982
W03,2526.5745,0,0,0.028719974370134706
W03,2527.5745,0,0,0.028719974370134706
W03,2528.5745,0,0,0.028719974370134706
W03,2529.5745,0,0,0.028719974370134706
W03,2530.5745,0,0,0.028719974370134706
W03,2531.5745,1,0,0.23897639555512548
W03,2532.5745,1,0,0.23897639555512548
W03,2533.5745,1,0,0.23897639555512548
W03,2534.5745,1,0,0.23897639555512548
W03,2535.5745,1,0,0.23897639555512548
W03,2536.5745,1,1,0.9898174698510928
W03,2537.5745,1,1,0.9898174698510928
W03,2538.5745,1,1,0.9898174698510928
W03,2539.5745,1,1,0.9898174698510928
W03,2540.5745,1,1,0.9898174698510928
W03,2541.5745,1,1,0.8510984860404333
W03,2542.5745,1,1,0.8510984860404333
W03,2543.5745,1,1,0.8510984860404333
W03,2544.5745,1,1,0.8510984860404333
W03,2545.5745,1,1,0.8510984860404333
W03,2546.5745,1,1,0.912147276981471
W03,2547.5745,1,1,0.912147276981471
W03,2548.5745,1,1,0.912147276981471
W03,2549.5745,1,1,0.912147276981471
W03,2550.5745,1,1,0.912147276981471
W03,2551.5745,1,0,0.15479183221729104
W03,2552.5745,1,0,0.15479183221729104
W03,2553.5745,1,0,0.15479183221729104
W03,2554.5745,1,0,0.15479183221729104
W03,2555.5745,1,0,0.15479183221729104
W03,2556.5745,1,1,0.82404528911769
W03,2557.5745,1,1,0.82404528911769
W03,2558.5745,1,1,0.82404528911769
W03,2559.5745,1,1,0.82404528911769
W03,2560.5745,1,1,0.82404528911769
W03,2561.5745,1,1,0.9424698439707677
W03,2562.5745,1,1,0.9424698439707677
W03,2563.5745,1,1,0.9424698439707677
W03,2564.5745,1,1,0.9424698439707677
W03,2565.5745,1,1,0.9424698439707677
W03,2566.5745,1,1,0.9995152961542721
W03,2567.5745,1,1,0.9995152961542721
W03,2568.5745,1,1,0.9995152961542721
W03,2569.5745,1,1,0.9995152961542721
W03,2570.5745,1,1,0.9995152961542721
W03,2571.5745,1,1,0.9927828996483611
W03,2572.5745,1,1,0.9927828996483611
W03,2573.5745,1,1,0.9927828996483611
W03,2574.5745,1,1,0.9927828996483611
W03,2575.5745,1,1,0.9927828996483611
W03,2576.5745,1,1,0.957350287172881
W03,2577.5745,1,1,0.957350287172881
W03,2578.5745,1,1,0.957350287172881
W03,2579.5745,1,1,0.957350287172881
W03,2580.5745,1,1,0.957350287172881
W03,2581.5745,1,1,0.9775646983963326
W03,2582.5745,1,1,0.9775646983963326
W03,2583.5745,1,1,0.9775646983963326
W03,2584.5745,1,1,0.9775646983963326
W03,2585.5745,1,1,0.9775646983963326
W03,2586.5745,0,0,0.11872214544959935
W03,2587.5745,0,0,0.11872214544959935
W03,2588.5745,0,0,0.11872214544959935
W03,2589.5745,0,0,0.11872214544959935
W03,2590.5745,0,0,0.11872214544959935
W03,2591.5745,0,0,0.018898229625668794
W03,2592.5745,0,0,0.018898229625668794
W03,2593.5745,0,0,0.018898229625668794
W03,2594.5745,0,0,0.018898229625668794
W03,2595.5745,0,0,0.018898229625668794
W03,2596.5745,1,1,0.8819952464434034
W03,2597.5745,1,1,0.8819952464434034
W03,2598.5745,1,1,0.8819952464434034
W03,2599.5745,1,1,0.8819952464434034
W03,2600.5745,1,1,0.8819952464434034
W03,2601.5745,1,1,0.9999848498871372
W03,2602.5745,1,1,0.9999848498871372
W03,2603.5745,1,1,0.9999848498871372
W03,2604.5745,1,1,0.9999848498871372
W03,2605.5745,1,1,0.9999848498871372
W03,2606.5745,1,1,0.9999928377436009
W03,2607.5745,1,1,0.9999928377436009
W03,2608.5745,1,1,0.9999928377436009
W03,2609.5745,1,1,0.9999928377436009
W03,2610.5745,1,1,0.9999928377436009
W03,2611.5745,1,1,0.9614204030129185
W03,2612.5745,1,1,0.9614204030129185
W03,2613.5745,1,1,0.9614204030129185
W03,2614.5745,1,1,0.9614204030129185
W03,2615.5745,1,1,0.9614204030129185
W03,2616.5745,0,0,0.2300031613629984
W03,2617.5745,0,0,0.2300031613629984
W03,2618.5745,0,0,0.2300031613629984
W03,2619.5745,0,0,0.2300031613629984
W03,2620.5745,0,0,0.2300031613629984
W03,2621.5745,0,0,0.04629575385955464
W03,2622.5745,0,0,0.04629575385955464
W03,2623.5745,0,0,0.04629575385955464
W03,2624.5745,0,0,0.04629575385955464
W03,2625.5745,0,0,0.04629575385955464
W03,2626.5745,0,0,0.17518156817008607
W03,2627.5745,0,0,0.17518156817008607
W03,2628.5745,0,0,0.17518156817008607
W03,2629.5745,0,0,0.17518156817008607
W03,2630.5745,0,0,0.17518156817008607
W03,2631.5745,0,0,0.0353429201672147
W03,2632.5745,0,0,0.0353429201672147
W03,2633.5745,0,0,0.0353429201672147
W03,2634.5745,0,0,0.0353429201672147
W03,2635.5745,0,0,0.0353429201672147
W03,2636.5745,0,0,0.0708790049207586
W03,2637.5745,0,0,0.0708790049207586
W03,2638.5745,0,0,0.0708790049207586
W03,2639.5745,0,0,0.0708790049207586
W03,2640.5745,0,0,0.0708790049207586
W03,2641.5745,0,0,0.03554907636112658
W03,2642.5745,0,0,0.03554907636112658
W03,2643.5745,0,0,0.03554907636112658
W03,2644.5745,0,0,0.03554907636112658
W03,2645.5745,0,0,0.03554907636112658
W03,2646.5745,0,0,0.005131065424448538
W03,2647.5745,0,0,0.005131065424448538
W03,2648.5745,0,0,0.005131065424448538
W03,2649.5745,0,0,0.005131065424448538
W03,2650.5745,0,0,0.005131065424448538
W03,2651.5745,0,0,0.012137332930848867
W03,2652.5745,0,0,0.012137332930848867
W03,2653.5745,0,0,0.012137332930848867
W03,2654.5745,0,0,0.012137332930848867
W03,2655.5745,0,0,0.012137332930848867
W03,2656.5745,0,0,0.02323726930020181
W03,2657.5745,0,0,0.02323726930020181
W03,2658.5745,0,0,0.02323726930020181
W03,2659.5745,0,0,0.02323726930020181
W03,2660.5745,0,0,0.02323726930020181
W03,2661.5745,0,0,0.02323726930020181
W03,2662.5745,0,0,0.008356984415139329
W03,2663.5745,0,0,0.008356984415139329
W03,2664.5745,0,0,0.008356984415139329
W03,2665.5745,0,0,0.012088925253977506
W03,2666.5745,0,0,0.012088925253977506
W03,2667.5745,0,0,0.012088925253977506
W03,2668.5745,1,1,0.883683272568341
W03,2669.5745,1,1,0.883683272568341
W03,2670.5745,1,1,0.883683272568341
W03,2671.5745,1,1,0.883683272568341
W03,2672.5745,1,1,0.883683272568341
W03,2673.5745,1,1,0.8169064273560535
W03,2674.5745,1,1,0.8169064273560535
W03,2675.5745,1,1,0.8169064273560535
W03,2676.5745,1,1,0.8169064273560535
W03,2677.5745,1,1,0.8169064273560535
W03,2678.5745,0,0,0.19570129255796345
W03,2679.5745,0,0,0.19570129255796345
W03,2680.5745,0,0,0.19570129255796345
W03,2681.5745,0,0,0.19570129255796345
W03,2682.5745,0,0,0.19570129255796345
W03,2683.5745,1,0,0.47685297499360835
W03,2684.5745,1,0,0.47685297499360835
W03,2685.5745,1,0,0.47685297499360835
W03,2686.5745,1,0,0.47685297499360835
W03,2687.5745,1,0,0.47685297499360835
W03,2688.5745,0,0,0.05520556088740168
W03,2689.5745,0,0,0.05520556088740168
W03,2690.5745,0,0,0.05520556088740168
W03,2691.5745,0,0,0.05520556088740168
W03,2692.5745,0,0,0.05520556088740168
W03,2693.5745,0,0,0.20886539636311513
W03,2694.5745,0,0,0.20886539636311513
W03,2695.5745,0,0,0.20886539636311513
W03,2696.5745,0,0,0.20886539636311513
W03,2697.5745,0,0,0.20886539636311513
W03,2698.5745,0,0,0.1505192021409983
W03,2699.5745,0,0,0.1505192021409983
W03,2700.5745,0,0,0.1505192021409983
W03,2701.5745,0,0,0.1505192021409983
W03,2702.5745,0,0,0.1505192021409983
W03,2703.5745,1,1,0.9872123054709081
W03,2704.5745,1,1,0.9872123054709081
W03,2705.5745,1,1,0.9872123054709081
W03,2706.5745,1,1,0.9872123054709081
W03,2707.5745,1,1,0.9872123054709081
W03,2708.5745,1,1,0.8496925370351123
W03,2709.5745,1,1,0.8496925370351123
W03,2710.5745,1,1,0.8496925370351123
W03,2711.5745,1,1,0.8496925370351123
W03,2712.5745,1,1,0.8496925370351123
W03,2713.5745,1,1,0.972075027536234
W03,2714.5745,1,1,0.972075027536234
W03,2715.5745,1,1,0.972075027536234
W03,2716.5745,1,1,0.972075027536234
W03,2717.5745,1,1,0.972075027536234
W03,2718.5745,0,0,0.16335297584550354
W03,2719.5745,0,0,0.16335297584550354
W03,2720.5745,0,0,0.16335297584550354
W03,2721.5745,0,0,0.16335297584550354
W03,2722.5745,0,0,0.16335297584550354
W03,2723.5745,0,0,0.05164499630625264
W03,2724.5745,0,0,0.05164499630625264
W03,2725.5745,0,0,0.05164499630625264
W03,2726.5745,0,0,0.05164499630625264
W03,2727.5745,0,0,0.05164499630625264
W03,2728.5745,0,0,0.0360074402043785
W03,2729.5745,0,0,0.0360074402043785
W03,2730.5745,0,0,0.0360074402043785
W03,2731.5745,0,0,0.0360074402043785
W03,2732.5745,0,0,0.0360074402043785
W03,2733.5745,0,0,0.033935676588637394
W03,2734.5745,0,0,0.033935676588637394
W03,2735.5745,0,0,0.033935676588637394
W03,2736.5745,0,0,0.033935676588637394
W03,2737.5745,0,0,0.033935676588637394
W03,2738.5745,0,1,0.6424139954275444
W03,2739.5745,0,1,0.6424139954275444
W03,2740.5745,0,1,0.6424139954275444
W03,2741.5745,0,1,0.6424139954275444
W03,2742.5745,0,1,0.6424139954275444
W03,2743.5745,1,1,0.9799130609729586
W03,2744.5745,1,1,0.9799130609729586
W03,2745.5745,1,1,0.9799130609729586
W03,2746.5745,1,1,0.9799130609729586
W03,2747.5745,1,1,0.9799130609729586
W03,2748.5745,1,1,0.9977038526987115
W03,2749.5745,1,1,0.9977038526987115
W03,2750.5745,1,1,0.9977038526987115
W03,2751.5745,1,1,0.9977038526987115
W03,2752.5745,1,1,0.9977038526987115
W03,2753.5745,1,1,0.9533060193679956
W03,2754.5745,1,1,0.9533060193679956
W03,2755.5745,1,1,0.9533060193679956
W03,2756.5745,1,1,0.9533060193679956
W03,2757.5745,1,1,0.9533060193679956
W03,2758.5745,1,0,0.4564018957251787
W03,2759.5745,1,0,0.4564018957251787
W03,2760.5745,1,0,0.4564018957251787
W03,2761.5745,1,0,0.4564018957251787
W03,2762.5745,1,0,0.4564018957251787
W03,2763.5745,0,0,0.06279521131956406
W03,2764.5745,0,0,0.06279521131956406
W03,2765.5745,0,0,0.06279521131956406
W03,2766.5745,0,0,0.06279521131956406
W03,2767.5745,0,0,0.06279521131956406
W03,2768.5745,0,0,0.033958730042036075
W03,2769.5745,0,0,0.033958730042036075
W03,2770.5745,0,0,0.033958730042036075
W03,2771.5745,0,0,0.033958730042036075
W03,2772.5745,0,0,0.033958730042036075
W03,2773.5745,0,0,0.01583073962514268
W03,2774.5745,0,0,0.01583073962514268
W03,2775.5745,0,0,0.01583073962514268
W03,2776.5745,0,0,0.01583073962514268
W03,2777.5745,0,0,0.01583073962514268
W03,2778.5745,0,0,0.01732175319616828
W03,2779.5745,0,0,0.01732175319616828
W03,2780.5745,0,0,0.01732175319616828
W03,2781.5745,0,0,0.01732175319616828
W03,2782.5745,0,0,0.01732175319616828
W03,2783.5745,0,0,0.016071475065067845
W03,2784.5745,0,0,0.016071475065067845
W03,2785.5745,0,0,0.05121474684153945
W03,2786.5745,0,0,0.05121474684153945
W03,2787.5745,0,0,0.05121474684153945
W03,2788.5745,0,0,0.05121474684153945
W03,2789.5745,0,0,0.05121474684153945
W03,2790.5745,0,0,0.027556306761831816
W03,2791.5745,0,0,0.027556306761831816
W03,2792.5745,0,0,0.027556306761831816
W03,2793.5745,0,0,0.027556306761831816
W03,2794.5745,0,0,0.027556306761831816
W03,2795.5745,0,0,0.006763614986583586
W03,2796.5745,0,0,0.006763614986583586
W03,2797.5745,0,0,0.006763614986583586
W03,2798.5745,0,0,0.006763614986583586
W03,2799.5745,0,0,0.006763614986583586
W03,2800.5745,0,0,0.007007881616844682
W03,2801.5745,0,0,0.007007881616844682
W03,2802.5745,0,0,0.007007881616844682
W03,2803.5745,0,0,0.007007881616844682
W03,2804.5745,0,0,0.007007881616844682
W03,2805.5745,0,0,0.024314048649228218
W03,2806.5745,0,0,0.024314048649228218
W03,2807.5745,0,0,0.024314048649228218
W03,2808.5745,0,0,0.024314048649228218
W03,2809.5745,0,0,0.024314048649228218
W03,2810.5745,0,0,0.007300724267551651
W03,2811.5745,0,0,0.007300724267551651
W03,2812.5745,0,0,0.007300724267551651
W03,2813.5745,0,0,0.007300724267551651
W03,2814.5745,0,0,0.007300724267551651
W03,2815.5745,0,0,0.004081723107789421
W03,2816.5745,0,0,0.004081723107789421
W03,2817.5745,0,0,0.004081723107789421
W03,2818.5745,0,0,0.004081723107789421
W03,2819.5745,0,0,0.004081723107789421
W03,2820.5745,0,0,0.004486219387442136
W03,2821.5745,0,0,0.004486219387442136
W03,2822.5745,0,0,0.004486219387442136
W03,2823.5745,0,0,0.004486219387442136
W03,2824.5745,0,0,0.004486219387442136
W03,2825.5745,0,0,0.0074979707657368555
W03,2826.5745,0,0,0.0074979707657368555
W03,2827.5745,0,0,0.0074979707657368555
W03,2828.5745,0,0,0.0074979707657368555
W03,2829.5745,0,0,0.0074979707657368555
W03,2830.5745,0,0,0.00547799590708678
W03,2831.5745,0,0,0.00547799590708678
W03,2832.5745,0,0,0.00547799590708678
W03,2833.5745,0,0,0.00547799590708678
W03,2834.5745,0,0,0.00547799590708678
W03,2835.5745,0,0,0.09756045748093682
W03,2836.5745,0,0,0.09756045748093682
W03,2837.5745,0,0,0.09756045748093682
W03,2838.5745,0,0,0.09756045748093682
W03,2839.5745,0,0,0.09756045748093682
W03,2840.5745,0,0,0.03393054691433024
W03,2841.5745,0,0,0.03393054691433024
W03,2842.5745,0,0,0.03393054691433024
W03,2843.5745,0,0,0.03393054691433024
W03,2844.5745,0,0,0.03393054691433024
W03,2845.5745,0,0,0.01928830058554135
W03,2846.5745,0,0,0.01928830058554135
W03,2847.5745,0,0,0.01928830058554135
W03,2848.5745,0,0,0.01928830058554135
W03,2849.5745,0,0,0.01928830058554135
W03,2850.5745,0,0,0.012857338692753342
W03,2851.5745,0,0,0.012857338692753342
W03,2852.5745,0,0,0.012857338692753342
W03,2853.5745,0,0,0.012857338692753342
W03,2854.5745,0,0,0.012857338692753342
W03,2855.5745,0,0,0.017032840659643146
W03,2856.5745,0,0,0.017032840659643146
W03,2857.5745,0,0,0.017032840659643146
W03,2858.5745,0,0,0.017032840659643146
W03,2859.5745,0,0,0.017032840659643146
W03,2860.5745,0,0,0.012661624180290508
W03,2861.5745,0,0,0.012661624180290508
W03,2862.5745,0,0,0.012661624180290508
W03,2863.5745,0,0,0.012661624180290508
W03,2864.5745,0,0,0.012661624180290508
W03,2865.5745,0,0,0.0052178083234190355
W03,2866.5745,0,0,0.0052178083234190355
W03,2867.5745,0,0,0.0052178083234190355
W03,2868.5745,0,0,0.0052178083234190355
W03,2869.5745,0,0,0.0052178083234190355
W03,2870.5745,0,0,0.0072981646100853835
W03,2871.5745,0,0,0.0072981646100853835
W03,2872.5745,0,0,0.0072981646100853835
W03,2873.5745,0,0,0.0072981646100853835
W03,2874.5745,0,0,0.0072981646100853835
W03,2875.5745,0,0,0.01315559243083315
W03,2876.5745,0,0,0.01315559243083315
W03,2877.5745,0,0,0.01315559243083315
W03,2878.5745,0,0,0.01315559243083315
W03,2879.5745,0,0,0.01315559243083315
W03,2880.5745,0,0,0.008728048526805797
W03,2881.5745,0,0,0.008728048526805797
W03,2882.5745,0,0,0.008728048526805797
W03,2883.5745,0,0,0.008728048526805797
W03,2884.5745,0,0,0.008728048526805797
W03,2885.5745,0,0,0.004534728070495099
W03,2886.5745,0,0,0.004534728070495099
W03,2887.5745,0,0,0.004534728070495099
W03,2888.5745,0,0,0.004534728070495099
W03,2889.5745,0,0,0.004534728070495099
W03,2890.5745,0,0,0.0049686752466799
W03,2891.5745,0,0,0.0049686752466799
W03,2892.5745,0,0,0.0049686752466799
W03,2893.5745,0,0,0.0049686752466799
W03,2894.5745,0,0,0.0049686752466799
W03,2895.5745,0,0,0.009592918337352898
W03,2896.5745,0,0,0.009592918337352898
W03,2897.5745,0,0,0.02337743524898795
W03,2898.5745,0,0,0.02543608854475779
W03,2899.5745,0,0,0.02543608854475779
W03,2900.5745,0,0,0.02543608854475779
W03,2901.5745,0,0,0.02543608854475779
W03,2902.5745,0,0,0.02543608854475779
W03,2903.5745,0,0,0.020224796060653773
W03,2904.5745,0,0,0.020224796060653773
W03,2905.5745,0,0,0.020224796060653773
W03,2906.5745,0,0,0.020224796060653773
W03,2907.5745,0,0,0.020224796060653773
W03,2908.5745,0,0,0.020612021842334547
W03,2909.5745,0,0,0.020612021842334547
W03,2910.5745,0,0,0.020612021842334547
W03,2911.5745,0,0,0.020612021842334547
W03,2912.5745,0,0,0.020612021842334547
W03,2913.5745,0,0,0.01593398003375934
W03,2914.5745,0,0,0.01593398003375934
W03,2915.5745,0,0,0.01593398003375934
W03,2916.5745,0,0,0.01593398003375934
W03,2917.5745,0,0,0.01593398003375934
W03,2918.5745,0,0,0.008427100697678033
W03,2919.5745,0,0,0.008427100697678033
W03,2920.5745,0,0,0.008427100697678033
W03,2921.5745,0,0,0.008427100697678033
W03,2922.5745,0,0,0.008427100697678033
W03,2923.5745,0,0,0.015147062720154852
W03,2924.5745,0,0,0.015147062720154852
W03,2925.5745,0,0,0.015147062720154852
W03,2926.5745,0,0,0.015147062720154852
W03,2927.5745,0,0,0.015147062720154852
W03,2928.5745,0,0,0.010335853952014487
W03,2929.5745,0,0,0.010335853952014487
W03,2930.5745,0,0,0.010335853952014487
W03,2931.5745,0,0,0.010335853952014487
W03,2932.5745,0,0,0.010335853952014487
W03,2933.5745,0,0,0.017997946862909085
W03,2934.5745,0,0,0.017997946862909085
W03,2935.5745,0,0,0.017997946862909085
W03,2936.5745,0,0,0.017997946862909085
W03,2937.5745,0,0,0.017997946862909085
W03,2938.5745,0,0,0.018311037950918107
W03,2939.5745,0,0,0.018311037950918107
W03,2940.5745,0,0,0.018311037950918107
W03,2941.5745,0,0,0.018311037950918107
W03,2942.5745,0,0,0.018311037950918107
W03,2943.5745,0,0,0.009940886880465872
W03,2944.5745,0,0,0.009940886880465872
W03,2945.5745,0,0,0.009940886880465872
W03,2946.5745,0,0,0.009940886880465872
W03,2947.5745,0,0,0.009940886880465872
W03,2948.5745,0,0,0.01742712159794935
W03,2949.5745,0,0,0.01742712159794935
W03,2950.5745,0,0,0.01742712159794935
W03,2951.5745,0,0,0.01742712159794935
W03,2952.5745,0,0,0.01742712159794935
W03,2953.5745,0,0,0.017534689588266365
W03,2954.5745,0,0,0.017534689588266365
W03,2955.5745,0,0,0.017534689588266365
W03,2956.5745,0,0,0.017534689588266365
W03,2957.5745,0,0,0.017534689588266365
W03,2958.5745,0,0,0.014862492405982605
W03,2959.5745,0,0,0.014862492405982605
W03,2960.5745,0,0,0.014862492405982605
W03,2961.5745,0,0,0.014862492405982605
W03,2962.5745,0,0,0.014862492405982605
W03,2963.5745,0,0,0.01595083245879834
W03,2964.5745,0,0,0.01595083245879834
W03,2965.5745,0,0,0.01595083245879834
W03,2966.5745,0,0,0.01595083245879834
W03,2967.5745,0,0,0.01595083245879834
W03,2968.5745,0,0,0.007362921881291255
W03,2969.5745,0,0,0.007362921881291255
W03,2970.5745,0,0,0.007362921881291255
W03,2971.5745,0,0,0.007362921881291255
W03,2972.5745,0,0,0.007362921881291255
W03,2973.5745,0,0,0.003588482521581688
W03,2974.5745,0,0,0.003588482521581688
W03,2975.5745,0,0,0.003588482521581688
W03,2976.5745,0,0,0.003588482521581688
W03,2977.5745,0,0,0.003588482521581688
W03,2978.5745,0,0,0.007244388916073609
W03,2979.5745,0,0,0.007244388916073609
W03,2980.5745,0,0,0.007244388916073609
W03,2981.5745,0,0,0.007244388916073609
W03,2982.5745,0,0,0.007244388916073609
W03,2983.5745,0,0,0.0051735624024535146
W03,2984.5745,0,0,0.0051735624024535146
W03,2985.5745,0,0,0.0051735624024535146
W03,2986.5745,0,0,0.0051735624024535146
W03,2987.5745,0,0,0.0051735624024535146
W03,2988.5745,0,0,0.002651050826966154
W03,2989.5745,0,0,0.002651050826966154
W03,2990.5745,0,0,0.002651050826966154
W03,2991.5745,0,0,0.002651050826966154
W03,2992.5745,0,0,0.002651050826966154
W03,2993.5745,0,0,0.009430217270437665
W03,2994.5745,0,0,0.009430217270437665
W03,2995.5745,0,0,0.009430217270437665
W03,2996.5745,0,0,0.009430217270437665
W03,2997.5745,0,0,0.009430217270437665
W03,2998.5745,0,0,0.0423323950562793
W03,2999.5745,0,0,0.0423323950562793
W03,3000.5745,0,0,0.0423323950562793
W03,3001.5745,0,0,0.0423323950562793
W03,3002.5745,0,0,0.0423323950562793
W03,3003.5745,0,0,0.04479951988178034
W03,3004.5745,0,0,0.04479951988178034
W03,3005.5745,0,0,0.04479951988178034
W03,3006.5745,0,0,0.04479951988178034
W03,3007.5745,0,0,0.04479951988178034
W03,3008.5745,0,0,0.0222117550592487
W03,3009.5745,0,0,0.0222117550592487
W03,3010.5745,0,0,0.0222117550592487
W03,3011.5745,0,0,0.0222117550592487
W03,3012.5745,0,0,0.0222117550592487
W03,3013.5745,0,0,0.014908894528481403
W03,3014.5745,0,0,0.014908894528481403
W03,3015.5745,0,0,0.014908894528481403
W03,3016.5745,0,0,0.014908894528481403
W03,3017.5745,0,0,0.014908894528481403
W03,3018.5745,0,0,0.028302840595524657
W03,3019.5745,0,0,0.028302840595524657
W03,3020.5745,0,0,0.028302840595524657
W03,3021.5745,0,0,0.028302840595524657
W03,3022.5745,0,0,0.028302840595524657
W03,3023.5745,0,0,0.0285857962063043
W03,3024.5745,0,0,0.0285857962063043
W03,3025.5745,0,0,0.0285857962063043
W03,3026.5745,0,0,0.0285857962063043
W03,3027.5745,0,0,0.0285857962063043
W03,3028.5745,0,0,0.10049122236379467
W03,3029.5745,0,0,0.10049122236379467
W03,3030.5745,0,0,0.10049122236379467
W03,3031.5745,0,0,0.10049122236379467
W03,3032.5745,0,0,0.10049122236379467
W03,3033.5745,0,0,0.20681033974020216
W03,3034.5745,0,0,0.20681033974020216
W03,3035.5745,0,0,0.20681033974020216
W03,3036.5745,0,0,0.20681033974020216
W03,3037.5745,0,0,0.20681033974020216
W03,3038.5745,1,0,0.1499812930053486
W03,3039.5745,1,0,0.1499812930053486
W03,3040.5745,1,0,0.1499812930053486
W03,3041.5745,1,0,0.1499812930053486
W03,3042.5745,1,0,0.1499812930053486
W03,3043.5745,1,0,0.2711590118912705
W03,3044.5745,1,0,0.2711590118912705
W03,3045.5745,1,0,0.2711590118912705
W03,3046.5745,1,0,0.2711590118912705
W03,3047.5745,1,0,0.2711590118912705
W03,3048.5745,0,0,0.14374867791434806
W03,3049.5745,0,0,0.14374867791434806
W03,3050.5745,0,0,0.14374867791434806
W03,3051.5745,0,0,0.14374867791434806
W03,3052.5745,0,0,0.14374867791434806
W03,3053.5745,0,0,0.0454901297917264
W03,3054.5745,0,0,0.0454901297917264
W03,3055.5745,0,0,0.0454901297917264
W03,3056.5745,0,0,0.0454901297917264
W03,3057.5745,0,0,0.0454901297917264
W03,3058.5745,1,0,0.40909756207475484
W03,3059.5745,1,0,0.40909756207475484
W03,3060.5745,1,0,0.40909756207475484
W03,3061.5745,1,0,0.40909756207475484
W03,3062.5745,1,0,0.40909756207475484
W03,3063.5745,0,0,0.0533006445192272
W03,3064.5745,0,0,0.0533006445192272
W03,3065.5745,0,0,0.0533006445192272
W03,3066.5745,0,0,0.0533006445192272
W03,3067.5745,0,0,0.0533006445192272
W03,3068.5745,0,0,0.009166490463086483
W03,3069.5745,0,0,0.009166490463086483
W03,3070.5745,0,0,0.009166490463086483
W03,3071.5745,0,0,0.009166490463086483
W03,3072.5745,0,0,0.009166490463086483
W03,3073.5745,0,0,0.006160107194000476
W03,3074.5745,0,0,0.006160107194000476
W03,3075.5745,0,0,0.006160107194000476
W03,3076.5745,0,0,0.006160107194000476
W03,3077.5745,0,0,0.006160107194000476
W03,3078.5745,0,0,0.007105496317785646
W03,3079.5745,0,0,0.007105496317785646
W03,3080.5745,0,0,0.007105496317785646
W03,3081.5745,0,0,0.007105496317785646
W03,3082.5745,0,0,0.007105496317785646
W03,3083.5745,0,0,0.06184980759868055
W03,3084.5745,0,0,0.06184980759868055
W03,3085.5745,0,0,0.06184980759868055
W03,3086.5745,0,0,0.06184980759868055
W03,3087.5745,0,0,0.06184980759868055
W03,3088.5745,0,0,0.02478242783859684
W03,3089.5745,0,0,0.02478242783859684
W03,3090.5745,0,0,0.02478242783859684
W03,3091.5745,0,0,0.02478242783859684
W03,3092.5745,0,0,0.02478242783859684
W03,3093.5745,0,0,0.014434551784305348
W03,3094.5745,0,0,0.014434551784305348
W03,3095.5745,0,0,0.014434551784305348
W03,3096.5745,0,0,0.014434551784305348
W03,3097.5745,0,0,0.014434551784305348
W03,3098.5745,0,0,0.02057860442597389
W03,3099.5745,0,0,0.02057860442597389
W03,3100.5745,0,0,0.02057860442597389
W03,3101.5745,0,0,0.02057860442597389
W03,3102.5745,0,0,0.02057860442597389
W03,3103.5745,0,0,0.006516151990055434
W03,3104.5745,0,0,0.006516151990055434
W03,3105.5745,0,0,0.006516151990055434
W03,3106.5745,0,0,0.006516151990055434
W03,3107.5745,0,0,0.006516151990055434
W03,3108.5745,0,0,0.004033109823975949
W03,3109.5745,0,0,0.004033109823975949
W03,3110.5745,0,0,0.004033109823975949
W03,3111.5745,0,0,0.004033109823975949
W03,3112.5745,0,0,0.004033109823975949
W03,3113.5745,0,0,0.08707039482028539
W03,3114.5745,0,0,0.08707039482028539
W03,3115.5745,0,0,0.08707039482028539
W03,3116.5745,0,0,0.08707039482028539
W03,3117.5745,0,0,0.08707039482028539
W03,3118.5745,0,0,0.020140767993538096
W03,3119.5745,0,0,0.020140767993538096
W03,3120.5745,0,0,0.020140767993538096
W03,3121.5745,0,0,0.020140767993538096
W03,3122.5745,0,0,0.020140767993538096
W03,3123.5745,0,0,0.009257751604275794
W03,3124.5745,0,0,0.009257751604275794
W03,3125.5745,0,0,0.009257751604275794
W03,3126.5745,0,0,0.009257751604275794
W03,3127.5745,0,0,0.009257751604275794
W03,3128.5745,0,0,0.006351137126866961
W03,3129.5745,0,0,0.006351137126866961
W03,3130.5745,0,0,0.006351137126866961
W03,3131.5745,0,0,0.006351137126866961
W03,3132.5745,0,0,0.006351137126866961
W03,3133.5745,0,0,0.005906711165950732
W03,3134.5745,0,0,0.005906711165950732
W03,3135.5745,0,0,0.005906711165950732
W03,3136.5745,0,0,0.005906711165950732
W03,3137.5745,0,0,0.005906711165950732
W03,3138.5745,0,0,0.016688093625174993
W03,3139.5745,0,0,0.016688093625174993
W03,3140.5745,0,0,0.016688093625174993
W03,3141.5745,0,0,0.016688093625174993
W03,3142.5745,0,0,0.016688093625174993
W03,3143.5745,0,0,0.018802069207583014
W03,3144.5745,0,0,0.018802069207583014
W03,3145.5745,0,0,0.018802069207583014
W03,3146.5745,0,0,0.018802069207583014
W03,3147.5745,0,0,0.018802069207583014
W03,3148.5745,0,0,0.04352964694776658
W03,3149.5745,0,0,0.04352964694776658
W03,3150.5745,0,0,0.04352964694776658
W03,3151.5745,0,0,0.04352964694776658
W03,3152.5745,0,0,0.04352964694776658
W03,3153.5745,0,0,0.009977471760686292
W03,3154.5745,0,0,0.009977471760686292
W03,3155.5745,0,0,0.009977471760686292
W03,3156.5745,0,0,0.009977471760686292
W03,3157.5745,0,0,0.009977471760686292
W03,3158.5745,0,0,0.0028152877705112534
W03,3159.5745,0,0,0.0028152877705112534
W03,3160.5745,0,0,0.0028152877705112534
W03,3161.5745,0,0,0.0028152877705112534
W03,3162.5745,0,0,0.0028152877705112534
W03,3163.5745,0,0,0.002489272996104208
W03,3164.5745,0,0,0.002489272996104208
W03,3165.5745,0,0,0.002489272996104208
W03,3166.5745,0,0,0.002489272996104208
W03,3167.5745,0,0,0.002489272996104208
W03,3168.5745,0,0,0.0014014435999904348
W03,3169.5745,0,0,0.0014014435999904348
W03,3170.5745,0,0,0.0014014435999904348
W03,3171.5745,0,0,0.0012369068238018443
W03,3172.5745,0,0,0.0012369068238018443
W03,3173.5745,0,0,0.002482176659936544
W03,3174.5745,0,0,0.002482176659936544
W03,3175.5745,0,0,0.002482176659936544
W03,3176.5745,0,0,0.002482176659936544
W03,3177.5745,0,0,0.002482176659936544
W03,3178.5745,0,0,0.009349238811891094
W03,3179.5745,0,0,0.009349238811891094
W03,3180.5745,0,0,0.009349238811891094
W03,3181.5745,0,0,0.009349238811891094
W03,3182.5745,0,0,0.009349238811891094
W03,3183.5745,0,0,0.0028212133222091642
W03,3184.5745,0,0,0.0028212133222091642
W03,3185.5745,0,0,0.0028212133222091642
W03,3186.5745,0,0,0.0028212133222091642
W03,3187.5745,0,0,0.0028212133222091642
W03,3188.5745,0,0,0.003990509882109327
W03,3189.5745,0,0,0.003990509882109327
W03,3190.5745,0,0,0.003990509882109327
W03,3191.5745,0,0,0.003990509882109327
W03,3192.5745,0,0,0.003990509882109327
W03,3193.5745,0,0,0.0008961808570234499
W03,3194.5745,0,0,0.0008961808570234499
W03,3195.5745,0,0,0.0008961808570234499
W03,3196.5745,0,0,0.0008961808570234499
W03,3197.5745,0,0,0.0008961808570234499
W03,3198.5745,0,0,0.0034881848872878687
W03,3199.5745,0,0,0.0034881848872878687
W03,3200.5745,0,0,0.0034881848872878687
W03,3201.5745,0,0,0.0034881848872878687
W03,3202.5745,0,0,0.0034881848872878687
W03,3203.5745,0,0,0.0016229714511237555
W03,3204.5745,0,0,0.0016229714511237555
W03,3205.5745,0,0,0.0016229714511237555
W03,3206.5745,0,0,0.0016229714511237555
W03,3207.5745,0,0,0.0016229714511237555
W03,3208.5745,0,0,0.0009853257176023374
W03,3209.5745,0,0,0.0009853257176023374
W03,3210.5745,0,0,0.0009853257176023374
W03,3211.5745,0,0,0.0009853257176023374
W03,3212.5745,0,0,0.0009853257176023374
W03,3213.5745,0,0,0.0023934945503226905
W03,3214.5745,0,0,0.0023934945503226905
W03,3215.5745,0,0,0.0023934945503226905
W03,3216.5745,0,0,0.0023934945503226905
W03,3217.5745,0,0,0.0023934945503226905
W03,3218.5745,0,0,0.004623588841720847
W03,3219.5745,0,0,0.004623588841720847
W03,3220.5745,0,0,0.004623588841720847
W03,3221.5745,0,0,0.004623588841720847
W03,3222.5745,0,0,0.004623588841720847
W03,3223.5745,0,0,0.004993762547259073
W03,3224.5745,0,0,0.004993762547259073
W03,3225.5745,0,0,0.004993762547259073
W03,3226.5745,0,0,0.004993762547259073
W03,3227.5745,0,0,0.004993762547259073
W03,3228.5745,0,0,0.0016537865955471669
W03,3229.5745,0,0,0.0016537865955471669
W03,3230.5745,0,0,0.0016537865955471669
W03,3231.5745,0,0,0.0016537865955471669
W03,3232.5745,0,0,0.0016537865955471669
W03,3233.5745,0,0,0.007743641470813023
W03,3234.5745,0,0,0.007743641470813023
W03,3235.5745,0,0,0.007743641470813023
W03,3236.5745,0,0,0.007743641470813023
W03,3237.5745,0,0,0.007743641470813023
W03,3238.5745,0,0,0.00040566413446337243
W03,3239.5745,0,0,0.00040566413446337243
W03,3240.5745,0,0,0.00040566413446337243
W03,3241.5745,0,0,0.00040566413446337243
W03,3242.5745,0,0,0.00040566413446337243
W03,3243.5745,0,0,0.0016331512969442344
W03,3244.5745,0,0,0.0016331512969442344
W03,3245.5745,0,0,0.0016331512969442344
W03,3246.5745,0,0,0.0016331512969442344
W03,3247.5745,0,0,0.0016331512969442344
W03,3248.5745,0,0,0.0013297030436118754
W03,3249.5745,0,0,0.0013297030436118754
W03,3250.5745,0,0,0.0013297030436118754
W03,3251.5745,0,0,0.0013297030436118754
W03,3252.5745,0,0,0.0013297030436118754
W03,3253.5745,0,0,0.0008556855622125377
W03,3254.5745,0,0,0.0008556855622125377
W03,3255.5745,0,0,0.0008556855622125377
W03,3256.5745,0,0,0.0008556855622125377
W03,3257.5745,0,0,0.0008556855622125377
W03,3258.5745,0,0,0.0026439462821278006
W03,3259.5745,0,0,0.0026439462821278006
W03,3260.5745,0,0,0.0026439462821278006
W03,3261.5745,0,0,0.0026439462821278006
W03,3262.5745,0,0,0.0026439462821278006
W03,3263.5745,0,0,0.0001905009367690153
W03,3264.5745,0,0,0.0001905009367690153
W03,3265.5745,0,0,0.0001905009367690153
W03,3266.5745,0,0,0.0001905009367690153
W03,3267.5745,0,0,0.0001905009367690153
W03,3268.5745,0,0,0.0018986392961386621
W03,3269.5745,0,0,0.0018986392961386621
W03,3270.5745,0,0,0.0018986392961386621
W03,3271.5745,0,0,0.0018986392961386621
W03,3272.5745,0,0,0.0018986392961386621
W03,3273.5745,0,0,0.0020331029748522724
W03,3274.5745,0,0,0.0020331029748522724
W03,3275.5745,0,0,0.0020331029748522724
W03,3276.5745,0,0,0.0020331029748522724
W03,3277.5745,0,0,0.0020331029748522724
W03,3278.5745,0,0,0.0014576195437358936
W03,3279.5745,0,0,0.0014576195437358936
W03,3280.5745,0,0,0.0014576195437358936
W03,3281.5745,0,0,0.0014576195437358936
W03,3282.5745,0,0,0.0014576195437358936
W03,3283.5745,0,0,0.0014634661878455712
W03,3284.5745,0,0,0.0014634661878455712
W03,3285.5745,0,0,0.0014634661878455712
W03,3286.5745,0,0,0.0014634661878455712
W03,3287.5745,0,0,0.0014634661878455712
W03,3288.5745,0,0,0.0012333897683647055
W03,3289.5745,0,0,0.0012333897683647055
W03,3290.5745,0,0,0.0012333897683647055
W03,3291.5745,0,0,0.0012333897683647055
W03,3292.5745,0,0,0.0012333897683647055
W03,3293.5745,0,0,0.0011631258899856025
W03,3294.5745,0,0,0.0011631258899856025
W03,3295.5745,0,0,0.0011631258899856025
W03,3296.5745,0,0,0.0011631258899856025
W03,3297.5745,0,0,0.0011631258899856025
W03,3298.5745,0,0,0.0009764980601546765
W03,3299.5745,0,0,0.0009764980601546765
W03,3300.5745,0,0,0.0009764980601546765
W03,3301.5745,0,0,0.0009764980601546765
W03,3302.5745,0,0,0.0009764980601546765
W03,3303.5745,0,0,0.09153342294197526
W03,3304.5745,0,0,0.09153342294197526
W03,3305.5745,0,0,0.09153342294197526
W03,3306.5745,0,0,0.09153342294197526
W03,3307.5745,0,0,0.09153342294197526
W03,3308.5745,0,0,0.008577290482947728
W03,3309.5745,0,0,0.008577290482947728
W03,3310.5745,0,0,0.008577290482947728
W03,3311.5745,0,0,0.008577290482947728
W03,3312.5745,0,0,0.008577290482947728
W03,3313.5745,0,0,0.0002633607639371253
W03,3314.5745,0,0,0.0002633607639371253
W03,3315.5745,0,0,0.0002633607639371253
W03,3316.5745,0,0,0.0002633607639371253
W03,3317.5745,0,0,0.0002633607639371253
W03,3318.5745,0,0,0.0004474070553007519
W03,3319.5745,0,0,0.0004474070553007519
W03,3320.5745,0,0,0.0004474070553007519
W03,3321.5745,0,0,0.0004474070553007519
W03,3322.5745,0,0,0.0004474070553007519
W03,3323.5745,0,0,0.0003171460548018311
W03,3324.5745,0,0,0.0003171460548018311
W03,3325.5745,0,0,0.0003171460548018311
W03,3326.5745,0,0,0.0003171460548018311
W03,3327.5745,0,0,0.0003171460548018311
W03,3328.5745,0,0,0.0014274150278453335
W03,3329.5745,0,0,0.0014274150278453335
W03,3330.5745,0,0,0.0014274150278453335
W03,3331.5745,0,0,0.0014274150278453335
W03,3332.5745,0,0,0.0014274150278453335
W03,3333.5745,0,0,0.011124860235717154
W03,3334.5745,0,0,0.011124860235717154
W03,3335.5745,0,0,0.011124860235717154
W03,3336.5745,0,0,0.011124860235717154
W03,3337.5745,0,0,0.011124860235717154
W03,3338.5745,0,0,0.0028811394695393276
W03,3339.5745,0,0,0.0028811394695393276
W03,3340.5745,0,0,0.0028811394695393276
W03,3341.5745,0,0,0.0028811394695393276
W03,3342.5745,0,0,0.0028811394695393276
W03,3343.5745,0,0,0.00905992632125212
W03,3344.5745,0,0,0.00905992632125212
W03,3345.5745,0,0,0.00905992632125212
W03,3346.5745,0,0,0.00905992632125212
W03,3347.5745,0,0,0.00905992632125212
W03,3348.5745,0,0,0.005945192821786538
W03,3349.5745,0,0,0.005945192821786538
W03,3350.5745,0,0,0.005945192821786538
W03,3351.5745,0,0,0.005945192821786538
W03,3352.5745,0,0,0.005945192821786538
W03,3353.5745,0,0,0.002745459554810825
W03,3354.5745,0,0,0.002745459554810825
W03,3355.5745,0,0,0.002745459554810825
W03,3356.5745,0,0,0.002745459554810825
W03,3357.5745,0,0,0.002745459554810825
W03,3358.5745,0,0,0.0009294306713246433
W03,3359.5745,0,0,0.0009294306713246433
W03,3360.5745,0,0,0.0009294306713246433
W03,3361.5745,0,0,0.0009294306713246433
W03,3362.5745,0,0,0.0009294306713246433
W03,3363.5745,0,0,0.0010522782783871892
W03,3364.5745,0,0,0.0010522782783871892
W03,3365.5745,0,0,0.0010522782783871892
W03,3366.5745,0,0,0.0010522782783871892
W03,3367.5745,0,0,0.0010522782783871892
W03,3368.5745,0,0,0.0025341649470023795
W03,3369.5745,0,0,0.0025341649470023795
W03,3370.5745,0,0,0.0025341649470023795
W03,3371.5745,0,0,0.0025341649470023795
W03,3372.5745,0,0,0.0025341649470023795
W03,3373.5745,0,0,0.0011677757877817986
W03,3374.5745,0,0,0.0011677757877817986
W03,3375.5745,0,0,0.0011677757877817986
W03,3376.5745,0,0,0.0011677757877817986
W03,3377.5745,0,0,0.0011677757877817986
W03,3378.5745,0,0,0.0004611018878196389
W03,3379.5745,0,0,0.0004611018878196389
W03,3380.5745,0,0,0.0004611018878196389
W03,3381.5745,0,0,0.0004611018878196389
W03,3382.5745,0,0,0.0004611018878196389
W03,3383.5745,0,0,0.0008193105941032604
W03,3384.5745,0,0,0.0008193105941032604
W03,3385.5745,0,0,0.0008193105941032604
W03,3386.5745,0,0,0.0008193105941032604
W03,3387.5745,0,0,0.0008193105941032604
W03,3388.5745,0,0,0.0010010555781300508
W03,3389.5745,0,0,0.0010010555781300508
W03,3390.5745,0,0,0.0010010555781300508
W03,3391.5745,0,0,0.0010010555781300508
W03,3392.5745,0,0,0.0010010555781300508
W03,3393.5745,0,0,0.00026927033476325927
W03,3394.5745,0,0,0.00026927033476325927
W03,3395.5745,0,0,0.00026927033476325927
W03,3396.5745,0,0,0.00026927033476325927
W03,3397.5745,0,0,0.00026927033476325927
W03,3398.5745,0,0,0.0017662219358044037
W03,3399.5745,0,0,0.0017662219358044037
W03,3400.5745,0,0,0.0017662219358044037
W03,3401.5745,0,0,0.0017662219358044037
W03,3402.5745,0,0,0.0017662219358044037
W03,3403.5745,0,0,0.0022412175225463155
W03,3404.5745,0,0,0.0022412175225463155
W03,3405.5745,0,0,0.0022412175225463155
W03,3406.5745,0,0,0.0022412175225463155
W03,3407.5745,0,0,0.0022412175225463155
W03,3408.5745,0,0,0.0014647758604991175
W03,3409.5745,0,0,0.0014647758604991175
W03,3410.5745,0,0,0.0014647758604991175
W03,3411.5745,0,0,0.0014647758604991175
W03,3412.5745,0,0,0.0014647758604991175
W03,3413.5745,0,0,0.0005994344876106711
W03,3414.5745,0,0,0.0005994344876106711
W03,3415.5745,0,0,0.0005994344876106711
W03,3416.5745,0,0,0.0005994344876106711
W03,3417.5745,0,0,0.0005994344876106711
W03,3418.5745,0,0,0.000305287611478745
W03,3419.5745,0,0,0.000305287611478745
W03,3420.5745,0,0,0.000305287611478745
W03,3421.5745,0,0,0.000305287611478745
W03,3422.5745,0,0,0.000305287611478745
W03,3423.5745,0,0,0.0005271743796698998
W03,3424.5745,0,0,0.0005271743796698998
W03,3425.5745,0,0,0.0005271743796698998
W03,3426.5745,0,0,0.0005271743796698998
W03,3427.5745,0,0,0.0005271743796698998
W03,3428.5745,0,0,0.0012053161845772095
W03,3429.5745,0,0,0.0012053161845772095
W03,3430.5745,0,0,0.0012053161845772095
W03,3431.5745,0,0,0.0012053161845772095
W03,3432.5745,0,0,0.0012053161845772095
W03,3433.5745,0,0,0.0013936181539629267
W03,3434.5745,0,0,0.0013936181539629267
W03,3435.5745,0,0,0.0013936181539629267
W03,3436.5745,0,0,0.0013936181539629267
W03,3437.5745,0,0,0.0013936181539629267
W03,3438.5745,0,0,0.0004909051330994255
W03,3439.5745,0,0,0.0004909051330994255
W03,3440.5745,0,0,0.0004909051330994255
W03,3441.5745,0,0,0.0004909051330994255
W03,3442.5745,0,0,0.0004909051330994255
W03,3443.5745,0,0,0.0005392300344328749
W03,3444.5745,0,0,0.0005392300344328749
W03,3445.5745,0,0,0.0005392300344328749
W03,3446.5745,0,0,0.0005392300344328749
W03,3447.5745,0,0,0.0005392300344328749
W03,3448.5745,0,0,0.0012888981525285177
W03,3449.5745,0,0,0.0012888981525285177
W03,3450.5745,0,0,0.0012888981525285177
W03,3451.5745,0,0,0.0012888981525285177
W03,3452.5745,0,0,0.0012888981525285177
W03,3453.5745,0,0,0.006630759873089116
W03,3454.5745,0,0,0.006630759873089116
W03,3455.5745,0,0,0.006630759873089116
W03,3456.5745,0,0,0.006630759873089116
W03,3457.5745,0,0,0.006630759873089116
W03,3458.5745,0,0,0.021174522986287022
W03,3459.5745,0,0,0.021174522986287022
W03,3460.5745,0,0,0.021174522986287022
W03,3461.5745,0,0,0.021174522986287022
W03,3462.5745,0,0,0.021174522986287022
W03,3463.5745,0,0,0.011322252775747116
W03,3464.5745,0,0,0.011322252775747116
W03,3465.5745,0,0,0.011322252775747116
W03,3466.5745,0,0,0.011322252775747116
W03,3467.5745,0,0,0.011322252775747116
W03,3468.5745,0,0,0.043917881044490056
W03,3469.5745,0,0,0.043917881044490056
W03,3470.5745,0,0,0.043917881044490056
W03,3471.5745,0,0,0.043917881044490056
W03,3472.5745,0,0,0.043917881044490056
W03,3473.5745,0,0,0.016646144049706522
W03,3474.5745,0,0,0.016646144049706522
W03,3475.5745,0,0,0.016646144049706522
W03,3476.5745,0,0,0.016646144049706522
W03,3477.5745,0,0,0.016646144049706522
W03,3478.5745,0,0,0.022691313735489427
W03,3479.5745,0,0,0.022691313735489427
W03,3480.5745,0,0,0.022691313735489427
W03,3481.5745,0,0,0.022691313735489427
W03,3482.5745,0,0,0.022691313735489427
W03,3483.5745,0,0,0.0013931369723905167
W03,3484.5745,0,0,0.0013931369723905167
W03,3485.5745,0,0,0.0013931369723905167
W03,3486.5745,0,0,0.0013931369723905167
W03,3487.5745,0,0,0.0013931369723905167
W03,3488.5745,0,0,0.0002326789473119083
W03,3489.5745,0,0,0.0002326789473119083
W03,3490.5745,0,0,0.0002326789473119083
W03,3491.5745,0,0,0.0002326789473119083
W03,3492.5745,0,0,0.0002326789473119083
W03,3493.5745,0,0,9.644133724313699e-05
W03,3494.5745,0,0,9.644133724313699e-05
W03,3495.5745,0,0,9.644133724313699e-05
W03,3496.5745,0,0,9.644133724313699e-05
W03,3497.5745,0,0,9.644133724313699e-05
W03,3498.5745,0,0,0.00034704178895339743
W03,3499.5745,0,0,0.00034704178895339743
W03,3500.5745,0,0,0.00034704178895339743
W03,3501.5745,0,0,0.00034704178895339743
W03,3502.5745,0,0,0.00034704178895339743
W03,3503.5745,0,0,0.00014312209182855003
W03,3504.5745,0,0,0.00014312209182855003
W03,3505.5745,0,0,0.00014312209182855003
W03,3506.5745,0,0,0.00014312209182855003
W03,3507.5745,0,0,0.00014312209182855003
W03,3508.5745,0,0,0.0004439325962161927
W03,3509.5745,0,0,0.0004439325962161927
W03,3510.5745,0,0,0.0004439325962161927
W03,3511.5745,0,0,0.0004439325962161927
W03,3512.5745,0,0,0.0004439325962161927
W03,3513.5745,0,0,0.0005972092318392695
W03,3514.5745,0,0,0.0005972092318392695
W03,3515.5745,0,0,0.0005972092318392695
W03,3516.5745,0,0,0.0005972092318392695
W03,3517.5745,0,0,0.0005972092318392695
W03,3518.5745,0,0,0.00042408945929845306
W03,3519.5745,0,0,0.00042408945929845306
W03,3520.5745,0,0,0.00042408945929845306
W03,3521.5745,0,0,0.00042408945929845306
W03,3522.5745,0,0,0.00042408945929845306
W03,3523.5745,0,0,0.0005510876615439829
W03,3524.5745,0,0,0.0005510876615439829
W03,3525.5745,0,0,0.0005510876615439829
W03,3526.5745,0,0,0.0005510876615439829
W03,3527.5745,0,0,0.0005510876615439829
W03,3528.5745,0,0,0.0030512684806781555
W03,3529.5745,0,0,0.0030512684806781555
W03,3530.5745,0,0,0.0030512684806781555
W03,3531.5745,0,0,0.0030512684806781555
W03,3532.5745,0,0,0.0030512684806781555
W03,3533.5745,0,0,0.0005578614566823308
W03,3534.5745,0,0,0.0005578614566823308
W03,3535.5745,0,0,0.0005578614566823308
W03,3536.5745,0,0,0.0005578614566823308
W03,3537.5745,0,0,0.0005578614566823308
W03,3538.5745,0,0,0.00045338205108360133
W03,3539.5745,0,0,0.00045338205108360133
W03,3540.5745,0,0,0.00045338205108360133
W03,3541.5745,0,0,0.00045338205108360133
W03,3542.5745,0,0,0.00045338205108360133
W03,3543.5745,0,0,0.0003790655578030736
W03,3544.5745,0,0,0.0003790655578030736
W03,3545.5745,0,0,0.0003790655578030736
W03,3546.5745,0,0,0.0003790655578030736
W03,3547.5745,0,0,0.0003790655578030736
W03,3548.5745,0,0,0.0006821632855201619
W03,3549.5745,0,0,0.0006821632855201619
W03,3550.5745,0,0,0.0006821632855201619
W03,3551.5745,0,0,0.0006821632855201619
W03,3552.5745,0,0,0.0006821632855201619
W03,3553.5745,0,0,0.00016054867330526543
W03,3554.5745,0,0,0.00016054867330526543
W03,3555.5745,0,0,0.00016054867330526543
W03,3556.5745,0,0,0.00016054867330526543
W03,3557.5745,0,0,0.00016054867330526543
W03,3558.5745,0,0,0.000479641218998619
W03,3559.5745,0,0,0.000479641218998619
W03,3560.5745,0,0,0.000479641218998619
W03,3561.5745,0,0,0.000479641218998619
W03,3562.5745,0,0,0.000479641218998619
W03,3563.5745,0,0,0.0007254941952090926
W03,3564.5745,0,0,0.0007254941952090926
W03,3565.5745,0,0,0.0007254941952090926
W03,3566.5745,0,0,0.0007254941952090926
W03,3567.5745,0,0,0.0007254941952090926
W03,3568.5745,0,0,0.00031835698798453213
W03,3569.5745,0,0,0.00031835698798453213
W03,3570.5745,0,0,0.00031835698798453213
W03,3571.5745,0,0,0.00031835698798453213
W03,3572.5745,0,0,0.00031835698798453213
W03,3573.5745,0,0,0.0003566566499769799
W03,3574.5745,0,0,0.0003566566499769799
W03,3575.5745,0,0,0.0003566566499769799
W03,3576.5745,0,0,0.0003566566499769799
W03,3577.5745,0,0,0.0003566566499769799
W03,3578.5745,0,0,0.00011684481296614055
W03,3579.5745,0,0,0.00011684481296614055
W03,3580.5745,0,0,0.00011684481296614055
W03,3581.5745,0,0,0.00011684481296614055
W03,3582.5745,0,0,0.00011684481296614055
W03,3583.5745,0,0,0.00016111841564095012
W03,3584.5745,0,0,0.00016111841564095012
W03,3585.5745,0,0,0.00016111841564095012
W03,3586.5745,0,0,0.00016111841564095012
W03,3587.5745,0,0,0.00016111841564095012
W03,3588.5745,0,0,0.00015772497230502413
W03,3589.5745,0,0,0.00015772497230502413
W03,3590.5745,0,0,0.00015772497230502413
W03,3591.5745,0,0,0.00015772497230502413
W03,3592.5745,0,0,0.00015772497230502413
W03,3593.5745,0,0,0.0014798336813966059
W03,3594.5745,0,0,0.0014798336813966059
W03,3595.5745,0,0,0.0014798336813966059
W03,3596.5745,0,0,0.0014798336813966059
W03,3597.5745,0,0,0.0014798336813966059
W03,3598.5745,0,0,0.004541324907355207
W03,3599.5745,0,0,0.004541324907355207
W03,3600.5745,0,0,0.004541324907355207
W03,3601.5745,0,0,0.004541324907355207
W03,3602.5745,0,0,0.004541324907355207
W03,3603.5745,0,0,0.0014584305630421191
W03,3604.5745,0,0,0.0014584305630421191
W03,3605.5745,0,0,0.0014584305630421191
W03,3606.5745,0,0,0.0014584305630421191
W03,3607.5745,0,0,0.0014584305630421191
W03,3608.5745,0,0,0.0026088652876006236
W03,3609.5745,0,0,0.0026088652876006236
W03,3610.5745,0,0,0.0026088652876006236
W03,3611.5745,0,0,0.0026088652876006236
W03,3612.5745,0,0,0.0026088652876006236
W03,3613.5745,0,0,0.00020660014930625929
W03,3614.5745,0,0,0.00020660014930625929
W03,3615.5745,0,0,0.00020660014930625929
W03,3616.5745,0,0,0.00020660014930625929
W03,3617.5745,0,0,0.00020660014930625929
W03,3618.5745,0,0,0.001569074036169586
W03,3619.5745,0,0,0.001569074036169586
W03,3620.5745,0,0,0.001569074036169586
W03,3621.5745,0,0,0.001569074036169586
W03,3622.5745,0,0,0.001569074036169586
W03,3623.5745,0,0,0.0004340113480739054
W03,3624.5745,0,0,0.0004340113480739054
W03,3625.5745,0,0,0.0004340113480739054
W03,3626.5745,0,0,0.0004340113480739054
W03,3627.5745,0,0,0.0004340113480739054
W03,3628.5745,0,0,0.0006255025417195192
W03,3629.5745,0,0,0.0006255025417195192
W03,3630.5745,0,0,0.0006255025417195192
W03,3631.5745,0,0,0.0006255025417195192
W03,3632.5745,0,0,0.0006255025417195192
W03,3633.5745,0,0,0.0003710320958649799
W03,3634.5745,0,0,0.0003710320958649799
W03,3635.5745,0,0,0.0003710320958649799
W03,3636.5745,0,0,0.0003710320958649799
W03,3637.5745,0,0,0.0003710320958649799
W03,3638.5745,0,0,0.00013873006095387955
W03,3639.5745,0,0,0.00013873006095387955
W03,3640.5745,0,0,0.00013873006095387955
W03,3641.5745,0,0,0.00013873006095387955
W03,3642.5745,0,0,0.00013873006095387955
W03,3643.5745,0,0,5.197596347149563e-05
W03,3644.5745,0,0,5.197596347149563e-05
W03,3645.5745,0,0,5.197596347149563e-05
W03,3646.5745,0,0,5.197596347149563e-05
W03,3647.5745,0,0,5.197596347149563e-05
W03,3648.5745,0,0,1.5826360296117103e-05
W03,3649.5745,0,0,1.5826360296117103e-05
W03,3650.5745,0,0,1.5826360296117103e-05
W03,3651.5745,0,0,1.5826360296117103e-05
W03,3652.5745,0,0,1.5826360296117103e-05
W03,3653.5745,0,0,2.4921773289038113e-05
W03,3654.5745,0,0,2.4921773289038113e-05
W03,3655.5745,0,0,2.4921773289038113e-05
W03,3656.5745,0,0,2.4921773289038113e-05
W03,3657.5745,0,0,2.4921773289038113e-05
W03,3658.5745,0,0,0.00025345758266861454
W03,3659.5745,0,0,0.00025345758266861454
W03,3660.5745,0,0,0.00025345758266861454
W03,3661.5745,0,0,0.00025345758266861454
W03,3662.5745,0,0,0.00025345758266861454
W03,3663.5745,0,0,0.00010505384464612913
W03,3664.5745,0,0,0.00010505384464612913
W03,3665.5745,0,0,0.00010505384464612913
W03,3666.5745,0,0,0.00010505384464612913
W03,3667.5745,0,0,0.00010505384464612913
W03,3668.5745,0,0,3.379721784830128e-05
W03,3669.5745,0,0,3.379721784830128e-05
W03,3670.5745,0,0,3.379721784830128e-05
W03,3671.5745,0,0,3.379721784830128e-05
W03,3672.5745,0,0,3.379721784830128e-05
W03,3673.5745,0,0,7.674011896925487e-05
W03,3674.5745,0,0,7.674011896925487e-05
W03,3675.5745,0,0,7.674011896925487e-05
W03,3676.5745,0,0,7.674011896925487e-05
W03,3677.5745,0,0,7.674011896925487e-05
W03,3678.5745,0,0,0.0005542896341846471
W03,3679.5745,0,0,0.0005542896341846471
W03,3680.5745,0,0,0.0005542896341846471
W03,3681.5745,0,0,0.0005542896341846471
W03,3682.5745,0,0,0.0005542896341846471
W03,3683.5745,0,0,0.00019335512033358918
W03,3684.5745,0,0,0.00019335512033358918
W03,3685.5745,0,0,0.00019335512033358918
W03,3686.5745,0,0,0.00019335512033358918
W03,3687.5745,0,0,0.00019335512033358918
W03,3688.5745,0,0,9.244024402667967e-05
W03,3689.5745,0,0,9.244024402667967e-05
W03,3690.5745,0,0,9.244024402667967e-05
W03,3691.5745,0,0,9.244024402667967e-05
W03,3692.5745,0,0,9.244024402667967e-05
W03,3693.5745,0,0,0.00013103460897572229
W03,3694.5745,0,0,0.00013103460897572229
W03,3695.5745,0,0,0.00013103460897572229
W03,3696.5745,0,0,0.00013103460897572229
W03,3697.5745,0,0,0.00013103460897572229
W03,3698.5745,0,0,0.00014688215814222586
W03,3699.5745,0,0,0.00014688215814222586
W03,3700.5745,0,0,0.00014688215814222586
W03,3701.5745,0,0,0.00014688215814222586
W03,3702.5745,0,0,0.00014688215814222586
W03,3703.5745,0,0,0.0002508653252961293
W03,3704.5745,0,0,0.0002508653252961293
W03,3705.5745,0,0,0.0002508653252961293
W03,3706.5745,0,0,0.0002508653252961293
W03,3707.5745,0,0,0.0002508653252961293
W03,3708.5745,0,0,0.004601871828132041
W03,3709.5745,0,0,0.004601871828132041
W03,3710.5745,0,0,0.004601871828132041
W03,3711.5745,0,0,0.004601871828132041
W03,3712.5745,0,0,0.004601871828132041
W03,3713.5745,0,0,0.0002485338115714726
W03,3714.5745,0,0,0.0002485338115714726
W03,3715.5745,0,0,0.0002485338115714726
W03,3716.5745,0,0,0.0002485338115714726
W03,3717.5745,0,0,0.0002485338115714726
W03,3718.5745,0,0,0.0005017553668403928
W03,3719.5745,0,0,0.0005017553668403928
W03,3720.5745,0,0,0.0005017553668403928
W03,3721.5745,0,0,0.0005017553668403928
W03,3722.5745,0,0,0.0005017553668403928
W03,3723.5745,0,0,0.002053185440072514
W03,3724.5745,0,0,0.002053185440072514
W03,3725.5745,0,0,0.002053185440072514
W03,3726.5745,0,0,0.002053185440072514
W03,3727.5745,0,0,0.002053185440072514
W03,3728.5745,1,0,0.22024414765135403
W03,3729.5745,1,0,0.22024414765135403
W03,3730.5745,1,0,0.22024414765135403
W03,3731.5745,1,0,0.22024414765135403
W03,3732.5745,1,0,0.22024414765135403
W03,3733.5745,0,0,0.08251666540046752
W03,3734.5745,0,0,0.08251666540046752
W03,3735.5745,0,0,0.08251666540046752
W03,3736.5745,0,0,0.08251666540046752
W03,3737.5745,0,0,0.08251666540046752
W03,3738.5745,0,0,0.04782270975597336
W03,3739.5745,0,0,0.04782270975597336
W03,3740.5745,0,0,0.04782270975597336
W03,3741.5745,0,0,0.04782270975597336
W03,3742.5745,0,0,0.04782270975597336
W03,3743.5745,0,0,0.007289545306198074
W03,3744.5745,0,0,0.007289545306198074
W03,3745.5745,0,0,0.007289545306198074
W03,3746.5745,0,0,0.007289545306198074
W03,3747.5745,0,0,0.007289545306198074
W03,3748.5745,0,0,0.014174365563173376
W03,3749.5745,0,0,0.014174365563173376
W03,3750.5745,0,0,0.014174365563173376
W03,3751.5745,0,0,0.014174365563173376
W03,3752.5745,0,0,0.014174365563173376
W03,3753.5745,0,0,0.055743403837573285
W03,3754.5745,0,0,0.055743403837573285
W03,3755.5745,0,0,0.055743403837573285
W03,3756.5745,0,0,0.055743403837573285
W03,3757.5745,0,0,0.055743403837573285
W03,3758.5745,0,0,0.14549184810073446
W03,3759.5745,0,0,0.14549184810073446
W03,3760.5745,0,0,0.14549184810073446
W03,3761.5745,0,0,0.14549184810073446
W03,3762.5745,0,0,0.14549184810073446
W03,3763.5745,0,0,0.001112777122352657
W03,3764.5745,0,0,0.001112777122352657
W03,3765.5745,0,0,0.001112777122352657
W03,3766.5745,0,0,0.001112777122352657
W03,3767.5745,0,0,0.001112777122352657
W03,3768.5745,0,0,0.0004459504052094985
W03,3769.5745,0,0,0.0004459504052094985
W03,3770.5745,0,0,0.0004459504052094985
W03,3771.5745,0,0,0.0004459504052094985
W03,3772.5745,0,0,0.0004459504052094985
W03,3773.5745,0,0,0.00034204667435252216
W03,3774.5745,0,0,0.00034204667435252216
W03,3775.5745,0,0,0.00034204667435252216
W03,3776.5745,0,0,0.00034204667435252216
W03,3777.5745,0,0,0.00034204667435252216
W03,3778.5745,0,0,0.00014547821449923
W03,3779.5745,0,0,0.00014547821449923
W03,3780.5745,0,0,0.00014547821449923
W03,3781.5745,0,0,0.00014547821449923
W03,3782.5745,0,0,0.00014547821449923
W03,3783.5745,0,0,5.6992770141927864e-05
W03,3784.5745,0,0,5.6992770141927864e-05
W03,3785.5745,0,0,5.6992770141927864e-05
W03,3786.5745,0,0,5.6992770141927864e-05
W03,3787.5745,0,0,5.6992770141927864e-05
W03,3788.5745,0,0,0.0001296069545663504
W03,3789.5745,0,0,0.0001296069545663504
W03,3790.5745,0,0,0.0001296069545663504
W03,3791.5745,0,0,5.076898935038317e-05
W03,3792.5745,0,0,5.076898935038317e-05
W03,3793.5745,0,0,5.076898935038317e-05
W03,3794.5745,0,0,5.076898935038317e-05
W03,3795.5745,0,0,5.076898935038317e-05
W03,3796.5745,0,0,0.00012982420941832744
W03,3797.5745,0,0,0.00012982420941832744
W03,3798.5745,0,0,0.00012982420941832744
W03,3799.5745,0,0,0.00012982420941832744
W03,3800.5745,0,0,0.00012982420941832744
W03,3801.5745,0,0,0.000108095717930268
W03,3802.5745,0,0,0.000108095717930268
W03,3803.5745,0,0,0.000108095717930268
W03,3804.5745,0,0,0.000108095717930268
W03,3805.5745,0,0,0.000108095717930268
W03,3806.5745,0,0,0.00032461636702347884
W03,3807.5745,0,0,0.00032461636702347884
W03,3808.5745,0,0,0.00032461636702347884
W03,3809.5745,0,0,0.00032461636702347884
W03,3810.5745,0,0,0.00032461636702347884
W03,3811.5745,0,0,1.9674775152739964e-05
W03,3812.5745,0,0,1.9674775152739964e-05
W03,3813.5745,0,0,1.9674775152739964e-05
W03,3814.5745,0,0,1.9674775152739964e-05
W03,3815.5745,0,0,1.9674775152739964e-05
W03,3816.5745,0,0,0.0001393141197999065
W03,3817.5745,0,0,0.0001393141197999065
W03,3818.5745,0,0,0.0001393141197999065
W03,3819.5745,0,0,0.0001393141197999065
W03,3820.5745,0,0,0.0001393141197999065
W03,3821.5745,0,0,0.0003007674171341339
W03,3822.5745,0,0,0.0003007674171341339
W03,3823.5745,0,0,0.0003007674171341339
W03,3824.5745,0,0,0.0003007674171341339
W03,3825.5745,0,0,0.0003007674171341339
W03,3826.5745,0,0,0.00026579359742672453
W03,3827.5745,0,0,0.00026579359742672453
W03,3828.5745,0,0,0.00026579359742672453
W03,3829.5745,0,0,0.00026579359742672453
W03,3830.5745,0,0,0.00026579359742672453
W03,3831.5745,0,0,7.447553626934949e-05
W03,3832.5745,0,0,7.447553626934949e-05
W03,3833.5745,0,0,7.447553626934949e-05
W03,3834.5745,0,0,7.447553626934949e-05
W03,3835.5745,0,0,7.447553626934949e-05
W03,3836.5745,0,0,0.000511873903110047
W03,3837.5745,0,0,0.000511873903110047
W03,3838.5745,0,0,0.000511873903110047
W03,3839.5745,0,0,0.000511873903110047
W03,3840.5745,0,0,0.000511873903110047
W03,3841.5745,0,0,2.4007917844761856e-05
W03,3842.5745,0,0,2.4007917844761856e-05
W03,3843.5745,0,0,2.4007917844761856e-05
W03,3844.5745,0,0,2.4007917844761856e-05
W03,3845.5745,0,0,2.4007917844761856e-05
W03,3846.5745,0,0,6.291088184006526e-05
W03,3847.5745,0,0,6.291088184006526e-05
W03,3848.5745,0,0,6.291088184006526e-05
W03,3849.5745,0,0,6.291088184006526e-05
W03,3850.5745,0,0,6.291088184006526e-05
W03,3851.5745,0,0,6.969095268251288e-05
W03,3852.5745,0,0,6.969095268251288e-05
W03,3853.5745,0,0,6.969095268251288e-05
W03,3854.5745,0,0,6.969095268251288e-05
W03,3855.5745,0,0,6.969095268251288e-05
W03,3856.5745,0,0,0.0003706824489845528
W03,3857.5745,0,0,0.0003706824489845528
W03,3858.5745,0,0,0.0003706824489845528
W03,3859.5745,0,0,0.0003706824489845528
W03,3860.5745,0,0,0.0003706824489845528
W03,3861.5745,0,0,0.00012743310773992458
W03,3862.5745,0,0,0.00012743310773992458
W03,3863.5745,0,0,0.00012743310773992458
W03,3864.5745,0,0,0.00012743310773992458
W03,3865.5745,0,0,0.00012743310773992458
W03,3866.5745,0,0,0.00032886344686833936
W03,3867.5745,0,0,0.00032886344686833936
W03,3868.5745,0,0,0.00032886344686833936
W03,3869.5745,0,0,0.00032886344686833936
W03,3870.5745,0,0,0.00032886344686833936
W03,3871.5745,0,0,0.00010084553605927316
W03,3872.5745,0,0,0.00010084553605927316
W03,3873.5745,0,0,0.00010084553605927316
W03,3874.5745,0,0,0.00010084553605927316
W03,3875.5745,0,0,0.00010084553605927316
W03,3876.5745,0,0,0.0008111570035424788
W03,3877.5745,0,0,0.0008111570035424788
W03,3878.5745,0,0,0.0008111570035424788
W03,3879.5745,0,0,0.0008111570035424788
W03,3880.5745,0,0,0.0008111570035424788
W03,3881.5745,0,0,0.008074123207894494
W03,3882.5745,0,0,0.008074123207894494
W03,3883.5745,0,0,0.008074123207894494
W03,3884.5745,0,0,0.008074123207894494
W03,3885.5745,0,0,0.008074123207894494
W03,3886.5745,0,0,0.0006788353352236564
W03,3887.5745,0,0,0.0006788353352236564
W03,3888.5745,0,0,0.0006788353352236564
W03,3889.5745,0,0,0.0006788353352236564
W03,3890.5745,0,0,0.0006788353352236564
W03,3891.5745,0,0,0.0003521675220993223
W03,3892.5745,0,0,0.0003521675220993223
W03,3893.5745,0,0,0.0003521675220993223
W03,3894.5745,0,0,0.0003521675220993223
W03,3895.5745,0,0,0.0003521675220993223
W03,3896.5745,1,0,0.23121968824116007
W03,3897.5745,1,0,0.23121968824116007
W03,3898.5745,1,0,0.23121968824116007
W03,3899.5745,1,0,0.23121968824116007
W03,3900.5745,1,0,0.23121968824116007
W03,3901.5745,0,0,0.013971680069427863
W03,3902.5745,0,0,0.013971680069427863
W03,3903.5745,0,0,0.013971680069427863
W03,3904.5745,0,0,0.013971680069427863
W03,3905.5745,0,0,0.013971680069427863
W03,3906.5745,0,0,0.004515882577408411
W03,3907.5745,0,0,0.004515882577408411
W03,3908.5745,0,0,0.004515882577408411
W03,3909.5745,0,0,0.004515882577408411
W03,3910.5745,0,0,0.004515882577408411
W03,3911.5745,0,0,7.868873028297857e-05
W03,3912.5745,0,0,7.868873028297857e-05
W03,3913.5745,0,0,7.868873028297857e-05
W03,3914.5745,0,0,7.868873028297857e-05
W03,3915.5745,0,0,7.868873028297857e-05
W03,3916.5745,0,0,0.00465612823282692
W03,3917.5745,0,0,0.00465612823282692
W03,3918.5745,0,0,0.00465612823282692
W03,3919.5745,0,0,0.00465612823282692
W03,3920.5745,0,0,0.00465612823282692
W03,3921.5745,0,0,0.012661399119321388
W03,3922.5745,0,0,0.012661399119321388
W03,3923.5745,0,0,0.012661399119321388
W03,3924.5745,0,0,0.012661399119321388
W03,3925.5745,0,0,0.012661399119321388
W03,3926.5745,0,0,0.00014045594002227787
W03,3927.5745,0,0,0.00014045594002227787
W03,3928.5745,0,0,0.00014045594002227787
W03,3929.5745,0,0,0.00014045594002227787
W03,3930.5745,0,0,0.00014045594002227787
W03,3931.5745,0,0,0.0025281708315995736
W03,3932.5745,0,0,0.0025281708315995736
W03,3933.5745,0,0,0.0025281708315995736
W03,3934.5745,0,0,0.0025281708315995736
W03,3935.5745,0,0,0.0025281708315995736
W03,3936.5745,0,0,0.0003327963921900552
W03,3937.5745,0,0,0.0003327963921900552
W03,3938.5745,0,0,0.0003327963921900552
W03,3939.5745,0,0,0.0003327963921900552
W03,3940.5745,0,0,0.0003327963921900552
W03,3941.5745,1,0,0.4405717809750943
W03,3942.5745,1,0,0.4405717809750943
W03,3943.5745,1,0,0.4405717809750943
W03,3944.5745,1,0,0.4405717809750943
W03,3945.5745,1,0,0.4405717809750943
W03,3946.5745,0,0,0.002450527439990183
W03,3947.5745,0,0,0.002450527439990183
W03,3948.5745,0,0,0.002450527439990183
W03,3949.5745,0,0,0.002450527439990183
W03,3950.5745,0,0,0.002450527439990183
W03,3951.5745,0,0,2.057431156746187e-05
W03,3952.5745,0,0,2.057431156746187e-05
W03,3953.5745,0,0,2.057431156746187e-05
W03,3954.5745,0,0,2.057431156746187e-05
W03,3955.5745,0,0,2.057431156746187e-05
W03,3956.5745,0,0,0.00025680845308963284
W03,3957.5745,0,0,0.00025680845308963284
W03,3958.5745,0,0,0.00025680845308963284
W03,3959.5745,0,0,0.00025680845308963284
W03,3960.5745,0,0,0.00025680845308963284
W03,3961.5745,0,0,0.10817677030907269
W03,3962.5745,0,0,0.10817677030907269
W03,3963.5745,0,0,0.10817677030907269
W03,3964.5745,0,0,0.10817677030907269
W03,3965.5745,0,0,0.10817677030907269
W03,3966.5745,1,1,0.997305711932083
W03,3967.5745,1,1,0.997305711932083
W03,3968.5745,1,1,0.997305711932083
W04,2921.086,1,0,0.24465768901254326
W04,2922.086,1,0,0.24465768901254326
W04,2923.086,1,0,0.08026630282834009
W04,2924.086,1,0,0.08026630282834009
W04,2925.086,1,0,0.18327907715452949
W04,2926.086,1,0,0.07713090201225548
W04,2927.086,1,0,0.07713090201225548
W04,2928.086,1,0,0.022372448985292708
W04,2929.086,1,0,0.05746925195868803
W04,2930.086,1,0,0.05746925195868803
W04,2931.086,1,0,0.014758834812097952
W04,2932.086,1,0,0.014758834812097952
W04,2933.086,1,0,0.1539099722168308
W04,2934.086,1,1,0.5564966052636111
W04,2935.086,1,1,0.5564966052636111
W04,2936.086,1,0,0.08440006882801447
W04,2937.086,1,0,0.15172633854474427
W04,2938.086,1,0,0.15172633854474427
W04,2939.086,1,0,0.02473835095925102
W04,2940.086,1,0,0.02473835095925102
W04,2941.086,1,0,0.03484367203425824
W04,2942.086,1,0,0.017114795606822865
W04,2943.086,1,0,0.017114795606822865
W04,2944.086,1,0,0.020090462885780636
W04,2945.086,1,0,0.22266432199199102
W04,2946.086,1,0,0.22266432199199102
W04,2947.086,1,0,0.03639822649548635
W04,2948.086,1,0,0.04594418314061571
W04,2949.086,1,0,0.04594418314061571
W04,2950.086,1,0,0.03957726288321118
W04,2951.086,0,0,0.0004271108499924286
W04,2952.086,0,0,0.0012449485161237727
W04,2953.086,0,0,0.0012449485161237727
W04,2954.086,0,0,0.0013452215331877298
W04,2955.086,1,0,0.0006848120480377902
W04,2956.086,1,0,0.0006848120480377902
W04,2957.086,1,0,0.0004819970490459103
W04,2958.086,1,0,0.0004819970490459103
W04,2959.086,0,0,0.0002606273513418562
W04,2960.086,0,0,0.33538389569789134
W04,2961.086,0,0,0.33538389569789134
W04,2962.086,0,0,0.33538389569789134
W04,2963.086,0,0,0.33538389569789134
W04,2964.086,0,0,0.33538389569789134
W04,2965.086,0,0,0.037859065382354
W04,2966.086,0,0,0.037859065382354
W04,2967.086,0,0,0.037859065382354
W04,2968.086,0,0,0.037859065382354
W04,2969.086,0,0,0.037859065382354
W04,2970.086,0,0,0.03986530267051264
W04,2971.086,0,0,0.03986530267051264
W04,2972.086,0,0,0.03986530267051264
W04,2973.086,0,0,0.03986530267051264
W04,2974.086,0,0,0.03986530267051264
W04,2975.086,0,0,0.022455958959415337
W04,2976.086,0,0,0.022455958959415337
W04,2977.086,0,0,0.022455958959415337
W04,2978.086,0,0,0.022455958959415337
W04,2979.086,0,0,0.022455958959415337
W04,2980.086,1,0,0.004584256736485699
W04,2981.086,1,0,0.004584256736485699
W04,2982.086,1,0,0.004584256736485699
W04,2983.086,1,0,0.004584256736485699
W04,2984.086,1,0,0.004584256736485699
W04,2985.086,1,0,0.003045070537362208
W04,2986.086,1,0,0.003045070537362208
W04,2987.086,1,0,0.003045070537362208
W04,2988.086,1,0,0.003045070537362208
W04,2989.086,1,0,0.003045070537362208
W04,2990.086,1,0,0.0022300742082655006
W04,2991.086,1,0,0.0022300742082655006
W04,2992.086,1,0,0.0022300742082655006
W04,2993.086,1,0,0.0022300742082655006
W04,2994.086,1,0,0.0022300742082655006
W04,2995.086,1,0,0.0014770930454272326
W04,2996.086,1,0,0.0014770930454272326
W04,2997.086,1,0,0.0014770930454272326
W04,2998.086,1,0,0.0014770930454272326
W04,2999.086,1,0,0.0014770930454272326
W04,3000.086,1,0,0.002043106287932811
W04,3001.086,1,0,0.002043106287932811
W04,3002.086,1,0,0.002043106287932811
W04,3003.086,1,0,0.002043106287932811
W04,3004.086,1,0,0.002043106287932811
W04,3005.086,1,0,0.0024606721045524866
W04,3006.086,1,0,0.0024606721045524866
W04,3007.086,1,0,0.0024606721045524866
W04,3008.086,1,0,0.0024606721045524866
W04,3009.086,1,0,0.0024606721045524866
W04,3010.086,1,0,0.002897719981223464
W04,3011.086,1,0,0.002897719981223464
W04,3012.086,1,0,0.002897719981223464
W04,3013.086,1,0,0.002897719981223464
W04,3014.086,1,0,0.002897719981223464
W04,3015.086,1,0,0.0035303534710940387
W04,3016.086,1,0,0.0035303534710940387
W04,3017.086,1,0,0.0035303534710940387
W04,3018.086,1,0,0.0035303534710940387
W04,3019.086,1,0,0.0035303534710940387
W05,1964.9032,1,1,0.884678738264754
W05,1965.9032,1,1,0.884678738264754
W05,1966.9032,1,1,0.884678738264754
W05,1967.9032,1,1,0.884678738264754
W05,1968.9032,1,1,0.884678738264754
W05,1969.9032,1,1,0.7759914554490308
W05,1970.9032,1,1,0.7759914554490308
W05,1971.9032,1,1,0.7759914554490308
W05,1972.9032,1,1,0.7759914554490308
W05,1973.9032,1,1,0.7759914554490308
W05,1974.9032,1,1,0.8984692428651879
W05,1975.9032,1,1,0.8984692428651879
W05,1976.9032,1,1,0.8984692428651879
W05,1977.9032,1,1,0.8984692428651879
W05,1978.9032,1,1,0.8984692428651879
W05,1979.9032,1,1,0.9858957871887217
W05,1980.9032,1,1,0.9858957871887217
W05,1981.9032,1,1,0.9858957871887217
W05,1982.9032,1,1,0.9858957871887217
W05,1983.9032,1,1,0.9858957871887217
W05,1984.9032,1,1,0.9989315843684332
W05,1985.9032,1,1,0.9989315843684332
W05,1986.9032,1,1,0.9989315843684332
W05,1987.9032,1,1,0.9989315843684332
W05,1988.9032,1,1,0.9989315843684332
W05,1989.9032,0,1,0.6681231082934106
W05,1990.9032,0,1,0.6681231082934106
W05,1991.9032,0,1,0.6681231082934106
W05,1992.9032,0,1,0.6681231082934106
W05,1993.9032,0,1,0.6681231082934106
W05,1994.9032,0,0,0.4962242518236743
W05,1995.9032,0,0,0.4962242518236743
W05,1996.9032,0,0,0.4962242518236743
W05,1997.9032,0,0,0.4962242518236743
W05,1998.9032,0,0,0.4962242518236743
W05,1999.9032,0,0,0.11765550540696336
W05,2000.9032,0,0,0.11765550540696336
W05,2001.9032,0,0,0.11765550540696336
W05,2002.9032,0,0,0.11765550540696336
W05,2003.9032,0,0,0.11765550540696336
W05,2004.9032,0,0,0.20560983571516356
W05,2005.9032,0,0,0.20560983571516356
W05,2006.9032,0,0,0.20560983571516356
W05,2007.9032,0,0,0.20560983571516356
W05,2008.9032,0,0,0.20560983571516356
W05,2009.9032,0,0,0.48680042761024545
W05,2010.9032,0,0,0.48680042761024545
W05,2011.9032,0,0,0.48680042761024545
W05,2012.9032,0,0,0.48680042761024545
W05,2013.9032,0,0,0.48680042761024545
W05,2014.9032,0,0,0.25969209498169177
W05,2015.9032,0,0,0.25969209498169177
W05,2016.9032,0,0,0.25969209498169177
W05,2017.9032,0,0,0.25969209498169177
W05,2018.9032,0,0,0.25969209498169177
W05,2019.9032,0,0,0.11436366068262131
W05,2020.9032,0,0,0.11436366068262131
W05,2021.9032,0,0,0.11436366068262131
W05,2022.9032,0,0,0.11436366068262131
W05,2023.9032,0,0,0.11436366068262131
W05,2024.9032,0,0,0.4888066950637641
W05,2025.9032,0,0,0.4888066950637641
W05,2026.9032,0,0,0.4888066950637641
W05,2027.9032,0,0,0.4888066950637641
W05,2028.9032,0,0,0.4888066950637641
W05,2029.9032,0,0,0.4352187048602578
W05,2030.9032,0,0,0.4352187048602578
W05,2031.9032,0,0,0.4352187048602578
W05,2032.9032,0,0,0.4352187048602578
W05,2033.9032,0,0,0.4352187048602578
W05,2034.9032,0,0,0.2913289274874096
W05,2035.9032,0,0,0.2913289274874096
W05,2036.9032,0,0,0.2913289274874096
W05,2037.9032,0,0,0.2913289274874096
W05,2038.9032,0,0,0.2913289274874096
W05,2039.9032,0,0,0.3596774205157519
W05,2040.9032,0,0,0.3596774205157519
W05,2041.9032,0,0,0.3596774205157519
W05,2042.9032,0,0,0.3596774205157519
W05,2043.9032,0,0,0.3596774205157519
W05,2044.9032,0,0,0.3616393414069517
W05,2045.9032,0,0,0.3616393414069517
W05,2046.9032,0,0,0.3616393414069517
W05,2047.9032,0,0,0.3616393414069517
W05,2048.9032,0,0,0.3616393414069517
W05,2049.9032,0,0,0.2554713512838064
W05,2050.9032,0,0,0.2554713512838064
W05,2051.9032,0,0,0.2554713512838064
W05,2052.9032,0,0,0.2554713512838064
W05,2053.9032,0,0,0.2554713512838064
W05,2054.9032,0,0,0.35585813253537746
W05,2055.9032,0,0,0.35585813253537746
W05,2056.9032,0,0,0.35585813253537746
W05,2057.9032,0,0,0.35585813253537746
W05,2058.9032,0,0,0.35585813253537746
W05,2059.9032,0,0,0.3566173582011645
W05,2060.9032,0,0,0.3566173582011645
W05,2061.9032,0,0,0.3566173582011645
W05,2062.9032,0,0,0.3566173582011645
W05,2063.9032,0,0,0.18542109377432053
W05,2064.9032,0,0,0.18542109377432053
W05,2065.9032,0,0,0.18542109377432053
W05,2066.9032,0,0,0.18542109377432053
W05,2067.9032,0,0,0.18542109377432053
W05,2068.9032,0,0,0.2201606096751697
W05,2069.9032,0,0,0.2201606096751697
W05,2070.9032,0,0,0.2201606096751697
W05,2071.9032,0,0,0.2201606096751697
W05,2072.9032,0,0,0.2201606096751697
W05,2073.9032,0,0,0.2729900549921699
W05,2074.9032,0,0,0.2729900549921699
W05,2075.9032,0,0,0.2729900549921699
W05,2076.9032,0,0,0.2729900549921699
W05,2077.9032,0,0,0.2729900549921699
W05,2078.9032,0,0,0.34431793692268164
W05,2079.9032,0,0,0.34431793692268164
W05,2080.9032,0,0,0.34431793692268164
W05,2081.9032,0,0,0.34431793692268164
W05,2082.9032,0,0,0.34431793692268164
W05,2083.9032,0,1,0.5333464011139538
W05,2084.9032,0,1,0.5333464011139538
W05,2085.9032,0,1,0.5333464011139538
W05,2086.9032,0,1,0.5333464011139538
W05,2087.9032,0,1,0.5333464011139538
W05,2088.9032,0,0,0.4904169689375314
W05,2089.9032,0,0,0.4904169689375314
W05,2090.9032,0,0,0.4904169689375314
W05,2091.9032,0,0,0.4904169689375314
W05,2092.9032,0,0,0.4904169689375314
W05,2093.9032,0,0,0.24749034485667246
W05,2094.9032,0,0,0.24749034485667246
W05,2095.9032,0,0,0.24749034485667246
W05,2096.9032,0,0,0.24749034485667246
W05,2097.9032,0,0,0.24749034485667246
W05,2098.9032,0,0,0.16413611738013242
W05,2099.9032,0,0,0.16413611738013242
W05,2100.9032,0,0,0.16413611738013242
W05,2101.9032,0,0,0.16413611738013242
W05,2102.9032,0,0,0.16413611738013242
W05,2103.9032,0,0,0.24887305324190395
W05,2104.9032,0,0,0.24887305324190395
W05,2105.9032,0,0,0.24887305324190395
W05,2106.9032,0,0,0.24887305324190395
W05,2107.9032,0,0,0.24887305324190395
W05,2108.9032,0,0,0.39759942648066343
W05,2109.9032,0,0,0.39759942648066343
W05,2110.9032,0,0,0.39759942648066343
W05,2111.9032,0,0,0.39759942648066343
W05,2112.9032,0,0,0.39759942648066343
W05,2113.9032,0,0,0.39571840392772234
W05,2114.9032,0,0,0.39571840392772234
W05,2115.9032,0,0,0.39571840392772234
W05,2116.9032,0,0,0.39571840392772234
W05,2117.9032,0,0,0.39571840392772234
W05,2118.9032,0,1,0.5018918996769516
W05,2119.9032,0,1,0.5018918996769516
W05,2120.9032,0,1,0.5018918996769516
W05,2121.9032,0,1,0.5018918996769516
W05,2122.9032,0,1,0.5018918996769516
W05,2123.9032,0,1,0.7736604745886326
W05,2124.9032,0,1,0.7736604745886326
W05,2125.9032,0,1,0.7736604745886326
W05,2126.9032,0,1,0.7736604745886326
W05,2127.9032,0,1,0.7736604745886326
W05,2128.9032,0,0,0.4942938042868495
W05,2129.9032,0,0,0.4942938042868495
W05,2130.9032,0,0,0.4942938042868495
W05,2131.9032,0,0,0.4942938042868495
W05,2132.9032,0,0,0.4942938042868495
W05,2133.9032,0,1,0.6484090690778606
W05,2134.9032,0,1,0.6484090690778606
W05,2135.9032,0,1,0.6484090690778606
W05,2136.9032,0,1,0.6484090690778606
W05,2137.9032,0,1,0.6484090690778606
W05,2138.9032,0,1,0.6398090485589584
W05,2139.9032,0,1,0.6398090485589584
W05,2140.9032,0,1,0.6398090485589584
W05,2141.9032,0,1,0.6398090485589584
W05,2142.9032,0,1,0.6398090485589584
W05,2143.9032,0,0,0.3892128245632998
W05,2144.9032,0,0,0.3892128245632998
W05,2145.9032,0,0,0.3892128245632998
W05,2146.9032,0,0,0.3892128245632998
W05,2147.9032,0,0,0.4095127767412797
W05,2148.9032,0,0,0.4095127767412797
W05,2149.9032,1,1,0.9964305974992883
W05,2150.9032,1,1,0.9964305974992883
W05,2151.9032,1,1,0.9964305974992883
W05,2152.9032,1,1,0.9964305974992883
W05,2153.9032,1,1,0.9964305974992883
W05,2154.9032,1,1,0.9974614236886579
W05,2155.9032,1,1,0.9974614236886579
W05,2156.9032,1,1,0.9974614236886579
W05,2157.9032,1,1,0.9974614236886579
W05,2158.9032,1,1,0.9974614236886579
W05,2159.9032,1,1,0.9999583799936411
W05,2160.9032,1,1,0.9999583799936411
W05,2161.9032,1,1,0.9999583799936411
W05,2162.9032,1,1,0.9999583799936411
W05,2163.9032,1,1,0.9999583799936411
W05,2164.9032,1,1,0.9999821688370242
W05,2165.9032,1,1,0.9999821688370242
W05,2166.9032,1,1,0.9999821688370242
W05,2167.9032,1,1,0.9999821688370242
W05,2168.9032,1,1,0.9999821688370242
W05,2169.9032,1,1,0.9999939090668439
W05,2170.9032,1,1,0.9999939090668439
W05,2171.9032,1,1,0.9999939090668439
W05,2172.9032,1,1,0.9999939090668439
W05,2173.9032,1,1,0.9999939090668439
W05,2174.9032,1,1,0.9999952107369897
W05,2175.9032,1,1,0.9999952107369897
W05,2176.9032,1,1,0.9999952107369897
W05,2177.9032,1,1,0.9999952107369897
W05,2178.9032,1,1,0.9999952107369897
W05,2179.9032,1,1,0.9999957376273527
W05,2180.9032,1,1,0.9999957376273527
W05,2181.9032,1,1,0.9999957376273527
W05,2182.9032,1,1,0.9999957376273527
W05,2183.9032,1,1,0.9999957376273527
W05,2184.9032,0,1,0.9750219596994519
W05,2185.9032,0,1,0.9750219596994519
W05,2186.9032,0,1,0.9750219596994519
W05,2187.9032,0,1,0.9750219596994519
W05,2188.9032,0,1,0.9750219596994519
W05,2189.9032,0,1,0.8442331125265761
W05,2190.9032,0,1,0.8442331125265761
W05,2191.9032,0,1,0.8442331125265761
W05,2192.9032,0,1,0.8442331125265761
W05,2193.9032,0,1,0.8442331125265761
W05,2194.9032,1,1,0.9224348395158343
W05,2195.9032,1,1,0.9224348395158343
W05,2196.9032,1,1,0.9224348395158343
W05,2197.9032,1,1,0.9224348395158343
W05,2198.9032,1,1,0.9224348395158343
W05,2199.9032,1,1,0.8446852031169539
W05,2200.9032,1,1,0.8446852031169539
W05,2201.9032,1,1,0.8446852031169539
W05,2202.9032,1,1,0.8446852031169539
W05,2203.9032,0,1,0.5851702210427021
W05,2204.9032,0,1,0.5851702210427021
W05,2205.9032,0,1,0.5851702210427021
W05,2206.9032,0,1,0.5851702210427021
W05,2207.9032,0,1,0.5851702210427021
W05,2208.9032,1,1,0.84320773313871
W05,2209.9032,1,1,0.84320773313871
W05,2210.9032,1,1,0.84320773313871
W05,2211.9032,1,1,0.84320773313871
W05,2212.9032,1,1,0.84320773313871
W05,2213.9032,1,1,0.8647850886650953
W05,2214.9032,1,1,0.8647850886650953
W05,2215.9032,1,1,0.8647850886650953
W05,2216.9032,1,1,0.8647850886650953
W05,2217.9032,1,1,0.8647850886650953
W05,2218.9032,1,1,0.8978589990576953
W05,2219.9032,1,1,0.8978589990576953
W05,2220.9032,1,1,0.8978589990576953
W05,2221.9032,1,1,0.8978589990576953
W05,2222.9032,1,1,0.8978589990576953
W05,2223.9032,1,1,0.9543229247631806
W05,2224.9032,1,1,0.9543229247631806
W05,2225.9032,1,1,0.9543229247631806
W05,2226.9032,1,1,0.9543229247631806
W05,2227.9032,1,1,0.9543229247631806
W05,2228.9032,1,1,0.9999908156188355
W05,2229.9032,1,1,0.9999908156188355
W05,2230.9032,1,1,0.9999908156188355
W05,2231.9032,1,1,0.9999908156188355
W05,2232.9032,1,1,0.9999908156188355
W05,2233.9032,1,1,0.99977918532096
W05,2234.9032,1,1,0.99977918532096
W05,2235.9032,1,1,0.99977918532096
W05,2236.9032,1,1,0.99977918532096
W05,2237.9032,1,1,0.99977918532096
W05,2238.9032,1,1,0.9999733193364646
W05,2239.9032,1,1,0.9999733193364646
W05,2240.9032,1,1,0.9999733193364646
W05,2241.9032,1,1,0.9999733193364646
W05,2242.9032,1,1,0.9999733193364646
W05,2243.9032,1,1,0.9988921026401802
W05,2244.9032,1,1,0.9988921026401802
W05,2245.9032,1,1,0.9988921026401802
W05,2246.9032,1,1,0.9988921026401802
W05,2247.9032,1,1,0.9988921026401802
W05,2248.9032,1,1,0.9754745786640532
W05,2249.9032,1,1,0.9754745786640532
W05,2250.9032,1,1,0.9754745786640532
W05,2251.9032,1,1,0.9754745786640532
W05,2252.9032,1,1,0.9754745786640532
W05,2253.9032,1,1,0.9994388979268811
W05,2254.9032,1,1,0.9994388979268811
W05,2255.9032,1,1,0.9994388979268811
W05,2256.9032,1,1,0.9994388979268811
W05,2257.9032,1,1,0.9994388979268811
W05,2258.9032,1,1,0.9995506047210131
W05,2259.9032,1,1,0.9995506047210131
W05,2260.9032,1,1,0.9995506047210131
W05,2261.9032,1,1,0.9995506047210131
W05,2262.9032,1,1,0.9995506047210131
W05,2263.9032,1,1,0.9999556367389522
W05,2264.9032,1,1,0.9999556367389522
W05,2265.9032,1,1,0.9999556367389522
W05,2266.9032,1,1,0.9999556367389522
W05,2267.9032,1,1,0.9999556367389522
W05,2268.9032,1,1,0.9994796960727839
W05,2269.9032,1,1,0.9994796960727839
W05,2270.9032,1,1,0.9994796960727839
W05,2271.9032,1,1,0.9994796960727839
W05,2272.9032,1,1,0.9994796960727839
W05,2273.9032,1,1,0.9999402656873903
W05,2274.9032,1,1,0.9999402656873903
W05,2275.9032,1,1,0.9999402656873903
W05,2276.9032,1,1,0.9999402656873903
W05,2277.9032,1,1,0.9999402656873903
W05,2278.9032,1,1,0.999973281104104
W05,2279.9032,1,1,0.999973281104104
W05,2280.9032,1,1,0.999973281104104
W05,2281.9032,1,1,0.999973281104104
W05,2282.9032,1,1,0.999973281104104
W05,2283.9032,1,1,0.9997492821710532
W05,2284.9032,1,1,0.9997492821710532
W05,2285.9032,1,1,0.9997492821710532
W05,2286.9032,1,1,0.9997492821710532
W05,2287.9032,1,1,0.9970002615541287
W05,2288.9032,1,1,0.9970002615541287
W05,2289.9032,1,1,0.9970002615541287
W05,2290.9032,1,1,0.9970002615541287
W05,2291.9032,1,1,0.9970002615541287
W05,2292.9032,1,1,0.876250968237609
W05,2293.9032,1,1,0.876250968237609
W05,2294.9032,1,1,0.876250968237609
W05,2295.9032,1,1,0.876250968237609
W05,2296.9032,1,1,0.876250968237609
W05,2297.9032,1,1,0.9938286701287513
W05,2298.9032,1,1,0.9938286701287513
W05,2299.9032,1,1,0.9938286701287513
W05,2300.9032,0,1,0.6683920895241667
W05,2301.9032,0,1,0.6683920895241667
W05,2302.9032,0,1,0.6157354313976975
W05,2303.9032,1,1,0.995471659792461
W05,2304.9032,1,1,0.995471659792461
W05,2305.9032,1,1,0.995471659792461
W05,2306.9032,1,1,0.995471659792461
W05,2307.9032,1,1,0.995471659792461
W05,2308.9032,1,1,0.9998691177031567
W05,2309.9032,1,1,0.9998691177031567
W05,2310.9032,1,1,0.9998691177031567
W05,2311.9032,1,1,0.9998691177031567
W05,2312.9032,1,1,0.9998691177031567
W05,2313.9032,1,1,0.9925023685318304
W05,2314.9032,1,1,0.9925023685318304
W05,2315.9032,1,1,0.9925023685318304
W05,2316.9032,1,1,0.9925023685318304
W05,2317.9032,1,1,0.9925023685318304
W05,2318.9032,1,1,0.9990204851192082
W05,2319.9032,1,1,0.9990204851192082
W05,2320.9032,1,1,0.9990204851192082
W05,2321.9032,1,1,0.9990204851192082
W05,2322.9032,1,1,0.9990204851192082
W05,2323.9032,1,1,0.9769219630101313
W05,2324.9032,1,1,0.9769219630101313
W05,2325.9032,1,1,0.9769219630101313
W05,2326.9032,1,1,0.9769219630101313
W05,2327.9032,1,1,0.9993567157741957
W05,2328.9032,1,1,0.9993567157741957
W05,2329.9032,1,1,0.9993567157741957
W05,2330.9032,1,1,0.9993567157741957
W05,2331.9032,1,1,0.9993567157741957
W05,2332.9032,1,1,0.9999960881935125
W05,2333.9032,1,1,0.9999960881935125
W05,2334.9032,1,1,0.9999960881935125
W05,2335.9032,1,1,0.9999960881935125
W05,2336.9032,1,1,0.9999960881935125
W05,2337.9032,1,1,0.9992889337682507
W05,2338.9032,1,1,0.9992889337682507
W05,2339.9032,1,1,0.9992889337682507
W05,2340.9032,1,1,0.9992889337682507
W05,2341.9032,1,1,0.9992889337682507
W05,2342.9032,1,1,0.9999332888008544
W05,2343.9032,1,1,0.9999332888008544
W05,2344.9032,1,1,0.9999332888008544
W05,2345.9032,1,1,0.9999332888008544
W05,2346.9032,1,1,0.9999332888008544
W05,2347.9032,1,1,0.9996160575451757
W05,2348.9032,1,1,0.9996160575451757
W05,2349.9032,1,1,0.9996160575451757
W05,2350.9032,1,1,0.9996160575451757
W05,2351.9032,1,1,0.9996160575451757
W05,2352.9032,1,1,0.9937707214464782
W05,2353.9032,1,1,0.9937707214464782
W05,2354.9032,1,1,0.9937707214464782
W05,2355.9032,1,1,0.9937707214464782
W05,2356.9032,1,1,0.9937707214464782
W05,2357.9032,1,1,0.9997781701377728
W05,2358.9032,1,1,0.9997781701377728
W05,2359.9032,1,1,0.9997781701377728
W05,2360.9032,1,1,0.9997781701377728
W05,2361.9032,1,1,0.9997781701377728
W05,2362.9032,1,1,0.9999603665590424
W05,2363.9032,1,1,0.9999603665590424
W05,2364.9032,1,1,0.9999603665590424
W05,2365.9032,1,1,0.9999603665590424
W05,2366.9032,1,1,0.9999603665590424
W05,2367.9032,1,1,0.9998784995611257
W05,2368.9032,1,1,0.9998784995611257
W05,2369.9032,1,1,0.9998784995611257
W05,2370.9032,1,1,0.9998784995611257
W05,2371.9032,1,1,0.9998784995611257
W05,2372.9032,1,1,0.9811221214781385
W05,2373.9032,1,1,0.9811221214781385
W05,2374.9032,1,1,0.9811221214781385
W05,2375.9032,1,1,0.9811221214781385
W05,2376.9032,1,1,0.9811221214781385
W05,2377.9032,1,1,0.929680141618564
W05,2378.9032,1,1,0.929680141618564
W05,2379.9032,1,1,0.929680141618564
W05,2380.9032,1,1,0.929680141618564
W05,2381.9032,1,1,0.929680141618564
W05,2382.9032,1,1,0.9994976362761661
W05,2383.9032,1,1,0.9994976362761661
W05,2384.9032,1,1,0.9994976362761661
W05,2385.9032,1,1,0.9994976362761661
W05,2386.9032,1,1,0.9994976362761661
W05,2387.9032,1,1,0.97520009373793
W05,2388.9032,1,1,0.97520009373793
W05,2389.9032,1,1,0.97520009373793
W05,2390.9032,1,1,0.97520009373793
W05,2391.9032,1,1,0.97520009373793
W05,2392.9032,1,1,0.9994980324564794
W05,2393.9032,1,1,0.9994980324564794
W05,2394.9032,1,1,0.9994980324564794
W05,2395.9032,1,1,0.9994980324564794
W05,2396.9032,1,1,0.999475773930353
W05,2397.9032,1,1,0.999475773930353
W05,2398.9032,1,1,0.999475773930353
W05,2399.9032,1,1,0.999475773930353
W05,2400.9032,1,1,0.999475773930353
W05,2401.9032,1,1,0.9829222045456396
W05,2402.9032,1,1,0.9829222045456396
W05,2403.9032,1,1,0.9829222045456396
W05,2404.9032,1,1,0.9829222045456396
W05,2405.9032,1,1,0.9829222045456396
W05,2406.9032,1,1,0.99981189250514
W05,2407.9032,1,1,0.99981189250514
W05,2408.9032,1,1,0.99981189250514
W05,2409.9032,1,1,0.99981189250514
W05,2410.9032,1,1,0.99981189250514
W05,2411.9032,1,1,0.9999342146371307
W05,2412.9032,1,1,0.9999342146371307
W05,2413.9032,1,1,0.9999342146371307
W05,2414.9032,1,1,0.9999342146371307
W05,2415.9032,1,1,0.9999342146371307
W05,2416.9032,1,1,0.9999619289725872
W05,2417.9032,1,1,0.9999619289725872
W05,2418.9032,1,1,0.9999619289725872
W05,2419.9032,1,1,0.9999619289725872
W05,2420.9032,1,1,0.9999619289725872
W05,2421.9032,1,1,0.9999986019475339
W05,2422.9032,1,1,0.9999986019475339
W05,2423.9032,1,1,0.9999986019475339
W05,2424.9032,1,1,0.9999986019475339
W05,2425.9032,1,1,0.9999986019475339
W05,2426.9032,1,1,0.999999816273631
W05,2427.9032,1,1,0.999999816273631
W05,2428.9032,1,1,0.999999816273631
W05,2429.9032,1,1,0.999999816273631
W05,2430.9032,1,1,0.999999816273631
W05,2431.9032,1,1,0.9999947804120572
W05,2432.9032,1,1,0.9999947804120572
W05,2433.9032,1,1,0.9999947804120572
W05,2434.9032,1,1,0.9999947804120572
W05,2435.9032,1,1,0.9999947804120572
W05,2436.9032,1,1,0.9999968102200887
W05,2437.9032,1,1,0.9999968102200887
W05,2438.9032,1,1,0.9999968102200887
W05,2439.9032,1,1,0.9999968102200887
W05,2440.9032,1,1,0.9999968102200887
W05,2441.9032,1,1,0.995740145556682
W05,2442.9032,1,1,0.995740145556682
W05,2443.9032,1,1,0.995740145556682
W05,2444.9032,1,1,0.995740145556682
W05,2445.9032,1,1,0.995740145556682
W05,2446.9032,1,1,0.9774944549785385
W05,2447.9032,1,1,0.9774944549785385
W05,2448.9032,1,1,0.9774944549785385
W05,2449.9032,1,1,0.9774944549785385
W05,2450.9032,1,1,0.9774944549785385
W05,2451.9032,1,1,0.9966842643417586
W05,2452.9032,1,1,0.9966842643417586
W05,2453.9032,1,1,0.9966842643417586
W05,2454.9032,1,1,0.9966842643417586
W05,2455.9032,1,1,0.9966842643417586
W05,2456.9032,1,1,0.9999442511615015
W05,2457.9032,1,1,0.9999442511615015
W05,2458.9032,1,1,0.9999442511615015
W05,2459.9032,1,1,0.9999442511615015
W05,2460.9032,1,1,0.986309975005695
W05,2461.9032,1,1,0.986309975005695
W05,2462.9032,1,1,0.986309975005695
W05,2463.9032,1,1,0.986309975005695
W05,2464.9032,0,1,0.7989905733146152
W05,2465.9032,0,1,0.7989905733146152
W05,2466.9032,0,1,0.7989905733146152
W05,2467.9032,0,1,0.7989905733146152
W05,2468.9032,1,1,0.9668649497523568
W05,2469.9032,1,1,0.9668649497523568
W05,2470.9032,1,1,0.9916256900897771
W05,2471.9032,1,1,0.9916256900897771
W05,2472.9032,1,1,0.9916256900897771
W05,2473.9032,1,1,0.9916256900897771
W05,2474.9032,1,1,0.9916256900897771
W05,2475.9032,0,1,0.8627634623973416
W05,2476.9032,0,1,0.8627634623973416
W05,2477.9032,0,1,0.8627634623973416
W05,2478.9032,0,1,0.8627634623973416
W05,2479.9032,0,1,0.8627634623973416
W05,2480.9032,1,1,0.9985608750170457
W05,2481.9032,1,1,0.9985608750170457
W05,2482.9032,1,1,0.9985608750170457
W05,2483.9032,1,1,0.9985608750170457
W05,2484.9032,1,1,0.999943345729932
W05,2485.9032,1,1,0.999943345729932
W05,2486.9032,1,1,0.999943345729932
W05,2487.9032,1,1,0.999943345729932
W05,2488.9032,1,1,0.999943345729932
W05,2489.9032,1,1,0.9990290410641585
W05,2490.9032,1,1,0.9990290410641585
W05,2491.9032,1,1,0.9990290410641585
W05,2492.9032,1,1,0.9990290410641585
W05,2493.9032,1,1,0.9990290410641585
W05,2494.9032,1,1,0.9996140525321973
W05,2495.9032,1,1,0.9996140525321973
W05,2496.9032,1,1,0.9996140525321973
W05,2497.9032,1,1,0.9996140525321973
W05,2498.9032,1,1,0.9996140525321973
W05,2499.9032,1,1,0.9998986883998262
W05,2500.9032,1,1,0.9998986883998262
W05,2501.9032,1,1,0.9998986883998262
W05,2502.9032,1,1,0.9998986883998262
W05,2503.9032,1,1,0.9998986883998262
W05,2504.9032,1,1,0.9990947908828272
W05,2505.9032,1,1,0.9990947908828272
W05,2506.9032,1,1,0.9990947908828272
W05,2507.9032,1,1,0.9990947908828272
W05,2508.9032,1,1,0.9990947908828272
W05,2509.9032,1,1,0.9993788937324716
W05,2510.9032,1,1,0.9993788937324716
W05,2511.9032,1,1,0.9993788937324716
W05,2512.9032,1,1,0.9993788937324716
W05,2513.9032,1,1,0.9993788937324716
W05,2514.9032,1,1,0.999983398502076
W05,2515.9032,1,1,0.999983398502076
W05,2516.9032,1,1,0.999983398502076
W05,2517.9032,1,1,0.999983398502076
W05,2518.9032,1,1,0.999983398502076
W05,2519.9032,1,1,0.9999702857914892
W05,2520.9032,1,1,0.9999702857914892
W05,2521.9032,1,1,0.9999702857914892
W05,2522.9032,1,1,0.9999702857914892
W05,2523.9032,1,1,0.9999702857914892
W05,2524.9032,1,1,0.9999471021282795
W05,2525.9032,1,1,0.9999471021282795
W05,2526.9032,1,1,0.9999471021282795
W05,2527.9032,1,1,0.9999471021282795
W05,2528.9032,1,1,0.9999471021282795
W05,2529.9032,1,1,0.9997049777756142
W05,2530.9032,1,1,0.9997049777756142
W05,2531.9032,1,1,0.9997049777756142
W05,2532.9032,1,1,0.9997049777756142
W05,2533.9032,1,1,0.9997049777756142
W05,2534.9032,1,1,0.9999953129796822
W05,2535.9032,1,1,0.9999953129796822
W05,2536.9032,1,1,0.9999953129796822
W05,2537.9032,1,1,0.9999953129796822
W05,2538.9032,1,1,0.9995536735072362
W05,2539.9032,1,1,0.9995536735072362
W05,2540.9032,1,1,0.9995536735072362
W05,2541.9032,1,1,0.9995536735072362
W05,2542.9032,1,1,0.9995536735072362
W05,2543.9032,1,1,0.991961886216046
W05,2544.9032,1,1,0.991961886216046
W05,2545.9032,1,1,0.991961886216046
W05,2546.9032,1,1,0.991961886216046
W05,2547.9032,1,1,0.991961886216046
W05,2548.9032,1,1,0.9803853096742706
W05,2549.9032,1,1,0.9803853096742706
W05,2550.9032,1,1,0.9803853096742706
W05,2551.9032,1,1,0.9803853096742706
W05,2552.9032,1,1,0.9803853096742706
W05,2553.9032,1,1,0.9996452119043697
W05,2554.9032,1,1,0.9996452119043697
W05,2555.9032,1,1,0.9996452119043697
W05,2556.9032,1,1,0.9996452119043697
W05,2557.9032,1,1,0.9996452119043697
W05,2558.9032,0,1,0.7908351711993639
W05,2559.9032,0,1,0.7908351711993639
W05,2560.9032,0,1,0.7908351711993639
W05,2561.9032,0,1,0.7908351711993639
W05,2562.9032,0,1,0.7908351711993639
W05,2563.9032,1,1,0.984419679875811
W05,2564.9032,1,1,0.984419679875811
W05,2565.9032,1,1,0.984419679875811
W05,2566.9032,1,1,0.984419679875811
W05,2567.9032,1,1,0.984419679875811
W05,2568.9032,1,1,0.930796764539614
W05,2569.9032,1,1,0.930796764539614
W05,2570.9032,1,1,0.930796764539614
W05,2571.9032,1,1,0.930796764539614
W05,2572.9032,1,1,0.930796764539614
W05,2573.9032,1,1,0.9406560585473035
W05,2574.9032,1,1,0.9406560585473035
W05,2575.9032,1,1,0.9406560585473035
W05,2576.9032,1,1,0.9406560585473035
W05,2577.9032,1,1,0.9406560585473035
W05,2578.9032,0,0,0.4041355670992066
W05,2579.9032,0,0,0.4041355670992066
W05,2580.9032,0,0,0.4041355670992066
W05,2581.9032,0,0,0.4041355670992066
W05,2582.9032,0,0,0.4041355670992066
W05,2583.9032,1,1,0.9743922298410435
W05,2584.9032,1,1,0.9743922298410435
W05,2585.9032,1,1,0.9743922298410435
W05,2586.9032,1,1,0.9743922298410435
W05,2587.9032,1,1,0.9743922298410435
W05,2588.9032,1,1,0.5594229684408255
W05,2589.9032,1,1,0.5594229684408255
W05,2590.9032,1,1,0.5594229684408255
W05,2591.9032,1,1,0.5594229684408255
W05,2592.9032,1,1,0.9901746877268233
W05,2593.9032,1,1,0.9901746877268233
W05,2594.9032,1,1,0.9901746877268233
W05,2595.9032,1,1,0.9901746877268233
W05,2596.9032,1,1,0.9901746877268233
W05,2597.9032,1,1,0.9792951937807478
W05,2598.9032,1,1,0.9792951937807478
W05,2599.9032,1,1,0.9792951937807478
W05,2600.9032,1,1,0.9792951937807478
W05,2601.9032,1,1,0.9792951937807478
W05,2602.9032,1,1,0.8777175565310564
W05,2603.9032,1,1,0.8777175565310564
W05,2604.9032,1,1,0.8777175565310564
W05,2605.9032,1,1,0.8777175565310564
W05,2606.9032,1,1,0.8777175565310564
W05,2607.9032,1,1,0.718763376314036
W05,2608.9032,1,1,0.718763376314036
W05,2609.9032,1,1,0.718763376314036
W05,2610.9032,1,1,0.718763376314036
W05,2611.9032,1,1,0.718763376314036
W05,2612.9032,1,1,0.7806051117889996
W05,2613.9032,1,1,0.7806051117889996
W05,2614.9032,1,1,0.7806051117889996
W05,2615.9032,1,1,0.7806051117889996
W05,2616.9032,1,1,0.7806051117889996
W05,2617.9032,1,1,0.8914133215386385
W05,2618.9032,1,1,0.8914133215386385
W05,2619.9032,1,1,0.8914133215386385
W05,2620.9032,1,1,0.8914133215386385
W05,2621.9032,1,1,0.8914133215386385
W05,2622.9032,1,1,0.6694258949156578
W05,2623.9032,1,1,0.6694258949156578
W05,2624.9032,1,1,0.6694258949156578
W05,2625.9032,1,1,0.6694258949156578
W05,2626.9032,1,1,0.6694258949156578
W05,2627.9032,1,1,0.6539110709710643
W05,2628.9032,1,0,0.4986899727741117
W05,2629.9032,1,0,0.4986899727741117
W05,2630.9032,1,0,0.4986899727741117
W05,2631.9032,1,0,0.4986899727741117
W05,2632.9032,1,0,0.4986899727741117
W05,2633.9032,0,0,0.4608279660341441
W05,2634.9032,0,0,0.4608279660341441
W05,2635.9032,0,0,0.4608279660341441
W05,2636.9032,0,0,0.4608279660341441
W05,2637.9032,0,0,0.4608279660341441
W05,2638.9032,1,1,0.9969781132029859
W05,2639.9032,1,1,0.9969781132029859
W05,2640.9032,1,1,0.9969781132029859
W05,2641.9032,1,1,0.9969781132029859
W05,2642.9032,1,1,0.9969781132029859
W05,2643.9032,1,1,0.9863440129834898
W05,2644.9032,1,1,0.9863440129834898
W05,2645.9032,1,1,0.9863440129834898
W05,2646.9032,1,1,0.9863440129834898
W05,2647.9032,1,1,0.9759529063176581
W05,2648.9032,1,1,0.9759529063176581
W05,2649.9032,1,1,0.9759529063176581
W05,2650.9032,1,1,0.9759529063176581
W05,2651.9032,1,1,0.9759529063176581
W05,2652.9032,1,1,0.9996893986908051
W05,2653.9032,1,1,0.9996893986908051
W05,2654.9032,1,1,0.9996893986908051
W05,2655.9032,1,1,0.9996893986908051
W05,2656.9032,1,1,0.9996893986908051
W05,2657.9032,1,1,0.9999699789291792
W05,2658.9032,1,1,0.9999699789291792
W05,2659.9032,1,1,0.9999699789291792
W05,2660.9032,1,1,0.9999699789291792
W05,2661.9032,1,1,0.9999699789291792
W05,2662.9032,1,1,0.9999703418362205
W05,2663.9032,1,1,0.9999703418362205
W05,2664.9032,1,1,0.9999703418362205
W05,2665.9032,1,1,0.9999703418362205
W05,2666.9032,1,1,0.9999703418362205
W05,2667.9032,1,1,0.9999874132890039
W05,2668.9032,1,1,0.9999874132890039
W05,2669.9032,1,1,0.9999874132890039
W05,2670.9032,1,1,0.9999874132890039
W05,2671.9032,1,1,0.9999874132890039
W05,2672.9032,1,1,0.9999826317244893
W05,2673.9032,1,1,0.9999826317244893
W05,2674.9032,1,1,0.9999826317244893
W05,2675.9032,1,1,0.9999826317244893
W05,2676.9032,1,1,0.9999826317244893
W05,2677.9032,1,1,0.9989972210564045
W05,2678.9032,1,1,0.9989972210564045
W05,2679.9032,1,1,0.9989972210564045
W05,2680.9032,1,1,0.9989972210564045
W05,2681.9032,1,1,0.9989972210564045
W05,2682.9032,1,1,0.6440269950462575
W05,2683.9032,1,1,0.6440269950462575
W05,2684.9032,1,1,0.6440269950462575
W05,2685.9032,1,1,0.6440269950462575
W05,2686.9032,1,1,0.6440269950462575
W05,2687.9032,1,1,0.9787065111607188
W05,2688.9032,1,1,0.9787065111607188
W05,2689.9032,1,1,0.9787065111607188
W05,2690.9032,1,1,0.9787065111607188
W05,2691.9032,1,1,0.9787065111607188
W05,2692.9032,1,1,0.9749657547993704
W05,2693.9032,1,1,0.9749657547993704
W05,2694.9032,1,1,0.9749657547993704
W05,2695.9032,1,1,0.9749657547993704
W05,2696.9032,1,1,0.9749657547993704
W05,2697.9032,1,1,0.8498243312365389
W05,2698.9032,1,1,0.8498243312365389
W05,2699.9032,1,1,0.8498243312365389
W05,2700.9032,1,1,0.8498243312365389
W05,2701.9032,0,1,0.6547194437090912
W05,2702.9032,0,1,0.6547194437090912
W05,2703.9032,0,1,0.6547194437090912
W05,2704.9032,0,1,0.6547194437090912
W05,2705.9032,0,1,0.6547194437090912
W05,2706.9032,1,1,0.9555470649461538
W05,2707.9032,1,1,0.9555470649461538
W05,2708.9032,1,1,0.9555470649461538
W05,2709.9032,1,1,0.9555470649461538
W05,2710.9032,1,1,0.9555470649461538
W05,2711.9032,1,1,0.8962630098257903
W05,2712.9032,1,1,0.8962630098257903
W05,2713.9032,1,1,0.8962630098257903
W05,2714.9032,1,1,0.8962630098257903
W05,2715.9032,1,1,0.8962630098257903
W05,2716.9032,1,0,0.4510802192530144
W05,2717.9032,1,0,0.4510802192530144
W05,2718.9032,1,0,0.4510802192530144
W05,2719.9032,1,0,0.4510802192530144
W05,2720.9032,1,0,0.4510802192530144
W05,2721.9032,0,0,0.1807587581937419
W05,2722.9032,0,0,0.1807587581937419
W05,2723.9032,0,0,0.1807587581937419
W05,2724.9032,0,0,0.1807587581937419
W05,2725.9032,0,0,0.1807587581937419
W05,2726.9032,0,0,0.22907111170736924
W05,2727.9032,0,0,0.22907111170736924
W05,2728.9032,0,0,0.22907111170736924
W05,2729.9032,0,0,0.26708276038789336
W05,2730.9032,0,0,0.26708276038789336
W05,2731.9032,0,0,0.26708276038789336
W05,2732.9032,0,0,0.26708276038789336
W05,2733.9032,0,0,0.26708276038789336
W05,2734.9032,0,0,0.40619307719541725
W05,2735.9032,0,0,0.40619307719541725
W05,2736.9032,0,0,0.40619307719541725
W05,2737.9032,0,0,0.40619307719541725
W05,2738.9032,1,1,0.6078491268186651
W05,2739.9032,1,1,0.6078491268186651
W05,2740.9032,1,1,0.6078491268186651
W05,2741.9032,1,1,0.6078491268186651
W05,2742.9032,1,1,0.6078491268186651
W05,2743.9032,0,0,0.40753433798992184
W05,2744.9032,0,0,0.40753433798992184
W05,2745.9032,0,0,0.40753433798992184
W05,2746.9032,0,0,0.40753433798992184
W05,2747.9032,0,0,0.40753433798992184
W05,2748.9032,0,0,0.34501707110786967
W05,2749.9032,0,0,0.34501707110786967
W05,2750.9032,0,0,0.34501707110786967
W05,2751.9032,0,0,0.34501707110786967
W05,2752.9032,0,0,0.34501707110786967
W05,2753.9032,0,0,0.18720356226673932
W05,2754.9032,0,0,0.18720356226673932
W05,2755.9032,0,0,0.18720356226673932
W05,2756.9032,0,0,0.18720356226673932
W05,2757.9032,0,0,0.18720356226673932
W05,2758.9032,0,0,0.18077159249534722
W05,2759.9032,0,0,0.18077159249534722
W05,2760.9032,0,0,0.18077159249534722
W05,2761.9032,0,0,0.18077159249534722
W05,2762.9032,0,0,0.18077159249534722
W05,2763.9032,0,0,0.27476193018096207
W05,2764.9032,0,0,0.27476193018096207
W05,2765.9032,0,0,0.27476193018096207
W05,2766.9032,0,0,0.27476193018096207
W05,2767.9032,0,0,0.27476193018096207
W05,2768.9032,1,0,0.4277804528861746
W05,2769.9032,1,0,0.4277804528861746
W05,2770.9032,1,0,0.4277804528861746
W05,2771.9032,1,0,0.4277804528861746
W05,2772.9032,1,0,0.4277804528861746
W05,2773.9032,1,1,0.5318709011299966
W05,2774.9032,1,1,0.5318709011299966
W05,2775.9032,1,1,0.5318709011299966
W05,2776.9032,1,1,0.5318709011299966
W05,2777.9032,1,1,0.5318709011299966
W05,2778.9032,1,1,0.5994814005036316
W05,2779.9032,1,1,0.5994814005036316
W05,2780.9032,1,1,0.5994814005036316
W05,2781.9032,1,1,0.5994814005036316
W05,2782.9032,1,1,0.5994814005036316
W05,2783.9032,1,0,0.4994852942283931
W05,2784.9032,1,0,0.4994852942283931
W05,2785.9032,1,0,0.4994852942283931
W05,2786.9032,1,0,0.4994852942283931
W05,2787.9032,1,0,0.4994852942283931
W05,2788.9032,1,0,0.28515423396745687
W05,2789.9032,1,0,0.28515423396745687
W05,2790.9032,1,0,0.28515423396745687
W05,2791.9032,1,0,0.28515423396745687
W05,2792.9032,1,0,0.45442451364107184
W05,2793.9032,1,0,0.45442451364107184
W05,2794.9032,1,0,0.45442451364107184
W05,2795.9032,1,0,0.45442451364107184
W05,2796.9032,1,0,0.45442451364107184
W05,2797.9032,0,0,0.27934974098082427
W05,2798.9032,0,0,0.27934974098082427
W05,2799.9032,0,0,0.27934974098082427
W05,2800.9032,0,0,0.27934974098082427
W05,2801.9032,0,0,0.27934974098082427
W05,2802.9032,1,0,0.45362864660214886
W05,2803.9032,1,0,0.45362864660214886
W05,2804.9032,1,0,0.45362864660214886
W05,2805.9032,1,0,0.45362864660214886
W05,2806.9032,1,0,0.45362864660214886
W05,2807.9032,0,0,0.32554734215490944
W05,2808.9032,0,0,0.32554734215490944
W05,2809.9032,0,0,0.32554734215490944
W05,2810.9032,0,0,0.32554734215490944
W05,2811.9032,0,0,0.32554734215490944
W05,2812.9032,0,0,0.13318431842053877
W05,2813.9032,0,0,0.13318431842053877
W05,2814.9032,0,0,0.13318431842053877
W05,2815.9032,0,0,0.13318431842053877
W05,2816.9032,0,0,0.13318431842053877
W05,2817.9032,1,0,0.43824768595120644
W05,2818.9032,1,0,0.43824768595120644
W05,2819.9032,1,0,0.43824768595120644
W05,2820.9032,1,0,0.43824768595120644
W05,2821.9032,1,1,0.5156120700881256
W05,2822.9032,1,1,0.9896673874673714
W05,2823.9032,1,1,0.9896673874673714
W05,2824.9032,1,1,0.9896673874673714
W05,2825.9032,1,1,0.9896673874673714
W05,2826.9032,1,1,0.9896673874673714
W05,2827.9032,1,1,0.9984225320862365
W05,2828.9032,1,1,0.9984225320862365
W05,2829.9032,1,1,0.9984225320862365
W05,2830.9032,1,1,0.9984225320862365
W05,2831.9032,1,1,0.9984225320862365
W05,2832.9032,1,1,0.9800916300413525
W05,2833.9032,1,1,0.9800916300413525
W05,2834.9032,1,1,0.9800916300413525
W05,2835.9032,1,1,0.9800916300413525
W05,2836.9032,0,0,0.15617183988404332
W05,2837.9032,0,0,0.15617183988404332
W05,2838.9032,0,0,0.15617183988404332
W05,2839.9032,0,0,0.15617183988404332
W05,2840.9032,0,0,0.15617183988404332
W05,2841.9032,0,0,0.4090858135523983
W05,2842.9032,0,0,0.4090858135523983
W05,2843.9032,0,0,0.4090858135523983
W05,2844.9032,0,0,0.4090858135523983
W05,2845.9032,0,0,0.4090858135523983
W05,2846.9032,0,0,0.32279074771683236
W05,2847.9032,0,0,0.32279074771683236
W05,2848.9032,0,0,0.32279074771683236
W05,2849.9032,0,0,0.32279074771683236
W05,2850.9032,0,0,0.32279074771683236
W05,2851.9032,0,0,0.3088413941298137
W05,2852.9032,0,0,0.3088413941298137
W05,2853.9032,0,0,0.3088413941298137
W05,2854.9032,0,0,0.3088413941298137
W05,2855.9032,0,0,0.3088413941298137
W05,2856.9032,0,0,0.4520432398409151
W05,2857.9032,0,0,0.4520432398409151
W05,2858.9032,0,0,0.4520432398409151
W05,2859.9032,0,0,0.4520432398409151
W05,2860.9032,0,0,0.4520432398409151
W05,2861.9032,0,0,0.18773180809585951
W05,2862.9032,0,0,0.18773180809585951
W05,2863.9032,0,0,0.18773180809585951
W05,2864.9032,0,0,0.18773180809585951
W05,2865.9032,0,0,0.18773180809585951
W05,2866.9032,1,1,0.8502303912804019
W05,2867.9032,1,1,0.8502303912804019
W05,2868.9032,1,1,0.8502303912804019
W05,2869.9032,1,1,0.8502303912804019
W05,2870.9032,1,1,0.8502303912804019
W05,2871.9032,0,1,0.5069556945698839
W05,2872.9032,0,1,0.5069556945698839
W05,2873.9032,0,1,0.5069556945698839
W05,2874.9032,0,1,0.5069556945698839
W05,2875.9032,0,1,0.5069556945698839
W05,2876.9032,1,1,0.570640534447051
W05,2877.9032,1,1,0.570640534447051
W05,2878.9032,1,1,0.570640534447051
W05,2879.9032,1,1,0.570640534447051
W05,2880.9032,1,1,0.5405383228092543
W05,2881.9032,1,1,0.5405383228092543
W05,2882.9032,1,1,0.5405383228092543
W05,2883.9032,1,1,0.5405383228092543
W05,2884.9032,1,1,0.5405383228092543
W05,2885.9032,1,1,0.8613691845648402
W05,2886.9032,1,1,0.8613691845648402
W05,2887.9032,1,1,0.8613691845648402
W05,2888.9032,1,1,0.8613691845648402
W05,2889.9032,1,1,0.8613691845648402
W05,2890.9032,1,1,0.8795193479010753
W05,2891.9032,1,1,0.8795193479010753
W05,2892.9032,1,1,0.8795193479010753
W05,2893.9032,1,1,0.8795193479010753
W05,2894.9032,1,1,0.8795193479010753
W05,2895.9032,1,1,0.6983845554712609
W05,2896.9032,1,1,0.6983845554712609
W05,2897.9032,1,1,0.6983845554712609
W05,2898.9032,1,1,0.6983845554712609
W05,2899.9032,1,1,0.6983845554712609
W05,2900.9032,1,1,0.7621632328817443
W05,2901.9032,1,1,0.7621632328817443
W05,2902.9032,1,1,0.7621632328817443
W05,2903.9032,1,1,0.7621632328817443
W05,2904.9032,1,1,0.7621632328817443
W05,2905.9032,1,1,0.602851778548785
W05,2906.9032,1,1,0.602851778548785
W05,2907.9032,1,1,0.602851778548785
W05,2908.9032,1,1,0.602851778548785
W05,2909.9032,1,1,0.602851778548785
W05,2910.9032,0,0,0.2528458526979288
W05,2911.9032,0,0,0.2528458526979288
W05,2912.9032,0,0,0.2528458526979288
W05,2913.9032,0,0,0.2528458526979288
W05,2914.9032,0,0,0.2528458526979288
W05,2915.9032,1,0,0.32899149299907016
W05,2916.9032,1,0,0.32899149299907016
W05,2917.9032,1,0,0.32899149299907016
W05,2918.9032,1,0,0.32899149299907016
W05,2919.9032,1,0,0.32899149299907016
W05,2920.9032,0,0,0.1632952145003382
W05,2921.9032,0,0,0.1632952145003382
W05,2922.9032,0,0,0.1632952145003382
W05,2923.9032,0,0,0.1632952145003382
W05,2924.9032,0,0,0.1632952145003382
W05,2925.9032,1,0,0.35790246694443656
W05,2926.9032,1,0,0.35790246694443656
W05,2927.9032,1,0,0.35790246694443656
W05,2928.9032,1,0,0.35790246694443656
W05,2929.9032,0,0,0.015615228392523495
W05,2930.9032,0,0,0.015615228392523495
W05,2931.9032,0,0,0.015615228392523495
W05,2932.9032,0,0,0.015615228392523495
W05,2933.9032,0,0,0.015615228392523495
W05,2934.9032,0,0,0.1099777682293382
W05,2935.9032,0,0,0.1099777682293382
W05,2936.9032,0,0,0.1099777682293382
W05,2937.9032,0,0,0.1099777682293382
W05,2938.9032,0,0,0.1099777682293382
W05,2939.9032,0,0,0.3287796056519685
W05,2940.9032,0,0,0.3287796056519685
W05,2941.9032,0,0,0.3287796056519685
W05,2942.9032,0,0,0.3287796056519685
W05,2943.9032,0,0,0.3287796056519685
W05,2944.9032,1,1,0.9998191700729238
W05,2945.9032,1,1,0.9998191700729238
W05,2946.9032,1,1,0.9998191700729238
W05,2947.9032,1,1,0.9998191700729238
W05,2948.9032,1,1,0.9998191700729238
W05,2949.9032,1,1,0.997764779340254
W05,2950.9032,1,1,0.997764779340254
W05,2951.9032,1,1,0.997764779340254
W05,2952.9032,1,1,0.997764779340254
W05,2953.9032,1,1,0.997764779340254
W05,2954.9032,1,1,0.9974776161087345
W05,2955.9032,1,1,0.9974776161087345
W05,2956.9032,1,1,0.9974776161087345
W05,2957.9032,1,1,0.9974776161087345
W05,2958.9032,1,1,0.9974776161087345
W05,2959.9032,1,1,0.9822060796180889
W05,2960.9032,1,1,0.9822060796180889
W05,2961.9032,1,1,0.9822060796180889
W05,2962.9032,1,1,0.9822060796180889
W05,2963.9032,1,1,0.9822060796180889
W05,2964.9032,1,1,0.617326508520974
W05,2965.9032,1,1,0.617326508520974
W05,2966.9032,1,1,0.617326508520974
W05,2967.9032,1,1,0.617326508520974
W05,2968.9032,1,1,0.617326508520974
W05,2969.9032,1,1,0.9597167998212912
W05,2970.9032,1,1,0.9597167998212912
W05,2971.9032,1,1,0.9597167998212912
W05,2972.9032,1,1,0.9597167998212912
W05,2973.9032,1,1,0.9597167998212912
W05,2974.9032,1,1,0.6298377770547751
W05,2975.9032,1,1,0.6298377770547751
W05,2976.9032,1,1,0.6298377770547751
W05,2977.9032,1,1,0.6298377770547751
W05,2978.9032,1,1,0.5199875732259552
W05,2979.9032,1,1,0.5199875732259552
W05,2980.9032,1,1,0.5199875732259552
W05,2981.9032,1,1,0.5199875732259552
W05,2982.9032,1,1,0.5199875732259552
W05,2983.9032,0,0,0.32016438177394857
W05,2984.9032,0,0,0.32016438177394857
W05,2985.9032,0,0,0.32016438177394857
W05,2986.9032,0,0,0.32016438177394857
W05,2987.9032,0,0,0.32016438177394857
W05,2988.9032,1,0,0.3435107771758121
W05,2989.9032,1,0,0.3435107771758121
W05,2990.9032,1,0,0.3435107771758121
W05,2991.9032,1,0,0.3435107771758121
W05,2992.9032,1,0,0.3435107771758121
W05,2993.9032,1,0,0.49794250296047016
W05,2994.9032,1,0,0.49794250296047016
W05,2995.9032,1,0,0.49794250296047016
W05,2996.9032,1,0,0.49794250296047016
W05,2997.9032,1,0,0.49794250296047016
W05,2998.9032,1,0,0.4059863091677702
W05,2999.9032,1,0,0.4059863091677702
W05,3000.9032,1,0,0.4059863091677702
W05,3001.9032,1,0,0.4059863091677702
W05,3002.9032,1,0,0.4059863091677702
W05,3003.9032,1,0,0.40897091747939973
W05,3004.9032,1,0,0.40897091747939973
W05,3005.9032,1,0,0.40897091747939973
W05,3006.9032,1,0,0.40897091747939973
W05,3007.9032,1,0,0.40897091747939973
W05,3008.9032,1,1,0.6443772180525797
W05,3009.9032,1,1,0.6443772180525797
W05,3010.9032,1,1,0.6443772180525797
W05,3011.9032,1,1,0.6443772180525797
W05,3012.9032,1,1,0.6443772180525797
W05,3013.9032,0,0,0.24199546668851643
W05,3014.9032,0,0,0.24199546668851643
W05,3015.9032,0,0,0.24199546668851643
W05,3016.9032,0,0,0.24199546668851643
W05,3017.9032,0,0,0.24199546668851643
W05,3018.9032,0,0,0.3677930201244194
W05,3019.9032,0,0,0.3677930201244194
W05,3020.9032,0,0,0.3677930201244194
W05,3021.9032,0,0,0.3677930201244194
W05,3022.9032,1,1,0.8478919661934157
W05,3023.9032,1,1,0.8478919661934157
W05,3024.9032,1,1,0.8478919661934157
W05,3025.9032,1,1,0.8478919661934157
W05,3026.9032,1,1,0.8478919661934157
W05,3027.9032,0,0,0.3029209494276628
W05,3028.9032,0,0,0.3029209494276628
W05,3029.9032,0,0,0.3029209494276628
W05,3030.9032,0,0,0.3029209494276628
W05,3031.9032,0,0,0.3029209494276628
W05,3032.9032,0,1,0.8741214015680289
W05,3033.9032,0,1,0.8741214015680289
W05,3034.9032,0,1,0.8741214015680289
W05,3035.9032,0,1,0.8741214015680289
W05,3036.9032,0,1,0.8741214015680289
W05,3037.9032,0,0,0.3671505736658746
W05,3038.9032,0,0,0.3671505736658746
W05,3039.9032,0,0,0.3671505736658746
W05,3040.9032,0,0,0.3671505736658746
W05,3041.9032,0,0,0.3671505736658746
W05,3042.9032,0,0,0.25580320117052185
W05,3043.9032,0,0,0.25580320117052185
W05,3044.9032,0,0,0.25580320117052185
W05,3045.9032,0,0,0.25580320117052185
W05,3046.9032,0,0,0.25580320117052185
W05,3047.9032,0,0,0.11360455693862515
W05,3048.9032,0,0,0.11360455693862515
W05,3049.9032,0,0,0.11360455693862515
W05,3050.9032,0,0,0.11360455693862515
W05,3051.9032,0,0,0.11360455693862515
W05,3052.9032,0,0,0.2831141527069342
W05,3053.9032,0,0,0.2831141527069342
W05,3054.9032,0,0,0.2831141527069342
W05,3055.9032,0,0,0.2831141527069342
W05,3056.9032,0,0,0.2831141527069342
W05,3057.9032,1,0,0.3099563047869539
W05,3058.9032,1,0,0.3099563047869539
W05,3059.9032,1,0,0.3099563047869539
W05,3060.9032,1,0,0.3099563047869539
W05,3061.9032,1,0,0.3099563047869539
W05,3062.9032,0,1,0.7462936756037096
W05,3063.9032,0,1,0.7462936756037096
W05,3064.9032,0,1,0.7462936756037096
W05,3065.9032,0,1,0.7462936756037096
W05,3066.9032,0,0,0.45245279778732717
W05,3067.9032,0,0,0.45245279778732717
W05,3068.9032,0,0,0.45245279778732717
W05,3069.9032,0,0,0.45245279778732717
W05,3070.9032,0,0,0.45245279778732717
W05,3071.9032,1,1,0.7802397724299723
W05,3072.9032,1,1,0.7802397724299723
W05,3073.9032,1,1,0.7802397724299723
W05,3074.9032,1,1,0.9730040430839695
W05,3075.9032,1,1,0.9974747714381303
W05,3076.9032,1,1,0.9999565409845704
W05,3077.9032,1,1,0.9999565409845704
W05,3078.9032,1,1,0.9999565409845704
W05,3079.9032,1,1,0.9999565409845704
W05,3080.9032,1,1,0.9996904616704376
W05,3081.9032,1,1,0.9996904616704376
W05,3082.9032,1,1,0.9996904616704376
W05,3083.9032,1,1,0.9996904616704376
W05,3084.9032,1,1,0.9996904616704376
W05,3085.9032,1,1,0.9999234367114901
W05,3086.9032,1,1,0.9999234367114901
W05,3087.9032,1,1,0.9999234367114901
W05,3088.9032,1,1,0.9999234367114901
W05,3089.9032,1,1,0.9999234367114901
W05,3090.9032,1,1,0.9999895639865233
W05,3091.9032,1,1,0.9999895639865233
W05,3092.9032,1,1,0.9999895639865233
W05,3093.9032,1,1,0.9999895639865233
W05,3094.9032,1,1,0.9999895639865233
W05,3095.9032,1,1,0.9999953625437954
W05,3096.9032,1,1,0.9999953625437954
W05,3097.9032,1,1,0.9999953625437954
W05,3098.9032,1,1,0.9999953625437954
W05,3099.9032,1,1,0.9999953625437954
W05,3100.9032,1,1,0.999952139458418
W05,3101.9032,1,1,0.999952139458418
W05,3102.9032,1,1,0.999952139458418
W05,3103.9032,1,1,0.999952139458418
W05,3104.9032,1,1,0.999952139458418
W05,3105.9032,1,1,0.9988915233412946
W05,3106.9032,1,1,0.9988915233412946
W05,3107.9032,1,1,0.9988915233412946
W05,3108.9032,1,1,0.9988915233412946
W05,3109.9032,1,1,0.9988915233412946
W05,3110.9032,1,1,0.9958207784088071
W05,3111.9032,1,1,0.9958207784088071
W05,3112.9032,1,1,0.9958207784088071
W05,3113.9032,1,1,0.9958207784088071
W05,3114.9032,1,1,0.9958207784088071
W05,3115.9032,1,1,0.9985943161706208
W05,3116.9032,1,1,0.9985943161706208
W05,3117.9032,1,1,0.9985943161706208
W05,3118.9032,1,1,0.9985943161706208
W05,3119.9032,1,1,0.9985943161706208
W05,3120.9032,0,1,0.9032159090778767
W05,3121.9032,0,1,0.9032159090778767
W05,3122.9032,0,1,0.9032159090778767
W05,3123.9032,0,1,0.9032159090778767
W05,3124.9032,0,1,0.9032159090778767
W05,3125.9032,0,0,0.27818724927894567
W05,3126.9032,0,0,0.27818724927894567
W05,3127.9032,0,0,0.27818724927894567
W05,3128.9032,0,0,0.27818724927894567
W05,3129.9032,0,0,0.27818724927894567
W05,3130.9032,0,0,0.08865172653769297
W05,3131.9032,0,0,0.08865172653769297
W05,3132.9032,0,0,0.08865172653769297
W05,3133.9032,0,0,0.08865172653769297
W05,3134.9032,0,0,0.09744458156370422
W05,3135.9032,0,0,0.09744458156370422
W05,3136.9032,0,0,0.09744458156370422
W05,3137.9032,0,0,0.09744458156370422
W05,3138.9032,0,0,0.09744458156370422
W05,3139.9032,0,0,0.11652593153374481
W05,3140.9032,0,0,0.11652593153374481
W05,3141.9032,0,0,0.11652593153374481
W05,3142.9032,0,0,0.11652593153374481
W05,3143.9032,0,0,0.11652593153374481
W05,3144.9032,1,1,0.9562566761399331
W05,3145.9032,1,1,0.9562566761399331
W05,3146.9032,1,1,0.9562566761399331
W05,3147.9032,1,1,0.9562566761399331
W05,3148.9032,1,1,0.9562566761399331
W05,3149.9032,1,1,0.988806889822583
W05,3150.9032,1,1,0.988806889822583
W05,3151.9032,1,1,0.988806889822583
W05,3152.9032,1,1,0.988806889822583
W05,3153.9032,1,1,0.988806889822583
W05,3154.9032,1,1,0.9918043359568471
W05,3155.9032,1,1,0.9918043359568471
W05,3156.9032,1,1,0.9918043359568471
W05,3157.9032,1,1,0.9918043359568471
W05,3158.9032,1,1,0.9918043359568471
W05,3159.9032,1,1,0.9972792919781001
W05,3160.9032,1,1,0.9972792919781001
W05,3161.9032,1,1,0.9972792919781001
W05,3162.9032,1,1,0.9972792919781001
W05,3163.9032,1,1,0.9972792919781001
W05,3164.9032,1,1,0.992308864954433
W05,3165.9032,1,1,0.992308864954433
W05,3166.9032,1,1,0.992308864954433
W05,3167.9032,1,1,0.992308864954433
W05,3168.9032,1,1,0.992308864954433
W05,3169.9032,1,1,0.8114433099990254
W05,3170.9032,1,1,0.8114433099990254
W05,3171.9032,1,1,0.8114433099990254
W05,3172.9032,1,1,0.8114433099990254
W05,3173.9032,1,1,0.8114433099990254
W05,3174.9032,0,0,0.40050921245484805
W05,3175.9032,0,0,0.40050921245484805
W05,3176.9032,0,0,0.40050921245484805
W05,3177.9032,0,0,0.40050921245484805
W05,3178.9032,0,0,0.40050921245484805
W05,3179.9032,1,0,0.29910740808647635
W05,3180.9032,1,0,0.29910740808647635
W05,3181.9032,1,0,0.29910740808647635
W05,3182.9032,1,0,0.29910740808647635
W05,3183.9032,1,0,0.29910740808647635
W05,3184.9032,1,1,0.6524921171261003
W05,3185.9032,1,1,0.6524921171261003
W05,3186.9032,1,1,0.6524921171261003
W05,3187.9032,1,1,0.6524921171261003
W05,3188.9032,0,1,0.6171460109325325
W05,3189.9032,0,1,0.6171460109325325
W05,3190.9032,0,1,0.6171460109325325
W05,3191.9032,0,1,0.6171460109325325
W05,3192.9032,0,1,0.6171460109325325
W05,3193.9032,0,0,0.2159431753137719
W05,3194.9032,0,0,0.2159431753137719
W05,3195.9032,0,0,0.2159431753137719
W05,3196.9032,0,0,0.2159431753137719
W05,3197.9032,0,0,0.2159431753137719
W05,3198.9032,1,1,0.5276598136786338
W05,3199.9032,1,1,0.5276598136786338
W05,3200.9032,1,1,0.5276598136786338
W05,3201.9032,1,1,0.5276598136786338
W05,3202.9032,1,1,0.5276598136786338
W05,3203.9032,1,1,0.977685573501997
W05,3204.9032,1,1,0.977685573501997
W05,3205.9032,1,1,0.977685573501997
W05,3206.9032,1,1,0.977685573501997
W05,3207.9032,1,1,0.977685573501997
W05,3208.9032,1,1,0.9965022617544469
W05,3209.9032,1,1,0.9965022617544469
W05,3210.9032,1,1,0.9965022617544469
W05,3211.9032,1,1,0.9965022617544469
W05,3212.9032,1,1,0.9965022617544469
W05,3213.9032,1,1,0.9957265876326709
W05,3214.9032,1,1,0.9957265876326709
W05,3215.9032,1,1,0.9957265876326709
W05,3216.9032,1,1,0.9957265876326709
W05,3217.9032,1,1,0.9957265876326709
W05,3218.9032,1,1,0.9999621495864744
W05,3219.9032,1,1,0.9999621495864744
W05,3220.9032,1,1,0.9999621495864744
W05,3221.9032,1,1,0.9999621495864744
W05,3222.9032,1,1,0.9999621495864744
W05,3223.9032,1,1,0.9093418250283892
W05,3224.9032,1,1,0.9093418250283892
W05,3225.9032,1,1,0.9093418250283892
W05,3226.9032,1,1,0.9093418250283892
W05,3227.9032,1,1,0.9093418250283892
W05,3228.9032,1,1,0.7831029205648312
W05,3229.9032,1,1,0.7831029205648312
W05,3230.9032,1,1,0.7831029205648312
W05,3231.9032,1,1,0.7831029205648312
W05,3232.9032,1,1,0.7831029205648312
W05,3233.9032,1,1,0.9780621634129032
W05,3234.9032,1,1,0.9780621634129032
W05,3235.9032,1,1,0.9780621634129032
W05,3236.9032,1,1,0.9780621634129032
W05,3237.9032,1,1,0.7221112083788667
W05,3238.9032,1,1,0.7221112083788667
W05,3239.9032,1,1,0.7221112083788667
W05,3240.9032,1,1,0.7221112083788667
W05,3241.9032,1,1,0.7221112083788667
W05,3242.9032,1,1,0.7595631044848574
W05,3243.9032,1,1,0.7595631044848574
W05,3244.9032,1,1,0.7595631044848574
W05,3245.9032,1,1,0.7595631044848574
W05,3246.9032,1,1,0.7595631044848574
W05,3247.9032,1,1,0.7549852052731769
W05,3248.9032,1,1,0.7549852052731769
W05,3249.9032,1,1,0.7549852052731769
W05,3250.9032,1,1,0.7549852052731769
W05,3251.9032,1,1,0.7549852052731769
W05,3252.9032,0,0,0.3437912050236306
W05,3253.9032,0,0,0.3437912050236306
W05,3254.9032,0,0,0.3437912050236306
W05,3255.9032,0,0,0.3437912050236306
W05,3256.9032,0,0,0.3437912050236306
W05,3257.9032,1,1,0.6911811382157271
W05,3258.9032,1,1,0.6911811382157271
W05,3259.9032,1,1,0.6911811382157271
W05,3260.9032,1,1,0.6911811382157271
W05,3261.9032,1,1,0.6911811382157271
W05,3262.9032,0,0,0.44707034828983877
W05,3263.9032,0,0,0.44707034828983877
W05,3264.9032,0,0,0.44707034828983877
W05,3265.9032,0,0,0.44707034828983877
W05,3266.9032,0,0,0.44707034828983877
W05,3267.9032,1,1,0.608136873547142
W05,3268.9032,1,1,0.608136873547142
W05,3269.9032,1,1,0.608136873547142
W05,3270.9032,1,1,0.608136873547142
W05,3271.9032,1,1,0.608136873547142
W05,3272.9032,1,1,0.6191490166943406
W05,3273.9032,1,1,0.6191490166943406
W05,3274.9032,1,1,0.6191490166943406
W05,3275.9032,1,1,0.6191490166943406
W05,3276.9032,1,1,0.6191490166943406
W05,3277.9032,1,0,0.27356398626964973
W05,3278.9032,1,0,0.27356398626964973
W05,3279.9032,1,0,0.27356398626964973
W05,3280.9032,1,0,0.27356398626964973
W05,3281.9032,1,0,0.27356398626964973
W05,3282.9032,0,0,0.09623705112834759
W05,3283.9032,0,0,0.09623705112834759
W05,3284.9032,0,0,0.09623705112834759
W05,3285.9032,0,0,0.09623705112834759
W05,3286.9032,1,0,0.3003582052314714
W05,3287.9032,1,0,0.3003582052314714
W05,3288.9032,1,0,0.3003582052314714
W05,3289.9032,1,0,0.3003582052314714
W05,3290.9032,1,0,0.3003582052314714
W05,3291.9032,1,0,0.4585191382319942
W05,3292.9032,1,0,0.4585191382319942
W05,3293.9032,1,0,0.4585191382319942
W05,3294.9032,1,0,0.4585191382319942
W05,3295.9032,1,0,0.4585191382319942
W05,3296.9032,1,0,0.30089952501610395
W05,3297.9032,1,0,0.30089952501610395
W05,3298.9032,1,0,0.30089952501610395
W05,3299.9032,1,0,0.30089952501610395
W05,3300.9032,1,0,0.30089952501610395
W05,3301.9032,1,1,0.625709026170891
W05,3302.9032,1,1,0.625709026170891
W05,3303.9032,1,1,0.625709026170891
W05,3304.9032,1,1,0.625709026170891
W05,3305.9032,1,1,0.625709026170891
W05,3306.9032,1,1,0.9225659084299113
W05,3307.9032,1,1,0.9225659084299113
W05,3308.9032,1,1,0.9225659084299113
W05,3309.9032,1,1,0.9225659084299113
W05,3310.9032,1,1,0.9225659084299113
W05,3311.9032,1,1,0.9066389097424536
W05,3312.9032,1,1,0.9066389097424536
W05,3313.9032,1,1,0.9066389097424536
W05,3314.9032,1,1,0.9066389097424536
W05,3315.9032,1,1,0.9066389097424536
W05,3316.9032,1,1,0.8494957965434973
W05,3317.9032,1,1,0.8494957965434973
W05,3318.9032,1,1,0.8494957965434973
W05,3319.9032,1,1,0.8494957965434973
W05,3320.9032,1,1,0.8494957965434973
W05,3321.9032,0,1,0.5825076415190105
W05,3322.9032,0,1,0.5825076415190105
W05,3323.9032,0,1,0.5825076415190105
W05,3324.9032,0,1,0.5825076415190105
W05,3325.9032,0,1,0.5825076415190105
W05,3326.9032,1,1,0.9889213368246446
W05,3327.9032,1,1,0.9889213368246446
W05,3328.9032,1,1,0.9889213368246446
W05,3329.9032,1,1,0.9889213368246446
W05,3330.9032,1,1,0.5524627960490041
W05,3331.9032,1,1,0.5524627960490041
W05,3332.9032,1,1,0.5524627960490041
W05,3333.9032,1,1,0.5524627960490041
W05,3334.9032,1,1,0.5524627960490041
W05,3335.9032,0,0,0.2491269944197197
W05,3336.9032,0,0,0.2491269944197197
W05,3337.9032,0,0,0.2491269944197197
W05,3338.9032,0,0,0.2491269944197197
W05,3339.9032,0,0,0.2491269944197197
W05,3340.9032,0,0,0.1418363277688863
W05,3341.9032,0,0,0.1418363277688863
W05,3342.9032,0,0,0.1418363277688863
W05,3343.9032,0,0,0.1418363277688863
W05,3344.9032,0,0,0.1418363277688863
W05,3345.9032,0,0,0.09571439532815029
W05,3346.9032,0,0,0.09571439532815029
W05,3347.9032,0,0,0.09571439532815029
W05,3348.9032,0,0,0.09571439532815029
W05,3349.9032,0,0,0.09571439532815029
W05,3350.9032,0,0,0.05649097868209902
W05,3351.9032,0,0,0.05649097868209902
W05,3352.9032,0,0,0.05649097868209902
W05,3353.9032,0,0,0.05649097868209902
W05,3354.9032,0,0,0.05649097868209902
W05,3355.9032,0,0,0.10048171836422862
W05,3356.9032,0,0,0.10048171836422862
W05,3357.9032,0,0,0.10048171836422862
W05,3358.9032,0,0,0.10048171836422862
W05,3359.9032,0,0,0.10048171836422862
W05,3360.9032,0,0,0.14804265288110768
W05,3361.9032,0,0,0.14804265288110768
W05,3362.9032,0,0,0.14804265288110768
W05,3363.9032,0,0,0.14804265288110768
W05,3364.9032,0,0,0.14804265288110768
W05,3365.9032,1,0,0.224601770391705
W05,3366.9032,1,0,0.224601770391705
W05,3367.9032,1,0,0.224601770391705
W05,3368.9032,1,0,0.224601770391705
W05,3369.9032,1,0,0.2318658750971713
W05,3370.9032,1,0,0.2318658750971713
W05,3371.9032,1,0,0.2318658750971713
W05,3372.9032,0,0,0.009992290394208238
W05,3373.9032,0,0,0.009992290394208238
W05,3374.9032,0,0,0.009992290394208238
W05,3375.9032,0,0,0.009992290394208238
W05,3376.9032,0,0,0.009992290394208238
W05,3377.9032,0,0,0.02670293015261671
W05,3378.9032,0,0,0.02670293015261671
W05,3379.9032,0,0,0.02670293015261671
W05,3380.9032,0,0,0.02670293015261671
W05,3381.9032,0,0,0.12518742327998617
W05,3382.9032,0,0,0.12518742327998617
W05,3383.9032,0,0,0.12518742327998617
W05,3384.9032,0,0,0.12518742327998617
W05,3385.9032,0,0,0.12518742327998617
W05,3386.9032,0,0,0.3799283946946447
W05,3387.9032,0,0,0.3799283946946447
W05,3388.9032,0,0,0.3799283946946447
W05,3389.9032,0,0,0.3799283946946447
W05,3390.9032,0,0,0.3799283946946447
W05,3391.9032,1,0,0.3670251210057114
W05,3392.9032,1,0,0.3670251210057114
W05,3393.9032,1,0,0.3670251210057114
W05,3394.9032,1,0,0.3670251210057114
W05,3395.9032,1,0,0.3670251210057114
W05,3396.9032,0,0,0.07537418916512495
W05,3397.9032,0,0,0.07537418916512495
W05,3398.9032,0,0,0.07537418916512495
W05,3399.9032,0,0,0.07537418916512495
W05,3400.9032,0,0,0.07537418916512495
W05,3401.9032,0,0,0.21632176400029354
W05,3402.9032,0,0,0.21632176400029354
W05,3403.9032,0,0,0.21632176400029354
W05,3404.9032,0,0,0.21632176400029354
W05,3405.9032,0,0,0.21632176400029354
W05,3406.9032,0,0,0.16503900212256378
W05,3407.9032,0,0,0.16503900212256378
W05,3408.9032,0,0,0.16503900212256378
W05,3409.9032,0,0,0.16503900212256378
W05,3410.9032,0,0,0.16503900212256378
W05,3411.9032,1,1,0.9995166768204736
W05,3412.9032,1,1,0.9995166768204736
W05,3413.9032,1,1,0.9995166768204736
W05,3414.9032,1,1,0.9995166768204736
W05,3415.9032,1,1,0.9998315352230821
W05,3416.9032,1,1,0.9998315352230821
W05,3417.9032,1,1,0.9998315352230821
W05,3418.9032,1,1,0.9998315352230821
W05,3419.9032,1,1,0.9998315352230821
W05,3420.9032,1,1,0.9998844793237428
W05,3421.9032,1,1,0.9998844793237428
W05,3422.9032,1,1,0.9998844793237428
W05,3423.9032,1,1,0.9998844793237428
W05,3424.9032,1,1,0.9998844793237428
W05,3425.9032,1,1,0.9992969646475477
W05,3426.9032,1,1,0.9992969646475477
W05,3427.9032,1,1,0.9992969646475477
W05,3428.9032,1,1,0.9992969646475477
W05,3429.9032,1,1,0.9992969646475477
W05,3430.9032,1,1,0.8644935119120924
W05,3431.9032,1,1,0.8644935119120924
W05,3432.9032,1,1,0.8644935119120924
W05,3433.9032,1,1,0.8644935119120924
W05,3434.9032,1,1,0.8644935119120924
W05,3435.9032,1,1,0.9362881658414948
W05,3436.9032,1,1,0.9362881658414948
W05,3437.9032,1,1,0.9362881658414948
W05,3438.9032,1,1,0.9362881658414948
W05,3439.9032,1,1,0.9362881658414948
W05,3440.9032,1,1,0.9697570955655418
W05,3441.9032,1,1,0.9697570955655418
W05,3442.9032,1,1,0.9697570955655418
W05,3443.9032,1,1,0.9697570955655418
W05,3444.9032,1,1,0.9697570955655418
W05,3445.9032,0,1,0.5244963417638896
W05,3446.9032,0,1,0.5244963417638896
W05,3447.9032,0,1,0.5244963417638896
W05,3448.9032,0,1,0.5244963417638896
W05,3449.9032,0,0,0.01440143452276746
W05,3450.9032,0,0,0.01440143452276746
W05,3451.9032,0,0,0.01440143452276746
W05,3452.9032,0,0,0.01440143452276746
W05,3453.9032,0,0,0.01440143452276746
W05,3454.9032,0,0,0.06782729599417657
W05,3455.9032,0,0,0.06782729599417657
W05,3456.9032,0,0,0.06782729599417657
W05,3457.9032,0,0,0.06782729599417657
W05,3458.9032,0,0,0.06782729599417657
W05,3459.9032,0,0,0.010451584411119024
W05,3460.9032,0,0,0.010451584411119024
W05,3461.9032,0,0,0.010451584411119024
W05,3462.9032,0,0,0.010451584411119024
W05,3463.9032,0,0,0.010451584411119024
W05,3464.9032,0,0,0.08272530206211433
W05,3465.9032,0,0,0.08272530206211433
W05,3466.9032,0,0,0.08272530206211433
W05,3467.9032,0,0,0.08272530206211433
W05,3468.9032,0,0,0.08272530206211433
W05,3469.9032,0,0,0.09128954854627735
W05,3470.9032,0,0,0.09128954854627735
W05,3471.9032,0,0,0.09128954854627735
W05,3472.9032,0,0,0.09128954854627735
W05,3473.9032,0,0,0.09128954854627735
W05,3474.9032,0,0,0.10520129101676634
W05,3475.9032,0,0,0.10520129101676634
W05,3476.9032,0,0,0.10520129101676634
W05,3477.9032,0,0,0.10520129101676634
W05,3478.9032,0,0,0.16456561596028943
W05,3479.9032,0,0,0.16456561596028943
W05,3480.9032,0,0,0.16456561596028943
W05,3481.9032,0,0,0.16456561596028943
W05,3482.9032,0,0,0.16456561596028943
W05,3483.9032,1,0,0.33447552741427544
W05,3484.9032,1,0,0.33447552741427544
W05,3485.9032,1,0,0.33447552741427544
W05,3486.9032,1,0,0.33447552741427544
W05,3487.9032,1,0,0.33447552741427544
W05,3488.9032,1,0,0.43779246451859916
W05,3489.9032,1,0,0.43779246451859916
W05,3490.9032,1,0,0.43779246451859916
W05,3491.9032,1,0,0.43779246451859916
W05,3492.9032,1,0,0.43779246451859916
W05,3493.9032,0,0,0.06052740567092107
W05,3494.9032,0,0,0.06052740567092107
W05,3495.9032,0,0,0.06052740567092107
W05,3496.9032,0,0,0.06052740567092107
W05,3497.9032,0,0,0.06052740567092107
W05,3498.9032,1,1,0.9601563913545892
W05,3499.9032,1,1,0.9601563913545892
W05,3500.9032,1,1,0.9601563913545892
W05,3501.9032,1,1,0.9601563913545892
W05,3502.9032,1,1,0.9601563913545892
W05,3503.9032,1,1,0.9567958069512686
W05,3504.9032,1,1,0.9567958069512686
W05,3505.9032,1,1,0.9567958069512686
W05,3506.9032,1,1,0.9567958069512686
W05,3507.9032,1,1,0.953219022689741
W05,3508.9032,1,1,0.953219022689741
W05,3509.9032,1,1,0.953219022689741
W05,3510.9032,1,1,0.953219022689741
W05,3511.9032,1,1,0.953219022689741
W05,3512.9032,0,1,0.5057125826574012
W05,3513.9032,0,1,0.5057125826574012
W05,3514.9032,0,1,0.5057125826574012
W05,3515.9032,0,1,0.5057125826574012
W05,3516.9032,0,1,0.5057125826574012
W05,3517.9032,1,1,0.5168357535920557
W05,3518.9032,1,1,0.5168357535920557
W05,3519.9032,1,1,0.5168357535920557
W05,3520.9032,1,1,0.5168357535920557
W05,3521.9032,1,1,0.5168357535920557
W05,3522.9032,0,0,0.03003213316354064
W05,3523.9032,0,0,0.03003213316354064
W05,3524.9032,0,0,0.03003213316354064
W05,3525.9032,0,0,0.03003213316354064
W05,3526.9032,0,0,0.03003213316354064
W05,3527.9032,0,0,0.2328325825016381
W05,3528.9032,0,0,0.2328325825016381
W05,3529.9032,0,0,0.2328325825016381
W05,3530.9032,0,0,0.2328325825016381
W05,3531.9032,0,0,0.2328325825016381
W05,3532.9032,1,0,0.4787629726425066
W05,3533.9032,1,0,0.4787629726425066
W05,3534.9032,1,0,0.4787629726425066
W05,3535.9032,1,0,0.4787629726425066
W05,3536.9032,1,0,0.10631235839263373
W05,3537.9032,1,0,0.10631235839263373
W05,3538.9032,1,0,0.10631235839263373
W05,3539.9032,1,0,0.10631235839263373
W05,3540.9032,1,0,0.10631235839263373
W05,3541.9032,0,0,0.03164350532915762
W05,3542.9032,0,0,0.03164350532915762
W05,3543.9032,0,0,0.03164350532915762
W05,3544.9032,0,0,0.03164350532915762
W05,3545.9032,0,0,0.03164350532915762
W05,3546.9032,0,0,0.09350436853918052
W05,3547.9032,0,0,0.09350436853918052
W05,3548.9032,0,0,0.09350436853918052
W05,3549.9032,0,0,0.09350436853918052
W05,3550.9032,0,0,0.09350436853918052
W05,3551.9032,0,0,0.01014961665032088
W05,3552.9032,0,0,0.01014961665032088
W05,3553.9032,0,0,0.01014961665032088
W05,3554.9032,0,0,0.01014961665032088
W05,3555.9032,0,0,0.01014961665032088
W05,3556.9032,0,0,0.1228151624137631
W05,3557.9032,0,0,0.1228151624137631
W05,3558.9032,0,0,0.1228151624137631
W05,3559.9032,0,0,0.1228151624137631
W05,3560.9032,0,0,0.1228151624137631
W05,3561.9032,1,1,0.739765048851441
W05,3562.9032,1,1,0.739765048851441
W05,3563.9032,1,1,0.739765048851441
W05,3564.9032,1,1,0.739765048851441
W05,3565.9032,1,0,0.468232230498145
W05,3566.9032,1,0,0.468232230498145
W05,3567.9032,1,0,0.468232230498145
W05,3568.9032,1,0,0.468232230498145
W05,3569.9032,1,0,0.468232230498145
W05,3570.9032,0,0,0.13237177135879735
W05,3571.9032,0,0,0.13237177135879735
W05,3572.9032,0,0,0.13237177135879735
W05,3573.9032,0,0,0.13237177135879735
W05,3574.9032,0,0,0.13237177135879735
W05,3575.9032,1,1,0.5521238804699484
W05,3576.9032,1,1,0.5521238804699484
W05,3577.9032,1,1,0.5521238804699484
W05,3578.9032,1,1,0.5521238804699484
W05,3579.9032,1,1,0.5521238804699484
W05,3580.9032,1,1,0.792688434488264
W05,3581.9032,1,1,0.792688434488264
W05,3582.9032,1,1,0.792688434488264
W05,3583.9032,1,1,0.792688434488264
W05,3584.9032,1,1,0.792688434488264
W05,3585.9032,1,0,0.30123465577627306
W05,3586.9032,1,0,0.30123465577627306
W05,3587.9032,1,0,0.30123465577627306
W05,3588.9032,1,0,0.30123465577627306
W05,3589.9032,1,0,0.30123465577627306
W05,3590.9032,1,0,0.4346781879699736
W05,3591.9032,1,0,0.4346781879699736
W05,3592.9032,1,0,0.4346781879699736
W05,3593.9032,1,0,0.4346781879699736
W05,3594.9032,0,0,0.2346296383183883
W05,3595.9032,0,0,0.2346296383183883
W05,3596.9032,0,0,0.2346296383183883
W05,3597.9032,0,0,0.2346296383183883
W05,3598.9032,0,0,0.2346296383183883
W05,3599.9032,0,0,0.09115729371274932
W05,3600.9032,0,0,0.09115729371274932
W05,3601.9032,0,0,0.09115729371274932
W05,3602.9032,0,0,0.09115729371274932
W05,3603.9032,0,0,0.09115729371274932
W05,3604.9032,1,0,0.44877017369437366
W05,3605.9032,1,0,0.44877017369437366
W05,3606.9032,1,0,0.44877017369437366
W05,3607.9032,1,0,0.44877017369437366
W05,3608.9032,1,0,0.44877017369437366
W05,3609.9032,0,0,0.17887368719096775
W05,3610.9032,0,0,0.17887368719096775
W05,3611.9032,0,0,0.17887368719096775
W05,3612.9032,0,0,0.17887368719096775
W05,3613.9032,0,0,0.17887368719096775
W05,3614.9032,0,0,0.002211867162726747
W05,3615.9032,0,0,0.002211867162726747
W05,3616.9032,0,0,0.002211867162726747
W05,3617.9032,0,0,0.002211867162726747
W05,3618.9032,0,0,0.002211867162726747
W05,3619.9032,1,1,0.5144100076347443
W05,3620.9032,1,1,0.5144100076347443
W05,3621.9032,1,1,0.5144100076347443
W05,3622.9032,1,1,0.5144100076347443
W05,3623.9032,1,1,0.8410009505762892
W05,3624.9032,1,1,0.8410009505762892
W05,3625.9032,1,1,0.8410009505762892
W05,3626.9032,1,1,0.8410009505762892
W05,3627.9032,1,1,0.8410009505762892
W05,3628.9032,1,1,0.9930049175148773
W05,3629.9032,1,1,0.9930049175148773
W05,3630.9032,1,1,0.9930049175148773
W05,3631.9032,1,1,0.9930049175148773
W05,3632.9032,1,1,0.9930049175148773
W05,3633.9032,1,1,0.9998219014015847
W05,3634.9032,1,1,0.9998219014015847
W05,3635.9032,1,1,0.9998219014015847
W05,3636.9032,1,1,0.9998219014015847
W05,3637.9032,1,1,0.9998219014015847
W05,3638.9032,1,1,0.9870363570151837
W05,3639.9032,1,1,0.9870363570151837
W05,3640.9032,1,1,0.9870363570151837
W05,3641.9032,1,1,0.9870363570151837
W05,3642.9032,1,1,0.9870363570151837
W05,3643.9032,1,1,0.9975223274343458
W05,3644.9032,1,1,0.9975223274343458
W05,3645.9032,1,1,0.9975223274343458
W05,3646.9032,1,1,0.9975223274343458
W05,3647.9032,1,1,0.9904010378344751
W05,3648.9032,1,1,0.9904010378344751
W05,3649.9032,1,1,0.9904010378344751
W05,3650.9032,1,1,0.9904010378344751
W05,3651.9032,1,1,0.9904010378344751
W05,3652.9032,0,0,0.37472812286150115
W05,3653.9032,0,0,0.37472812286150115
W05,3654.9032,0,0,0.37472812286150115
W05,3655.9032,0,0,0.37472812286150115
W05,3656.9032,0,0,0.37472812286150115
W05,3657.9032,1,1,0.946327171174449
W05,3658.9032,1,1,0.946327171174449
W05,3659.9032,1,1,0.946327171174449
W05,3660.9032,1,1,0.946327171174449
W05,3661.9032,1,1,0.946327171174449
W05,3662.9032,1,1,0.8808881941956985
W05,3663.9032,1,1,0.8808881941956985
W05,3664.9032,1,1,0.8808881941956985
W05,3665.9032,1,1,0.8808881941956985
W05,3666.9032,1,1,0.8808881941956985
W05,3667.9032,1,1,0.9511535393083818
W05,3668.9032,1,1,0.9511535393083818
W05,3669.9032,1,1,0.9511535393083818
W05,3670.9032,1,1,0.9511535393083818
W05,3671.9032,1,1,0.9511535393083818
W05,3672.9032,1,0,0.21403310167973436
W05,3673.9032,1,0,0.21403310167973436
W05,3674.9032,1,0,0.21403310167973436
W05,3675.9032,1,0,0.21403310167973436
W05,3676.9032,0,0,0.03214774821251946
W05,3677.9032,0,0,0.03214774821251946
W05,3678.9032,0,0,0.03214774821251946
W05,3679.9032,0,0,0.03214774821251946
W05,3680.9032,0,0,0.03214774821251946
W05,3681.9032,0,0,0.004858739546629067
W05,3682.9032,0,0,0.004858739546629067
W05,3683.9032,0,0,0.004858739546629067
W05,3684.9032,0,0,0.004858739546629067
W05,3685.9032,0,0,0.004858739546629067
W05,3686.9032,0,0,0.024652557083300837
W05,3687.9032,0,0,0.024652557083300837
W05,3688.9032,0,0,0.024652557083300837
W05,3689.9032,0,0,0.002574462299244357
W05,3690.9032,0,0,0.002574462299244357
W05,3691.9032,0,0,0.002574462299244357
W05,3692.9032,0,0,0.002574462299244357
W05,3693.9032,0,0,0.0025481813306989704
W05,3694.9032,0,0,0.0025481813306989704
W05,3695.9032,0,0,0.0025481813306989704
W05,3696.9032,0,0,0.0025481813306989704
W05,3697.9032,0,0,0.0025481813306989704
W05,3698.9032,0,0,0.12283455419789747
W05,3699.9032,0,0,0.12283455419789747
W05,3700.9032,0,0,0.12283455419789747
W05,3701.9032,0,0,0.12283455419789747
W05,3702.9032,0,0,0.12283455419789747
W05,3703.9032,1,1,0.8821523989554831
W05,3704.9032,1,1,0.8821523989554831
W05,3705.9032,1,1,0.8821523989554831
W05,3706.9032,1,1,0.8821523989554831
W05,3707.9032,1,1,0.8821523989554831
W05,3708.9032,1,1,0.5959139279629583
W05,3709.9032,1,1,0.5959139279629583
W05,3710.9032,1,1,0.5959139279629583
W05,3711.9032,1,1,0.5959139279629583
W05,3712.9032,1,1,0.5959139279629583
W05,3713.9032,0,0,0.0922595120766668
W05,3714.9032,0,0,0.0922595120766668
W05,3715.9032,0,0,0.0922595120766668
W05,3716.9032,0,0,0.0922595120766668
W05,3717.9032,0,0,0.0922595120766668
W05,3718.9032,1,1,0.8912787038444178
W05,3719.9032,1,1,0.8912787038444178
W05,3720.9032,1,1,0.8912787038444178
W05,3721.9032,1,1,0.8912787038444178
W05,3722.9032,0,0,0.19352551418773073
W05,3723.9032,0,0,0.19352551418773073
W05,3724.9032,0,0,0.19352551418773073
W05,3725.9032,0,0,0.19352551418773073
W05,3726.9032,0,0,0.19352551418773073
W05,3727.9032,0,0,0.004754534698757535
W05,3728.9032,0,0,0.004754534698757535
W05,3729.9032,0,0,0.004754534698757535
W05,3730.9032,0,0,0.004754534698757535
W05,3731.9032,0,0,0.004754534698757535
W05,3732.9032,0,0,0.20967777293771647
W05,3733.9032,0,0,0.20967777293771647
W05,3734.9032,0,0,0.20967777293771647
W05,3735.9032,0,0,0.20967777293771647
W05,3736.9032,0,0,0.20967777293771647
W05,3737.9032,1,0,0.46562524453269405
W05,3738.9032,1,0,0.46562524453269405
W05,3739.9032,1,0,0.46562524453269405
W05,3740.9032,1,0,0.46562524453269405
W05,3741.9032,1,0,0.46562524453269405
W05,3742.9032,0,0,0.03838601519732117
W05,3743.9032,0,0,0.03838601519732117
W05,3744.9032,0,0,0.03838601519732117
W05,3745.9032,0,0,0.03838601519732117
W05,3746.9032,0,0,0.03838601519732117
W05,3747.9032,1,1,0.7703171003676652
W05,3748.9032,1,1,0.7703171003676652
W05,3749.9032,1,1,0.7703171003676652
W05,3750.9032,1,1,0.7703171003676652
W05,3751.9032,0,0,0.04572959513603823
W05,3752.9032,0,0,0.04572959513603823
W05,3753.9032,0,0,0.04572959513603823
W05,3754.9032,0,0,0.04572959513603823
W05,3755.9032,0,0,0.04572959513603823
W05,3756.9032,0,0,0.04743574745055755
W05,3757.9032,0,0,0.04743574745055755
W05,3758.9032,0,0,0.04743574745055755
W05,3759.9032,0,0,0.04743574745055755
W05,3760.9032,0,0,0.04743574745055755
W05,3761.9032,0,0,0.0055913303095801534
W05,3762.9032,0,0,0.0055913303095801534
W05,3763.9032,0,0,0.0055913303095801534
W05,3764.9032,0,0,0.0055913303095801534
W05,3765.9032,0,0,0.0055913303095801534
W05,3766.9032,0,0,0.025646812111043433
W05,3767.9032,0,0,0.025646812111043433
W05,3768.9032,0,0,0.025646812111043433
W05,3769.9032,0,0,0.025646812111043433
W05,3770.9032,0,0,0.025646812111043433
W05,3771.9032,1,1,0.6463151305559806
W05,3772.9032,1,1,0.6463151305559806
W05,3773.9032,1,1,0.6463151305559806
W05,3774.9032,1,1,0.6463151305559806
W05,3775.9032,1,1,0.6463151305559806
W05,3776.9032,1,1,0.9922545198485431
W05,3777.9032,1,1,0.9922545198485431
W05,3778.9032,1,1,0.9922545198485431
W05,3779.9032,1,1,0.9922545198485431
W05,3780.9032,0,1,0.5127457643126597
W05,3781.9032,0,1,0.5127457643126597
W05,3782.9032,0,1,0.5127457643126597
W05,3783.9032,0,1,0.5127457643126597
W05,3784.9032,0,1,0.5127457643126597
W05,3785.9032,0,0,0.03264960538756428
W05,3786.9032,0,0,0.03264960538756428
W05,3787.9032,0,0,0.03264960538756428
W05,3788.9032,0,0,0.03264960538756428
W05,3789.9032,0,0,0.03264960538756428
W05,3790.9032,0,0,0.0002490305141060627
W05,3791.9032,0,0,0.0002490305141060627
W05,3792.9032,0,0,0.0002490305141060627
W05,3793.9032,0,0,0.0002490305141060627
W05,3794.9032,0,0,0.0002490305141060627
W05,3795.9032,0,0,2.1118454431477308e-05
W05,3796.9032,0,0,2.1118454431477308e-05
W05,3797.9032,0,0,2.1118454431477308e-05
W05,3798.9032,0,0,2.1118454431477308e-05
W05,3799.9032,0,0,2.1118454431477308e-05
W05,3800.9032,0,0,0.004063761381420643
W05,3801.9032,0,0,0.004063761381420643
W05,3802.9032,0,0,0.004063761381420643
W05,3803.9032,0,0,0.004063761381420643
W05,3804.9032,0,0,0.004063761381420643
W05,3805.9032,0,0,0.01612915394602551
W05,3806.9032,0,0,0.01612915394602551
W05,3807.9032,0,0,0.01612915394602551
W05,3808.9032,0,0,0.01612915394602551
W05,3809.9032,0,0,6.967478870073722e-05
W05,3810.9032,0,0,6.967478870073722e-05
W05,3811.9032,0,0,6.967478870073722e-05
W05,3812.9032,0,0,6.967478870073722e-05
W05,3813.9032,0,0,6.967478870073722e-05
W05,3814.9032,0,0,0.004328523912644649
W05,3815.9032,0,0,0.004328523912644649
W05,3816.9032,0,0,0.004328523912644649
W05,3817.9032,0,0,0.004328523912644649
W05,3818.9032,0,0,0.004328523912644649
W05,3819.9032,0,0,9.651162482216369e-05
W05,3820.9032,0,0,9.651162482216369e-05
W05,3821.9032,0,0,9.651162482216369e-05
W05,3822.9032,0,0,9.651162482216369e-05
W05,3823.9032,0,0,9.651162482216369e-05
W05,3824.9032,0,0,0.0051808032682645385
W05,3825.9032,0,0,0.0051808032682645385
W05,3826.9032,0,0,0.0051808032682645385
W05,3827.9032,0,0,0.0051808032682645385
W05,3828.9032,0,0,0.0051808032682645385
W05,3829.9032,0,0,0.005503304373834849
W05,3830.9032,0,0,0.005503304373834849
W05,3831.9032,0,0,0.005503304373834849
W05,3832.9032,0,0,0.005503304373834849
W05,3833.9032,0,0,0.005503304373834849
W05,3834.9032,0,0,0.014619471325781608
W05,3835.9032,0,0,0.014619471325781608
W05,3836.9032,0,0,0.014619471325781608
W05,3837.9032,0,0,0.014619471325781608
W05,3838.9032,0,0,0.014619471325781608
W05,3839.9032,0,0,0.06584705813744045
W05,3840.9032,0,0,0.06584705813744045
W05,3841.9032,0,0,0.06584705813744045
W05,3842.9032,0,0,0.06584705813744045
W05,3843.9032,0,0,0.0033994192370017462
W05,3844.9032,0,0,0.0033994192370017462
W06,2002.436,0,0,0.35046548037858183
W06,2003.436,0,0,0.35046548037858183
W06,2004.436,0,0,0.35046548037858183
W06,2005.436,0,0,0.35046548037858183
W06,2006.436,0,0,0.35046548037858183
W06,2007.436,0,0,0.18260273925236684
W06,2008.436,0,0,0.18260273925236684
W06,2009.436,0,0,0.18260273925236684
W06,2010.436,0,0,0.18260273925236684
W06,2011.436,0,0,0.18260273925236684
W06,2012.436,0,0,0.09227233568320066
W06,2013.436,0,0,0.09227233568320066
W06,2014.436,0,0,0.09227233568320066
W06,2015.436,0,0,0.09227233568320066
W06,2016.436,0,0,0.09227233568320066
W06,2017.436,0,0,0.18666810351989255
W06,2018.436,0,0,0.18666810351989255
W06,2019.436,0,0,0.18666810351989255
W06,2020.436,0,0,0.18666810351989255
W06,2021.436,0,0,0.18666810351989255
W06,2022.436,0,0,0.32890110676919054
W06,2023.436,0,0,0.32890110676919054
W06,2024.436,0,0,0.32890110676919054
W06,2025.436,0,0,0.32890110676919054
W06,2026.436,0,0,0.32890110676919054
W06,2027.436,1,1,0.578533089857714
W06,2028.436,1,1,0.578533089857714
W06,2029.436,1,1,0.578533089857714
W06,2030.436,1,1,0.578533089857714
W06,2031.436,0,0,0.4048943231670259
W06,2032.436,0,0,0.4048943231670259
W06,2033.436,0,0,0.4048943231670259
W06,2034.436,0,0,0.4048943231670259
W06,2035.436,0,0,0.4048943231670259
W06,2036.436,0,0,0.3636870297601154
W06,2037.436,0,0,0.3636870297601154
W06,2038.436,0,0,0.3636870297601154
W06,2039.436,0,0,0.3636870297601154
W06,2040.436,0,0,0.3636870297601154
W06,2041.436,0,0,0.42614892841032126
W06,2042.436,0,0,0.42614892841032126
W06,2043.436,0,0,0.42614892841032126
W06,2044.436,0,0,0.42614892841032126
W06,2045.436,0,0,0.42614892841032126
W06,2046.436,1,1,0.7546391398968889
W06,2047.436,1,1,0.7546391398968889
W06,2048.436,1,1,0.7546391398968889
W06,2049.436,1,1,0.7546391398968889
W06,2050.436,1,1,0.7546391398968889
W06,2051.436,0,0,0.2243484289022375
W06,2052.436,0,0,0.2243484289022375
W06,2053.436,0,0,0.2243484289022375
W06,2054.436,0,0,0.2243484289022375
W06,2055.436,0,0,0.2243484289022375
W06,2056.436,0,0,0.13156828160602355
W06,2057.436,0,0,0.13156828160602355
W06,2058.436,0,0,0.13156828160602355
W06,2059.436,0,0,0.13156828160602355
W06,2060.436,0,0,0.10065426208397124
W06,2061.436,0,0,0.10065426208397124
W06,2062.436,0,0,0.10065426208397124
W06,2063.436,0,0,0.10065426208397124
W06,2064.436,0,0,0.10065426208397124
W06,2065.436,0,0,0.0421732157830426
W06,2066.436,0,0,0.0421732157830426
W06,2067.436,0,0,0.0421732157830426
W06,2068.436,0,0,0.0421732157830426
W06,2069.436,0,0,0.0421732157830426
W06,2070.436,0,0,0.13246152455966653
W06,2071.436,0,0,0.13246152455966653
W06,2072.436,0,0,0.13246152455966653
W06,2073.436,0,0,0.13246152455966653
W06,2074.436,0,0,0.13246152455966653
W06,2075.436,0,0,0.16395574136309532
W06,2076.436,0,0,0.16395574136309532
W06,2077.436,0,0,0.16395574136309532
W06,2078.436,0,0,0.16395574136309532
W06,2079.436,0,0,0.16395574136309532
W06,2080.436,0,0,0.2877086505934819
W06,2081.436,0,0,0.2877086505934819
W06,2082.436,0,0,0.2877086505934819
W06,2083.436,0,0,0.2877086505934819
W06,2084.436,0,0,0.06941734114800932
W06,2085.436,0,0,0.06941734114800932
W06,2086.436,0,0,0.06941734114800932
W06,2087.436,0,0,0.06941734114800932
W06,2088.436,0,0,0.06941734114800932
W06,2089.436,0,0,0.27068977691110324
W06,2090.436,0,0,0.27068977691110324
W06,2091.436,0,0,0.27068977691110324
W06,2092.436,0,0,0.27068977691110324
W06,2093.436,0,0,0.27068977691110324
W06,2094.436,0,0,0.07558349644724367
W06,2095.436,0,0,0.07558349644724367
W06,2096.436,0,0,0.07558349644724367
W06,2097.436,0,0,0.07558349644724367
W06,2098.436,0,0,0.07558349644724367
W06,2099.436,0,0,0.10560854165333705
W06,2100.436,0,0,0.10560854165333705
W06,2101.436,0,0,0.10560854165333705
W06,2102.436,0,0,0.10560854165333705
W06,2103.436,0,0,0.10560854165333705
W06,2104.436,0,0,0.07503732581728659
W06,2105.436,0,0,0.07503732581728659
W06,2106.436,0,0,0.07503732581728659
W06,2107.436,0,0,0.07503732581728659
W06,2108.436,0,0,0.12178331595418947
W06,2109.436,0,0,0.12178331595418947
W06,2110.436,0,0,0.12178331595418947
W06,2111.436,0,0,0.12178331595418947
W06,2112.436,0,0,0.12178331595418947
W06,2113.436,0,0,0.07575652901366933
W06,2114.436,0,0,0.07575652901366933
W06,2115.436,0,0,0.07575652901366933
W06,2116.436,0,0,0.07575652901366933
W06,2117.436,0,0,0.07575652901366933
W06,2118.436,0,0,0.03620178519327169
W06,2119.436,0,0,0.03620178519327169
W06,2120.436,0,0,0.03620178519327169
W06,2121.436,0,0,0.03620178519327169
W06,2122.436,0,0,0.03620178519327169
W06,2123.436,0,0,0.23722759656048864
W06,2124.436,0,0,0.23722759656048864
W06,2125.436,0,0,0.23722759656048864
W06,2126.436,0,0,0.23722759656048864
W06,2127.436,0,0,0.23722759656048864
W06,2128.436,0,0,0.14972327581936817
W06,2129.436,0,0,0.14972327581936817
W06,2130.436,0,0,0.14972327581936817
W06,2131.436,0,0,0.14972327581936817
W06,2132.436,0,0,0.14972327581936817
W06,2133.436,1,1,0.9843587589234359
W06,2134.436,1,1,0.9843587589234359
W06,2135.436,1,1,0.9843587589234359
W06,2136.436,1,1,0.9843587589234359
W06,2137.436,1,1,0.6245242218322608
W06,2138.436,1,1,0.6245242218322608
W06,2139.436,1,1,0.6245242218322608
W06,2140.436,1,1,0.6245242218322608
W06,2141.436,0,0,0.06535927277200772
W06,2142.436,0,0,0.06535927277200772
W06,2143.436,0,0,0.06535927277200772
W06,2144.436,0,0,0.06535927277200772
W06,2145.436,0,0,0.04089628304088898
W06,2146.436,0,0,0.04089628304088898
W06,2147.436,0,0,0.04089628304088898
W06,2148.436,0,0,0.04089628304088898
W06,2149.436,0,0,0.04089628304088898
W06,2150.436,0,0,0.2981091864425012
W06,2151.436,0,0,0.2981091864425012
W06,2152.436,0,0,0.2981091864425012
W06,2153.436,0,0,0.2981091864425012
W06,2154.436,0,0,0.08837634448096608
W06,2155.436,0,0,0.08837634448096608
W06,2156.436,0,0,0.08837634448096608
W06,2157.436,0,0,0.08837634448096608
W06,2158.436,0,0,0.04940497309768698
W06,2159.436,0,0,0.04940497309768698
W06,2160.436,0,0,0.04940497309768698
W06,2161.436,0,0,0.04940497309768698
W06,2162.436,0,0,0.1217271736642959
W06,2163.436,0,0,0.1217271736642959
W06,2164.436,0,0,0.1217271736642959
W06,2165.436,0,0,0.1217271736642959
W06,2166.436,0,0,0.10828464425012145
W06,2167.436,0,0,0.10828464425012145
W06,2168.436,0,0,0.06785721710897395
W06,2169.436,0,0,0.06785721710897395
W06,2170.436,0,0,0.06785721710897395
W06,2171.436,0,0,0.06554734048329243
W06,2172.436,0,0,0.06554734048329243
W06,2173.436,0,0,0.046157641364526006
W06,2174.436,0,0,0.046157641364526006
W06,2175.436,0,0,0.046157641364526006
W06,2176.436,0,0,0.046157641364526006
W06,2177.436,0,0,0.046157641364526006
W06,2178.436,0,0,0.2677969734112035
W06,2179.436,0,0,0.2677969734112035
W06,2180.436,0,0,0.2677969734112035
W06,2181.436,0,0,0.2677969734112035
W06,2182.436,0,0,0.2677969734112035
W06,2183.436,1,1,0.9892777564183208
W06,2184.436,1,1,0.9892777564183208
W06,2185.436,1,1,0.9892777564183208
W06,2186.436,1,1,0.9892777564183208
W06,2187.436,1,1,0.9892777564183208
W06,2188.436,1,1,0.9994510965237504
W06,2189.436,1,1,0.9994510965237504
W06,2190.436,1,1,0.9994510965237504
W06,2191.436,1,1,0.9994510965237504
W06,2192.436,1,1,0.9994510965237504
W06,2193.436,1,1,0.9997402692370103
W06,2194.436,1,1,0.9997402692370103
W06,2195.436,1,1,0.9997402692370103
W06,2196.436,1,1,0.9997402692370103
W06,2197.436,1,1,0.9997402692370103
W06,2198.436,1,1,0.9999023494068059
W06,2199.436,1,1,0.9999023494068059
W06,2200.436,1,1,0.9999023494068059
W06,2201.436,1,1,0.9999023494068059
W06,2202.436,1,1,0.9999023494068059
W06,2203.436,1,1,0.9999611462104737
W06,2204.436,1,1,0.9999611462104737
W06,2205.436,1,1,0.9999611462104737
W06,2206.436,1,1,0.9999611462104737
W06,2207.436,1,1,0.9999611462104737
W06,2208.436,1,1,0.9990741677243985
W06,2209.436,1,1,0.9990741677243985
W06,2210.436,1,1,0.9990741677243985
W06,2211.436,1,1,0.9990741677243985
W06,2212.436,1,1,0.9990741677243985
W06,2213.436,1,1,0.9612122140536891
W06,2214.436,1,1,0.9612122140536891
W06,2215.436,1,1,0.9612122140536891
W06,2216.436,1,1,0.9612122140536891
W06,2217.436,1,1,0.9612122140536891
W06,2218.436,1,1,0.7912008904259928
W06,2219.436,1,1,0.7912008904259928
W06,2220.436,1,1,0.7912008904259928
W06,2221.436,1,1,0.7912008904259928
W06,2222.436,1,1,0.7912008904259928
W06,2223.436,1,1,0.9871882551998483
W06,2224.436,1,1,0.9871882551998483
W06,2225.436,1,1,0.9871882551998483
W06,2226.436,1,1,0.9871882551998483
W06,2227.436,1,1,0.9871882551998483
W06,2228.436,1,1,0.7356160344012358
W06,2229.436,1,1,0.7356160344012358
W06,2230.436,1,1,0.7356160344012358
W06,2231.436,1,1,0.7356160344012358
W06,2232.436,1,1,0.7356160344012358
W06,2233.436,1,1,0.994815092929826
W06,2234.436,1,1,0.994815092929826
W06,2235.436,1,1,0.994815092929826
W06,2236.436,1,1,0.994815092929826
W06,2237.436,1,1,0.994815092929826
W06,2238.436,1,1,0.999781007710671
W06,2239.436,1,1,0.999781007710671
W06,2240.436,1,1,0.999781007710671
W06,2241.436,1,1,0.999781007710671
W06,2242.436,1,1,0.999781007710671
W06,2243.436,1,1,0.9996526652727382
W06,2244.436,1,1,0.9996526652727382
W06,2245.436,1,1,0.9996526652727382
W06,2246.436,1,1,0.9996526652727382
W06,2247.436,1,1,0.9996526652727382
W06,2248.436,1,1,0.9998999072317396
W06,2249.436,1,1,0.9998999072317396
W06,2250.436,1,1,0.9998999072317396
W06,2251.436,1,1,0.9998999072317396
W06,2252.436,1,1,0.9998999072317396
W06,2253.436,1,1,0.9997808335660134
W06,2254.436,1,1,0.9997808335660134
W06,2255.436,1,1,0.9997808335660134
W06,2256.436,1,1,0.9997808335660134
W06,2257.436,1,1,0.9997808335660134
W06,2258.436,1,1,0.98977611046093
W06,2259.436,1,1,0.98977611046093
W06,2260.436,1,1,0.98977611046093
W06,2261.436,1,1,0.98977611046093
W06,2262.436,1,1,0.999878425545995
W06,2263.436,1,1,0.999878425545995
W06,2264.436,1,1,0.999878425545995
W06,2265.436,1,1,0.999878425545995
W06,2266.436,1,1,0.999878425545995
W06,2267.436,1,1,0.9998559347722114
W06,2268.436,1,1,0.9998559347722114
W06,2269.436,1,1,0.9998559347722114
W06,2270.436,1,1,0.9998559347722114
W06,2271.436,1,1,0.9998559347722114
W06,2272.436,1,1,0.9999968476371552
W06,2273.436,1,1,0.9999968476371552
W06,2274.436,1,1,0.9999968476371552
W06,2275.436,1,1,0.9999968476371552
W06,2276.436,1,1,0.9999968476371552
W06,2277.436,1,1,0.9955555348495073
W06,2278.436,1,1,0.9955555348495073
W06,2279.436,1,1,0.9955555348495073
W06,2280.436,1,1,0.9955555348495073
W06,2281.436,1,1,0.9955555348495073
W06,2282.436,1,1,0.9988912645908515
W06,2283.436,1,1,0.9988912645908515
W06,2284.436,1,1,0.9988912645908515
W06,2285.436,1,1,0.9988912645908515
W06,2286.436,1,1,0.9988912645908515
W06,2287.436,1,1,0.9999570312980027
W06,2288.436,1,1,0.9999570312980027
W06,2289.436,1,1,0.9999570312980027
W06,2290.436,1,1,0.9999570312980027
W06,2291.436,1,1,0.9999570312980027
W06,2292.436,1,1,0.9999638032612365
W06,2293.436,1,1,0.9999638032612365
W06,2294.436,1,1,0.9999638032612365
W06,2295.436,1,1,0.9999638032612365
W06,2296.436,1,1,0.9999638032612365
W06,2297.436,1,1,0.9954099356696524
W06,2298.436,1,1,0.9954099356696524
W06,2299.436,1,1,0.9954099356696524
W06,2300.436,1,1,0.9954099356696524
W06,2301.436,1,1,0.9954099356696524
W06,2302.436,1,1,0.9999116938076132
W06,2303.436,1,1,0.9999116938076132
W06,2304.436,1,1,0.9999116938076132
W06,2305.436,1,1,0.9999116938076132
W06,2306.436,1,1,0.9999116938076132
W06,2307.436,1,1,0.9990077928783389
W06,2308.436,1,1,0.9990077928783389
W06,2309.436,1,1,0.9990077928783389
W06,2310.436,1,1,0.9990077928783389
W06,2311.436,1,1,0.9990077928783389
W06,2312.436,1,1,0.9781314360670775
W06,2313.436,1,1,0.9781314360670775
W06,2314.436,1,1,0.9781314360670775
W06,2315.436,1,1,0.9781314360670775
W06,2316.436,1,1,0.9781314360670775
W06,2317.436,1,1,0.9999775689322216
W06,2318.436,1,1,0.9999775689322216
W06,2319.436,1,1,0.9999775689322216
W06,2320.436,1,1,0.9999775689322216
W06,2321.436,1,1,0.9999775689322216
W06,2322.436,1,1,0.9999781514683543
W06,2323.436,1,1,0.9999781514683543
W06,2324.436,1,1,0.9999781514683543
W06,2325.436,1,1,0.9999781514683543
W06,2326.436,1,1,0.9999781514683543
W06,2327.436,1,1,0.9999271656552989
W06,2328.436,1,1,0.9999271656552989
W06,2329.436,1,1,0.9999271656552989
W06,2330.436,1,1,0.9999271656552989
W06,2331.436,1,1,0.9999271656552989
W06,2332.436,1,1,0.9999931114359705
W06,2333.436,1,1,0.9999931114359705
W06,2334.436,1,1,0.9999931114359705
W06,2335.436,1,1,0.9999931114359705
W06,2336.436,1,1,0.9999931114359705
W06,2337.436,1,1,0.9999910760748065
W06,2338.436,1,1,0.9999910760748065
W06,2339.436,1,1,0.9999910760748065
W06,2340.436,1,1,0.9999910760748065
W06,2341.436,1,1,0.9999910760748065
W06,2342.436,1,1,0.9998429981494954
W06,2343.436,1,1,0.9998429981494954
W06,2344.436,1,1,0.9998429981494954
W06,2345.436,1,1,0.9998429981494954
W06,2346.436,1,1,0.9998429981494954
W06,2347.436,1,1,0.9998074282193716
W06,2348.436,1,1,0.9998074282193716
W06,2349.436,1,1,0.9998074282193716
W06,2350.436,1,1,0.9998074282193716
W06,2351.436,1,1,0.9998074282193716
W06,2352.436,1,1,0.9999125441775657
W06,2353.436,1,1,0.9999125441775657
W06,2354.436,1,1,0.9999125441775657
W06,2355.436,1,1,0.9999125441775657
W06,2356.436,1,1,0.9999125441775657
W06,2357.436,0,0,0.39836599405402556
W06,2358.436,0,0,0.39836599405402556
W06,2359.436,0,0,0.39836599405402556
W06,2360.436,0,0,0.39836599405402556
W06,2361.436,0,0,0.39836599405402556
W06,2362.436,0,1,0.7609210084327183
W06,2363.436,0,1,0.7609210084327183
W06,2364.436,0,1,0.7609210084327183
W06,2365.436,0,1,0.957188873395271
W06,2366.436,0,1,0.957188873395271
W06,2367.436,0,1,0.957188873395271
W06,2368.436,0,1,0.957188873395271
W06,2369.436,0,1,0.957188873395271
W06,2370.436,1,1,0.9999956527238043
W06,2371.436,1,1,0.9999956527238043
W06,2372.436,1,1,0.9999956527238043
W06,2373.436,1,1,0.9999956527238043
W06,2374.436,1,1,0.9999956527238043
W06,2375.436,1,1,0.9999978864048649
W06,2376.436,1,1,0.9999978864048649
W06,2377.436,1,1,0.9999978864048649
W06,2378.436,1,1,0.9999978864048649
W06,2379.436,1,1,0.9999978864048649
W06,2380.436,1,1,0.9999947814029616
W06,2381.436,1,1,0.9999947814029616
W06,2382.436,1,1,0.9999947814029616
W06,2383.436,1,1,0.9999947814029616
W06,2384.436,1,1,0.9999947814029616
W06,2385.436,1,1,0.9999916759558557
W06,2386.436,1,1,0.9999916759558557
W06,2387.436,1,1,0.9999916759558557
W06,2388.436,1,1,0.9999916759558557
W06,2389.436,1,1,0.9999916759558557
W06,2390.436,1,1,0.9999972767949046
W06,2391.436,1,1,0.9999972767949046
W06,2392.436,1,1,0.9999972767949046
W06,2393.436,1,1,0.9999972767949046
W06,2394.436,1,1,0.9999972767949046
W06,2395.436,1,1,0.9999986677405724
W06,2396.436,1,1,0.9999986677405724
W06,2397.436,1,1,0.9999986677405724
W06,2398.436,1,1,0.9999986677405724
W06,2399.436,1,1,0.9999986677405724
W06,2400.436,0,1,0.9831039478043809
W06,2401.436,0,1,0.9831039478043809
W06,2402.436,0,1,0.9831039478043809
W06,2403.436,0,1,0.9831039478043809
W06,2404.436,0,1,0.9831039478043809
W06,2405.436,0,0,0.16748345424632077
W06,2406.436,0,0,0.16748345424632077
W06,2407.436,0,0,0.16748345424632077
W06,2408.436,0,0,0.16748345424632077
W06,2409.436,0,0,0.16748345424632077
W06,2410.436,0,1,0.6616816341541724
W06,2411.436,0,1,0.6616816341541724
W06,2412.436,0,1,0.6616816341541724
W06,2413.436,0,1,0.6616816341541724
W06,2414.436,0,1,0.6616816341541724
W06,2415.436,0,0,0.40938453394329105
W06,2416.436,0,0,0.40938453394329105
W06,2417.436,0,0,0.40938453394329105
W06,2418.436,0,0,0.40938453394329105
W06,2419.436,0,0,0.40938453394329105
W06,2420.436,0,0,0.10183483475797706
W06,2421.436,0,0,0.10183483475797706
W06,2422.436,0,0,0.10183483475797706
W06,2423.436,0,0,0.10183483475797706
W06,2424.436,0,0,0.10183483475797706
W06,2425.436,0,1,0.7640812489427059
W06,2426.436,0,1,0.7640812489427059
W06,2427.436,0,1,0.7640812489427059
W06,2428.436,0,1,0.7640812489427059
W06,2429.436,0,1,0.7640812489427059
W06,2430.436,1,1,0.998617290226701
W06,2431.436,1,1,0.998617290226701
W06,2432.436,1,1,0.998617290226701
W06,2433.436,1,1,0.998617290226701
W06,2434.436,1,1,0.998617290226701
W06,2435.436,1,1,0.9974403138144103
W06,2436.436,1,1,0.9974403138144103
W06,2437.436,1,1,0.9974403138144103
W06,2438.436,1,1,0.9974403138144103
W06,2439.436,1,1,0.9974403138144103
W06,2440.436,1,1,0.9883243799866751
W06,2441.436,1,1,0.9883243799866751
W06,2442.436,1,1,0.9883243799866751
W06,2443.436,1,1,0.9883243799866751
W06,2444.436,1,1,0.8778833563609174
W06,2445.436,1,1,0.8778833563609174
W06,2446.436,1,1,0.8778833563609174
W06,2447.436,1,1,0.8778833563609174
W06,2448.436,1,1,0.8778833563609174
W06,2449.436,1,1,0.564314395935465
W06,2450.436,1,1,0.564314395935465
W06,2451.436,1,1,0.564314395935465
W06,2452.436,1,1,0.564314395935465
W06,2453.436,1,1,0.564314395935465
W06,2454.436,1,1,0.9996910244050883
W06,2455.436,1,1,0.9996910244050883
W06,2456.436,1,1,0.9996910244050883
W06,2457.436,1,1,0.9996910244050883
W06,2458.436,1,1,0.9996910244050883
W06,2459.436,1,1,0.9996910244050883
W06,2460.436,1,1,0.9999918847387206
W06,2461.436,1,1,0.9999974342498198
W06,2462.436,1,1,0.9999974342498198
W06,2463.436,1,1,0.9999901319552251
W06,2464.436,1,1,0.9999901319552251
W06,2465.436,1,1,0.9999901319552251
W06,2466.436,1,1,0.9999901319552251
W06,2467.436,1,1,0.9999901319552251
W06,2468.436,1,1,0.9998695167669074
W06,2469.436,1,1,0.9998695167669074
W06,2470.436,1,1,0.9998695167669074
W06,2471.436,1,1,0.9998695167669074
W06,2472.436,1,1,0.9998695167669074
W06,2473.436,1,1,0.9984385831125265
W06,2474.436,1,1,0.9984385831125265
W06,2475.436,1,1,0.9984385831125265
W06,2476.436,1,1,0.9984385831125265
W06,2477.436,1,1,0.9984385831125265
W06,2478.436,1,1,0.9855749288496727
W06,2479.436,1,1,0.9855749288496727
W06,2480.436,1,1,0.9855749288496727
W06,2481.436,1,1,0.9855749288496727
W06,2482.436,1,1,0.9855749288496727
W06,2483.436,1,1,0.9999983470257262
W06,2484.436,1,1,0.9999983470257262
W06,2485.436,1,1,0.9999983470257262
W06,2486.436,1,1,0.9999983470257262
W06,2487.436,1,1,0.9998329683987925
W06,2488.436,1,1,0.9998329683987925
W06,2489.436,1,1,0.9998329683987925
W06,2490.436,1,1,0.9998329683987925
W06,2491.436,1,1,0.9998329683987925
W06,2492.436,1,1,0.9994429843119607
W06,2493.436,1,1,0.9994429843119607
W06,2494.436,1,1,0.9994429843119607
W06,2495.436,1,1,0.9994429843119607
W06,2496.436,1,1,0.9994429843119607
W06,2497.436,1,1,0.9958239360680122
W06,2498.436,1,1,0.9958239360680122
W06,2499.436,1,1,0.9958239360680122
W06,2500.436,1,1,0.9958239360680122
W06,2501.436,1,1,0.9958239360680122
W06,2502.436,1,1,0.9997290189649064
W06,2503.436,1,1,0.9997290189649064
W06,2504.436,1,1,0.9997290189649064
W06,2505.436,1,1,0.9997290189649064
W06,2506.436,1,1,0.9997290189649064
W06,2507.436,1,1,0.999991999137859
W06,2508.436,1,1,0.999991999137859
W06,2509.436,1,1,0.999991999137859
W06,2510.436,1,1,0.999991999137859
W06,2511.436,1,1,0.999991999137859
W06,2512.436,1,1,0.9998185261781303
W06,2513.436,1,1,0.9998185261781303
W06,2514.436,1,1,0.9998185261781303
W06,2515.436,1,1,0.9998185261781303
W06,2516.436,1,1,0.9998185261781303
W06,2517.436,1,1,0.9999944196599457
W06,2518.436,1,1,0.9999944196599457
W06,2519.436,1,1,0.9999944196599457
W06,2520.436,1,1,0.9999944196599457
W06,2521.436,1,1,0.9999944196599457
W06,2522.436,1,1,0.9999972042343882
W06,2523.436,1,1,0.9999972042343882
W06,2524.436,1,1,0.9999972042343882
W06,2525.436,1,1,0.9999972042343882
W06,2526.436,1,1,0.9999972042343882
W06,2527.436,1,1,0.9999905746931904
W06,2528.436,1,1,0.9999905746931904
W06,2529.436,1,1,0.9999905746931904
W06,2530.436,1,1,0.9999905746931904
W06,2531.436,1,1,0.9999905746931904
W06,2532.436,1,1,0.999969081756922
W06,2533.436,1,1,0.999969081756922
W06,2534.436,1,1,0.999969081756922
W06,2535.436,1,1,0.999969081756922
W06,2536.436,1,1,0.999969081756922
W06,2537.436,1,1,0.9999522016711639
W06,2538.436,1,1,0.9999522016711639
W06,2539.436,1,1,0.9999522016711639
W06,2540.436,1,1,0.9999522016711639
W06,2541.436,1,1,0.9999522016711639
W06,2542.436,1,1,0.9997524382058437
W06,2543.436,1,1,0.9997524382058437
W06,2544.436,1,1,0.9997524382058437
W06,2545.436,1,1,0.9997524382058437
W06,2546.436,1,1,0.9997524382058437
W06,2547.436,1,1,0.9998694533183516
W06,2548.436,1,1,0.9998694533183516
W06,2549.436,1,1,0.9998694533183516
W06,2550.436,1,1,0.9998694533183516
W06,2551.436,1,1,0.9998694533183516
W06,2552.436,1,1,0.9997131095166577
W06,2553.436,1,1,0.9997131095166577
W06,2554.436,1,1,0.9997131095166577
W06,2555.436,1,1,0.9997131095166577
W06,2556.436,1,1,0.9997131095166577
W06,2557.436,1,1,0.9999458558289105
W06,2558.436,1,1,0.9999458558289105
W06,2559.436,1,1,0.9999458558289105
W06,2560.436,1,1,0.9999458558289105
W06,2561.436,1,1,0.9999458558289105
W06,2562.436,1,1,0.99975987849666
W06,2563.436,1,1,0.99975987849666
W06,2564.436,1,1,0.99975987849666
W06,2565.436,1,1,0.99975987849666
W06,2566.436,1,1,0.99975987849666
W06,2567.436,1,1,0.9988980776289222
W06,2568.436,1,1,0.9988980776289222
W06,2569.436,1,1,0.9988980776289222
W06,2570.436,1,1,0.9988980776289222
W06,2571.436,1,1,0.9900886796211578
W06,2572.436,1,1,0.9900886796211578
W06,2573.436,1,1,0.9900886796211578
W06,2574.436,1,1,0.9900886796211578
W06,2575.436,1,1,0.9900886796211578
W06,2576.436,1,1,0.9564385912726124
W06,2577.436,1,1,0.9564385912726124
W06,2578.436,1,1,0.9564385912726124
W06,2579.436,1,1,0.9564385912726124
W06,2580.436,1,1,0.9564385912726124
W06,2581.436,1,1,0.9999779465423716
W06,2582.436,1,1,0.9999779465423716
W06,2583.436,1,1,0.9999779465423716
W06,2584.436,1,1,0.9999779465423716
W06,2585.436,1,1,0.9999779465423716
W06,2586.436,1,1,0.999945881089104
W06,2587.436,1,1,0.999945881089104
W06,2588.436,1,1,0.999945881089104
W06,2589.436,1,1,0.999945881089104
W06,2590.436,1,1,0.999945881089104
W06,2591.436,1,1,0.980755986748543
W06,2592.436,1,1,0.980755986748543
W06,2593.436,1,1,0.980755986748543
W06,2594.436,1,1,0.980755986748543
W06,2595.436,1,1,0.980755986748543
W06,2596.436,0,0,0.38167687869478606
W06,2597.436,0,0,0.38167687869478606
W06,2598.436,0,0,0.38167687869478606
W06,2599.436,1,1,0.843086346053976
W06,2600.436,1,1,0.843086346053976
W06,2601.436,1,1,0.843086346053976
W06,2602.436,1,1,0.843086346053976
W06,2603.436,1,1,0.8709799036216055
W06,2604.436,1,1,0.8709799036216055
W06,2605.436,1,1,0.7504940696881516
W06,2606.436,1,1,0.7504940696881516
W06,2607.436,1,1,0.7504940696881516
W06,2608.436,1,1,0.7504940696881516
W06,2609.436,1,1,0.7504940696881516
W06,2610.436,1,1,0.9956349140942649
W06,2611.436,1,1,0.9956349140942649
W06,2612.436,1,1,0.9956349140942649
W06,2613.436,1,1,0.9956349140942649
W06,2614.436,1,1,0.9956349140942649
W06,2615.436,1,1,0.9982956134396115
W06,2616.436,1,1,0.9982956134396115
W06,2617.436,1,1,0.9982956134396115
W06,2618.436,1,1,0.9982956134396115
W06,2619.436,1,1,0.9982956134396115
W06,2620.436,1,1,0.687536433804254
W06,2621.436,1,1,0.687536433804254
W06,2622.436,1,1,0.687536433804254
W06,2623.436,1,1,0.687536433804254
W06,2624.436,1,1,0.687536433804254
W06,2625.436,1,1,0.7709409798201731
W06,2626.436,1,1,0.7709409798201731
W06,2627.436,1,1,0.7709409798201731
W06,2628.436,1,1,0.7709409798201731
W06,2629.436,1,1,0.7709409798201731
W06,2630.436,1,1,0.916173918128912
W06,2631.436,1,1,0.916173918128912
W06,2632.436,1,1,0.916173918128912
W06,2633.436,1,1,0.916173918128912
W06,2634.436,1,1,0.916173918128912
W06,2635.436,1,1,0.7762942506953474
W06,2636.436,1,1,0.7762942506953474
W06,2637.436,1,1,0.7762942506953474
W06,2638.436,1,1,0.7762942506953474
W06,2639.436,1,1,0.7762942506953474
W06,2640.436,1,1,0.8725073239391588
W06,2641.436,1,1,0.8725073239391588
W06,2642.436,1,1,0.8725073239391588
W06,2643.436,1,1,0.8725073239391588
W06,2644.436,1,1,0.8725073239391588
W06,2645.436,1,1,0.556872593869956
W06,2646.436,1,1,0.556872593869956
W06,2647.436,1,1,0.556872593869956
W06,2648.436,1,1,0.556872593869956
W06,2649.436,1,1,0.556872593869956
W06,2650.436,0,0,0.1407376626049234
W06,2651.436,0,0,0.1407376626049234
W06,2652.436,0,0,0.1407376626049234
W06,2653.436,0,0,0.1407376626049234
W06,2654.436,0,0,0.1407376626049234
W06,2655.436,0,0,0.05133559173706688
W06,2656.436,0,0,0.10990725969588083
W06,2657.436,0,0,0.10990725969588083
W06,2658.436,0,0,0.10990725969588083
W06,2659.436,0,0,0.10990725969588083
W06,2660.436,0,0,0.10990725969588083
W06,2661.436,0,0,0.10051274295987668
W06,2662.436,0,0,0.10051274295987668
W06,2663.436,0,0,0.10051274295987668
W06,2664.436,0,0,0.10051274295987668
W06,2665.436,0,0,0.10051274295987668
W06,2666.436,0,0,0.04459777076457548
W06,2667.436,0,0,0.04459777076457548
W06,2668.436,0,0,0.04459777076457548
W06,2669.436,0,0,0.04459777076457548
W06,2670.436,0,0,0.04459777076457548
W06,2671.436,0,0,0.04486661945182002
W06,2672.436,0,0,0.04486661945182002
W06,2673.436,0,0,0.04486661945182002
W06,2674.436,0,0,0.04486661945182002
W06,2675.436,0,0,0.04486661945182002
W06,2676.436,0,0,0.06768822638740608
W06,2677.436,0,0,0.06768822638740608
W06,2678.436,0,0,0.06768822638740608
W06,2679.436,0,0,0.06768822638740608
W06,2680.436,0,0,0.06768822638740608
W06,2681.436,0,0,0.4667397139849873
W06,2682.436,0,0,0.4667397139849873
W06,2683.436,0,0,0.4667397139849873
W06,2684.436,0,0,0.4667397139849873
W06,2685.436,0,0,0.4667397139849873
W06,2686.436,1,0,0.4480972457495692
W06,2687.436,1,0,0.4480972457495692
W06,2688.436,1,0,0.4480972457495692
W06,2689.436,1,0,0.4480972457495692
W06,2690.436,1,0,0.4480972457495692
W06,2691.436,0,0,0.15273807758148472
W06,2692.436,0,0,0.15273807758148472
W06,2693.436,0,0,0.15273807758148472
W06,2694.436,0,0,0.15273807758148472
W06,2695.436,0,0,0.15273807758148472
W06,2696.436,0,0,0.41573656933966935
W06,2697.436,0,0,0.41573656933966935
W06,2698.436,0,0,0.41573656933966935
W06,2699.436,0,0,0.41573656933966935
W06,2700.436,0,0,0.41573656933966935
W06,2701.436,0,0,0.3937556472961003
W06,2702.436,0,0,0.3937556472961003
W06,2703.436,0,0,0.3937556472961003
W06,2704.436,0,0,0.3937556472961003
W06,2705.436,0,0,0.3937556472961003
W06,2706.436,0,0,0.43813344309445196
W06,2707.436,0,0,0.43813344309445196
W06,2708.436,0,0,0.43813344309445196
W06,2709.436,0,0,0.43813344309445196
W06,2710.436,0,0,0.43813344309445196
W06,2711.436,0,0,0.27304597107066714
W06,2712.436,0,0,0.27304597107066714
W06,2713.436,0,0,0.27304597107066714
W06,2714.436,0,0,0.3933307015849069
W06,2715.436,0,0,0.3933307015849069
W06,2716.436,0,0,0.3933307015849069
W06,2717.436,0,0,0.3933307015849069
W06,2718.436,0,0,0.3933307015849069
W06,2719.436,1,1,0.9435574864205774
W06,2720.436,1,1,0.9435574864205774
W06,2721.436,1,1,0.9435574864205774
W06,2722.436,1,1,0.9435574864205774
W06,2723.436,1,1,0.9435574864205774
W06,2724.436,1,1,0.6525287867272539
W06,2725.436,1,1,0.6525287867272539
W06,2726.436,1,1,0.6525287867272539
W06,2727.436,1,1,0.6525287867272539
W06,2728.436,1,1,0.6525287867272539
W06,2729.436,1,1,0.898306780217464
W06,2730.436,1,1,0.898306780217464
W06,2731.436,1,1,0.898306780217464
W06,2732.436,1,1,0.898306780217464
W06,2733.436,1,1,0.898306780217464
W06,2734.436,1,1,0.7459988615055488
W06,2735.436,1,1,0.7459988615055488
W06,2736.436,1,1,0.7459988615055488
W06,2737.436,1,1,0.7459988615055488
W06,2738.436,1,1,0.7459988615055488
W06,2739.436,1,1,0.9477776042926706
W06,2740.436,1,1,0.9477776042926706
W06,2741.436,1,1,0.9477776042926706
W06,2742.436,1,1,0.9477776042926706
W06,2743.436,1,1,0.9477776042926706
W06,2744.436,0,0,0.3238767956838812
W06,2745.436,0,0,0.3238767956838812
W06,2746.436,0,0,0.3238767956838812
W06,2747.436,0,0,0.3238767956838812
W06,2748.436,0,0,0.3238767956838812
W06,2749.436,1,1,0.8295275429150478
W06,2750.436,1,1,0.8295275429150478
W06,2751.436,1,1,0.8295275429150478
W06,2752.436,1,1,0.8295275429150478
W06,2753.436,1,1,0.8295275429150478
W06,2754.436,1,1,0.6838648835050231
W06,2755.436,1,1,0.6838648835050231
W06,2756.436,1,1,0.6838648835050231
W06,2757.436,1,1,0.6838648835050231
W06,2758.436,1,1,0.6838648835050231
W06,2759.436,0,0,0.30644224188356106
W06,2760.436,0,0,0.30644224188356106
W06,2761.436,0,0,0.30644224188356106
W06,2762.436,0,0,0.30644224188356106
W06,2763.436,0,0,0.30644224188356106
W06,2764.436,0,1,0.5063412681979955
W06,2765.436,0,1,0.5063412681979955
W06,2766.436,0,1,0.5063412681979955
W06,2767.436,0,1,0.5063412681979955
W06,2768.436,0,1,0.5063412681979955
W06,2769.436,0,0,0.10934185745609527
W06,2770.436,0,0,0.10934185745609527
W06,2771.436,0,0,0.10934185745609527
W06,2772.436,0,0,0.10934185745609527
W06,2773.436,0,0,0.10934185745609527
W06,2774.436,0,0,0.3258068213368551
W06,2775.436,0,0,0.3258068213368551
W06,2776.436,0,0,0.3258068213368551
W06,2777.436,0,0,0.3258068213368551
W06,2778.436,0,0,0.3258068213368551
W06,2779.436,0,0,0.22988689911280918
W06,2780.436,0,0,0.22988689911280918
W06,2781.436,0,0,0.22988689911280918
W06,2782.436,0,0,0.22988689911280918
W06,2783.436,0,0,0.22988689911280918
W06,2784.436,0,0,0.2126972268895975
W06,2785.436,0,0,0.2126972268895975
W06,2786.436,0,0,0.2126972268895975
W06,2787.436,0,0,0.2126972268895975
W06,2788.436,0,0,0.19459443457149084
W06,2789.436,0,0,0.19459443457149084
W06,2790.436,0,0,0.19459443457149084
W06,2791.436,0,0,0.19459443457149084
W06,2792.436,0,0,0.19459443457149084
W06,2793.436,0,0,0.006659713069477831
W06,2794.436,0,0,0.006659713069477831
W06,2795.436,0,0,0.006659713069477831
W06,2796.436,0,0,0.006659713069477831
W06,2797.436,0,0,0.006659713069477831
W06,2798.436,0,0,0.10152320796210101
W06,2799.436,0,0,0.10152320796210101
W06,2800.436,0,0,0.10152320796210101
W06,2801.436,0,0,0.10152320796210101
W06,2802.436,0,0,0.10152320796210101
W06,2803.436,0,0,0.006654755193374056
W06,2804.436,0,0,0.006654755193374056
W06,2805.436,0,0,0.006654755193374056
W06,2806.436,0,0,0.006654755193374056
W06,2807.436,0,0,0.006654755193374056
W06,2808.436,1,0,0.461266828941668
W06,2809.436,1,0,0.461266828941668
W06,2810.436,1,0,0.461266828941668
W06,2811.436,1,0,0.461266828941668
W06,2812.436,1,0,0.461266828941668
W06,2813.436,0,0,0.4534628593467367
W06,2814.436,0,0,0.4534628593467367
W06,2815.436,0,0,0.4534628593467367
W06,2816.436,0,0,0.4534628593467367
W06,2817.436,0,0,0.4534628593467367
W06,2818.436,0,0,0.194227624152661
W06,2819.436,0,0,0.194227624152661
W06,2820.436,0,0,0.194227624152661
W06,2821.436,0,0,0.194227624152661
W06,2822.436,0,0,0.194227624152661
W06,2823.436,0,0,0.054197113207223806
W06,2824.436,0,0,0.054197113207223806
W06,2825.436,0,0,0.054197113207223806
W06,2826.436,0,0,0.054197113207223806
W06,2827.436,0,0,0.054197113207223806
W06,2828.436,1,1,0.9063865587247865
W06,2829.436,1,1,0.9063865587247865
W06,2830.436,1,1,0.9063865587247865
W06,2831.436,1,1,0.9063865587247865
W06,2832.436,1,1,0.9063865587247865
W06,2833.436,1,1,0.99999264781571
W06,2834.436,1,1,0.99999264781571
W06,2835.436,1,1,0.99999264781571
W06,2836.436,1,1,0.99999264781571
W06,2837.436,1,1,0.99999264781571
W06,2838.436,1,1,0.9998836783868171
W06,2839.436,1,1,0.9998836783868171
W06,2840.436,1,1,0.9998836783868171
W06,2841.436,1,1,0.9998836783868171
W06,2842.436,1,1,0.9998836783868171
W06,2843.436,1,1,0.9996169205537249
W06,2844.436,1,1,0.9996169205537249
W06,2845.436,1,1,0.9996169205537249
W06,2846.436,1,1,0.9996169205537249
W06,2847.436,1,1,0.9996169205537249
W06,2848.436,1,1,0.9741652868851317
W06,2849.436,1,1,0.9741652868851317
W06,2850.436,1,1,0.9741652868851317
W06,2851.436,1,1,0.9741652868851317
W06,2852.436,0,0,0.30602910612865475
W06,2853.436,0,0,0.30602910612865475
W06,2854.436,0,0,0.30602910612865475
W06,2855.436,0,0,0.30602910612865475
W06,2856.436,0,0,0.30602910612865475
W06,2857.436,0,0,0.4680525798018406
W06,2858.436,0,0,0.4680525798018406
W06,2859.436,0,0,0.4680525798018406
W06,2860.436,0,0,0.4680525798018406
W06,2861.436,0,0,0.4680525798018406
W06,2862.436,1,1,0.9921132561563062
W06,2863.436,1,1,0.9921132561563062
W06,2864.436,1,1,0.9921132561563062
W06,2865.436,1,1,0.9921132561563062
W06,2866.436,1,1,0.9921132561563062
W06,2867.436,0,0,0.3327941466463956
W06,2868.436,0,0,0.3327941466463956
W06,2869.436,0,0,0.3327941466463956
W06,2870.436,0,0,0.3327941466463956
W06,2871.436,0,0,0.3327941466463956
W06,2872.436,0,0,0.21967001108670894
W06,2873.436,0,0,0.21967001108670894
W06,2874.436,0,0,0.21967001108670894
W06,2875.436,0,0,0.21967001108670894
W06,2876.436,0,0,0.21967001108670894
W06,2877.436,1,1,0.9927026291458617
W06,2878.436,1,1,0.9927026291458617
W06,2879.436,1,1,0.9927026291458617
W06,2880.436,1,1,0.9927026291458617
W06,2881.436,1,1,0.9927026291458617
W06,2882.436,1,1,0.9964252233490364
W06,2883.436,1,1,0.9964252233490364
W06,2884.436,1,1,0.9964252233490364
W06,2885.436,1,1,0.9964252233490364
W06,2886.436,1,1,0.9964252233490364
W06,2887.436,1,1,0.9707235187274779
W06,2888.436,1,1,0.9707235187274779
W06,2889.436,1,1,0.9707235187274779
W06,2890.436,1,1,0.9707235187274779
W06,2891.436,1,1,0.9707235187274779
W06,2892.436,1,1,0.9745721868546577
W06,2893.436,1,1,0.9745721868546577
W06,2894.436,1,1,0.9745721868546577
W06,2895.436,1,1,0.9745721868546577
W06,2896.436,1,1,0.9745721868546577
W06,2897.436,1,1,0.9766717193497956
W06,2898.436,1,1,0.9766717193497956
W06,2899.436,1,1,0.9766717193497956
W06,2900.436,1,1,0.9766717193497956
W06,2901.436,1,1,0.9766717193497956
W06,2902.436,1,1,0.9975034784098594
W06,2903.436,1,1,0.9975034784098594
W06,2904.436,1,1,0.9975034784098594
W06,2905.436,1,1,0.9975034784098594
W06,2906.436,1,1,0.9975034784098594
W06,2907.436,1,1,0.9997277534752427
W06,2908.436,1,1,0.9997277534752427
W06,2909.436,1,1,0.9997277534752427
W06,2910.436,1,1,0.9997277534752427
W06,2911.436,1,1,0.9777014329759032
W06,2912.436,1,1,0.9777014329759032
W06,2913.436,1,1,0.9777014329759032
W06,2914.436,1,1,0.9777014329759032
W06,2915.436,1,1,0.9777014329759032
W06,2916.436,1,1,0.9988563804874011
W06,2917.436,1,1,0.9988563804874011
W06,2918.436,1,1,0.9988563804874011
W06,2919.436,1,1,0.9988563804874011
W06,2920.436,1,1,0.9988563804874011
W06,2921.436,1,1,0.937096512413692
W06,2922.436,1,1,0.937096512413692
W06,2923.436,1,1,0.937096512413692
W06,2924.436,1,1,0.937096512413692
W06,2925.436,1,1,0.937096512413692
W06,2926.436,1,1,0.8387507976941467
W06,2927.436,1,1,0.8387507976941467
W06,2928.436,1,1,0.8387507976941467
W06,2929.436,1,1,0.8387507976941467
W06,2930.436,1,1,0.8387507976941467
W06,2931.436,0,0,0.20055076061416338
W06,2932.436,0,0,0.20055076061416338
W06,2933.436,0,0,0.20055076061416338
W06,2934.436,0,0,0.20055076061416338
W06,2935.436,0,0,0.20055076061416338
W06,2936.436,0,0,0.12861641186847522
W06,2937.436,0,0,0.12861641186847522
W06,2938.436,0,0,0.12861641186847522
W06,2939.436,0,0,0.12861641186847522
W06,2940.436,0,0,0.12861641186847522
W06,2941.436,0,0,0.052159669278579804
W06,2942.436,0,0,0.052159669278579804
W06,2943.436,0,0,0.052159669278579804
W06,2944.436,0,0,0.052159669278579804
W06,2945.436,0,0,0.052159669278579804
W06,2946.436,0,0,0.0227401953202735
W06,2947.436,0,0,0.0227401953202735
W06,2948.436,0,0,0.0227401953202735
W06,2949.436,0,0,0.0227401953202735
W06,2950.436,0,0,0.0227401953202735
W06,2951.436,0,0,0.0227401953202735
W06,2952.436,0,0,0.008203251537883255
W06,2953.436,0,0,0.06266156997821705
W06,2954.436,0,0,0.06266156997821705
W06,2955.436,0,0,0.06266156997821705
W06,2956.436,0,0,0.06266156997821705
W06,2957.436,0,0,0.15517092766506702
W06,2958.436,0,0,0.15517092766506702
W06,2959.436,0,0,0.15517092766506702
W06,2960.436,0,0,0.15517092766506702
W06,2961.436,0,0,0.15517092766506702
W06,2962.436,0,0,0.47120025565061924
W06,2963.436,0,0,0.47120025565061924
W06,2964.436,0,0,0.47120025565061924
W06,2965.436,0,0,0.47120025565061924
W06,2966.436,0,0,0.47120025565061924
W06,2967.436,1,1,0.8278975106870076
W06,2968.436,1,1,0.8278975106870076
W06,2969.436,1,1,0.8278975106870076
W06,2970.436,1,1,0.8278975106870076
W06,2971.436,1,1,0.8278975106870076
W06,2972.436,0,0,0.04634158051651013
W06,2973.436,0,0,0.04634158051651013
W06,2974.436,0,0,0.04634158051651013
W06,2975.436,0,0,0.04634158051651013
W06,2976.436,0,0,0.04634158051651013
W06,2977.436,1,1,0.5152720117993056
W06,2978.436,1,1,0.5152720117993056
W06,2979.436,1,1,0.5152720117993056
W06,2980.436,1,1,0.5152720117993056
W06,2981.436,1,1,0.5152720117993056
W06,2982.436,1,1,0.9978278475989397
W06,2983.436,1,1,0.9978278475989397
W06,2984.436,1,1,0.9978278475989397
W06,2985.436,1,1,0.9978278475989397
W06,2986.436,1,1,0.9978278475989397
W06,2987.436,1,1,0.9991814975377933
W06,2988.436,1,1,0.9991814975377933
W06,2989.436,1,1,0.9991814975377933
W06,2990.436,1,1,0.9991814975377933
W06,2991.436,1,1,0.9991814975377933
W06,2992.436,1,1,0.9986158302089072
W06,2993.436,1,1,0.9986158302089072
W06,2994.436,1,1,0.9986158302089072
W06,2995.436,1,1,0.9986158302089072
W06,2996.436,1,1,0.9986158302089072
W06,2997.436,1,1,0.9801461651132287
W06,2998.436,1,1,0.9801461651132287
W06,2999.436,1,1,0.9801461651132287
W06,3000.436,1,1,0.9801461651132287
W06,3001.436,1,1,0.9801461651132287
W06,3002.436,1,1,0.9524124412869969
W06,3003.436,1,1,0.9524124412869969
W06,3004.436,1,1,0.9524124412869969
W06,3005.436,1,1,0.9524124412869969
W06,3006.436,1,1,0.9699251049061336
W06,3007.436,1,1,0.9699251049061336
W06,3008.436,1,1,0.9699251049061336
W06,3009.436,1,1,0.9699251049061336
W06,3010.436,1,1,0.9699251049061336
W06,3011.436,1,1,0.9688303514019317
W06,3012.436,1,1,0.9688303514019317
W06,3013.436,1,1,0.9688303514019317
W06,3014.436,1,1,0.9688303514019317
W06,3015.436,1,1,0.9688303514019317
W06,3016.436,0,0,0.11570087166140514
W06,3017.436,0,0,0.11570087166140514
W06,3018.436,0,0,0.11570087166140514
W06,3019.436,0,0,0.11570087166140514
W06,3020.436,0,0,0.11570087166140514
W06,3021.436,0,0,0.4433508609505512
W06,3022.436,0,0,0.4433508609505512
W06,3023.436,0,0,0.4433508609505512
W06,3024.436,0,0,0.4433508609505512
W06,3025.436,0,0,0.4433508609505512
W06,3026.436,0,0,0.2077769526414186
W06,3027.436,0,0,0.2077769526414186
W06,3028.436,0,0,0.2077769526414186
W06,3029.436,0,0,0.2077769526414186
W06,3030.436,0,0,0.2077769526414186
W06,3031.436,0,1,0.6683074278370309
W06,3032.436,0,1,0.6683074278370309
W06,3033.436,0,1,0.6683074278370309
W06,3034.436,0,1,0.6683074278370309
W06,3035.436,0,1,0.6683074278370309
W06,3036.436,1,1,0.99968645013285
W06,3037.436,1,1,0.99968645013285
W06,3038.436,1,1,0.99968645013285
W06,3039.436,1,1,0.99968645013285
W06,3040.436,1,1,0.99968645013285
W06,3041.436,1,1,0.9998979676121541
W06,3042.436,1,1,0.9998979676121541
W06,3043.436,1,1,0.9998979676121541
W06,3044.436,1,1,0.9998979676121541
W06,3045.436,1,1,0.9998979676121541
W06,3046.436,1,1,0.9995543492382962
W06,3047.436,1,1,0.9995543492382962
W06,3048.436,1,1,0.9995543492382962
W06,3049.436,1,1,0.9995543492382962
W06,3050.436,1,1,0.9995543492382962
W06,3051.436,1,1,0.9998887285718935
W06,3052.436,1,1,0.9998887285718935
W06,3053.436,1,1,0.9998887285718935
W06,3054.436,1,1,0.9998887285718935
W06,3055.436,0,0,0.11913648415407004
W06,3056.436,0,0,0.11913648415407004
W06,3057.436,0,0,0.11913648415407004
W06,3058.436,0,0,0.11913648415407004
W06,3059.436,0,0,0.11913648415407004
W06,3060.436,1,1,0.9831562282034794
W06,3061.436,1,1,0.9831562282034794
W06,3062.436,1,1,0.9831562282034794
W06,3063.436,1,1,0.9831562282034794
W06,3064.436,1,1,0.9831562282034794
W06,3065.436,1,1,0.9361713259782954
W06,3066.436,1,1,0.9361713259782954
W06,3067.436,1,1,0.9361713259782954
W06,3068.436,1,1,0.9361713259782954
W06,3069.436,1,1,0.9361713259782954
W06,3070.436,1,1,0.9998133258462215
W06,3071.436,1,1,0.9998133258462215
W06,3072.436,1,1,0.9998133258462215
W06,3073.436,1,1,0.9998133258462215
W06,3074.436,1,1,0.9998133258462215
W06,3075.436,0,1,0.880109845984986
W06,3076.436,0,1,0.880109845984986
W06,3077.436,0,1,0.880109845984986
W06,3078.436,0,1,0.880109845984986
W06,3079.436,0,1,0.880109845984986
W06,3080.436,1,1,0.993791347288113
W06,3081.436,1,1,0.993791347288113
W06,3082.436,1,1,0.993791347288113
W06,3083.436,1,1,0.993791347288113
W06,3084.436,1,1,0.993791347288113
W06,3085.436,1,1,0.9999520909405065
W06,3086.436,1,1,0.9999520909405065
W06,3087.436,1,1,0.9999520909405065
W06,3088.436,1,1,0.9999520909405065
W06,3089.436,1,1,0.9999520909405065
W06,3090.436,1,1,0.9999516262328798
W06,3091.436,1,1,0.9999516262328798
W06,3092.436,1,1,0.9999516262328798
W06,3093.436,1,1,0.9999516262328798
W06,3094.436,1,1,0.9999516262328798
W06,3095.436,1,1,0.9999854000788333
W06,3096.436,1,1,0.9999854000788333
W06,3097.436,1,1,0.9999854000788333
W06,3098.436,1,1,0.9999854000788333
W06,3099.436,1,1,0.9999854000788333
W06,3100.436,1,1,0.999894022791523
W06,3101.436,1,1,0.999894022791523
W06,3102.436,1,1,0.999894022791523
W06,3103.436,1,1,0.999894022791523
W06,3104.436,0,1,0.5099938459605653
W06,3105.436,0,1,0.5099938459605653
W06,3106.436,0,1,0.5099938459605653
W06,3107.436,0,1,0.5099938459605653
W06,3108.436,0,1,0.5099938459605653
W06,3109.436,0,1,0.6612921403691974
W06,3110.436,0,1,0.6612921403691974
W06,3111.436,0,1,0.6612921403691974
W06,3112.436,0,1,0.6612921403691974
W06,3113.436,0,1,0.6612921403691974
W06,3114.436,1,1,0.8759895696441178
W06,3115.436,1,1,0.8759895696441178
W06,3116.436,1,1,0.8759895696441178
W06,3117.436,1,1,0.8759895696441178
W06,3118.436,1,1,0.8759895696441178
W06,3119.436,0,0,0.0021503743914704134
W06,3120.436,0,0,0.0021503743914704134
W06,3121.436,0,0,0.0021503743914704134
W06,3122.436,0,0,0.0021503743914704134
W06,3123.436,0,0,0.0021503743914704134
W06,3124.436,0,0,0.12415204941345272
W06,3125.436,0,0,0.12415204941345272
W06,3126.436,0,0,0.12415204941345272
W06,3127.436,0,0,0.12415204941345272
W06,3128.436,0,0,0.12415204941345272
W06,3129.436,1,1,0.7337275517293779
W06,3130.436,1,1,0.7337275517293779
W06,3131.436,1,1,0.7337275517293779
W06,3132.436,1,1,0.7337275517293779
W06,3133.436,1,1,0.7337275517293779
W06,3134.436,1,0,0.4656670172921247
W06,3135.436,1,0,0.4656670172921247
W06,3136.436,1,0,0.4656670172921247
W06,3137.436,1,0,0.4656670172921247
W06,3138.436,1,0,0.4656670172921247
W06,3139.436,1,1,0.9514713879762164
W06,3140.436,1,1,0.9514713879762164
W06,3141.436,1,1,0.9514713879762164
W06,3142.436,1,1,0.9514713879762164
W06,3143.436,1,1,0.9514713879762164
W06,3144.436,1,1,0.7352031932423608
W06,3145.436,1,1,0.7352031932423608
W06,3146.436,1,1,0.7352031932423608
W06,3147.436,1,1,0.7352031932423608
W06,3148.436,0,0,0.009392730758432994
W06,3149.436,0,0,0.009392730758432994
W06,3150.436,0,0,0.009392730758432994
W06,3151.436,0,0,0.009392730758432994
W06,3152.436,0,0,0.009392730758432994
W06,3153.436,0,0,0.05612039330640616
W06,3154.436,0,0,0.05612039330640616
W06,3155.436,0,0,0.05612039330640616
W06,3156.436,0,0,0.05612039330640616
W06,3157.436,0,0,0.05612039330640616
W06,3158.436,0,0,0.04543115646005507
W06,3159.436,0,0,0.04543115646005507
W06,3160.436,0,0,0.04543115646005507
W06,3161.436,0,0,0.04543115646005507
W06,3162.436,0,0,0.04543115646005507
W06,3163.436,0,0,0.3120464920931043
W06,3164.436,0,0,0.3120464920931043
W06,3165.436,0,0,0.3120464920931043
W06,3166.436,0,0,0.3120464920931043
W06,3167.436,0,0,0.3120464920931043
W06,3168.436,0,0,0.08826639817227737
W06,3169.436,0,0,0.08826639817227737
W06,3170.436,0,0,0.08826639817227737
W06,3171.436,0,0,0.08826639817227737
W06,3172.436,0,0,0.08826639817227737
W06,3173.436,0,0,0.11029444929189522
W06,3174.436,0,0,0.11029444929189522
W06,3175.436,0,0,0.11029444929189522
W06,3176.436,0,0,0.11029444929189522
W06,3177.436,0,0,0.11029444929189522
W06,3178.436,0,0,0.214593818919522
W06,3179.436,0,0,0.214593818919522
W06,3180.436,0,0,0.214593818919522
W06,3181.436,0,0,0.214593818919522
W06,3182.436,1,1,0.5641481625587943
W06,3183.436,1,1,0.5641481625587943
W06,3184.436,1,1,0.5641481625587943
W06,3185.436,1,1,0.5641481625587943
W06,3186.436,1,1,0.5641481625587943
W06,3187.436,1,1,0.9564993221131443
W06,3188.436,1,1,0.9564993221131443
W06,3189.436,1,1,0.9564993221131443
W06,3190.436,1,1,0.9564993221131443
W06,3191.436,1,1,0.9564993221131443
W06,3192.436,1,1,0.9822291069820085
W06,3193.436,1,1,0.9822291069820085
W06,3194.436,1,1,0.9822291069820085
W06,3195.436,1,1,0.9822291069820085
W06,3196.436,1,1,0.9822291069820085
W06,3197.436,1,1,0.975306330099678
W06,3198.436,1,1,0.975306330099678
W06,3199.436,1,1,0.975306330099678
W06,3200.436,1,1,0.975306330099678
W06,3201.436,1,1,0.975306330099678
W06,3202.436,1,0,0.12431660691115781
W06,3203.436,1,0,0.12431660691115781
W06,3204.436,1,0,0.12431660691115781
W06,3205.436,1,0,0.12431660691115781
W06,3206.436,1,0,0.12431660691115781
W06,3207.436,1,0,0.008727618722735496
W06,3208.436,1,0,0.008727618722735496
W06,3209.436,1,0,0.008727618722735496
W06,3210.436,1,0,0.008727618722735496
W06,3211.436,1,0,0.008727618722735496
W06,3212.436,1,1,0.75708358194201
W06,3213.436,1,1,0.75708358194201
W06,3214.436,1,1,0.75708358194201
W06,3215.436,1,1,0.75708358194201
W06,3216.436,1,1,0.75708358194201
W06,3217.436,1,1,0.5047415647365476
W06,3218.436,1,1,0.5047415647365476
W06,3219.436,1,1,0.5047415647365476
