Well_ID	MD	TVDSS	ZONE	VSH	SW	RT	PHIT	NTG	K
W01	1632.7067	1564.0965	7	0.6756	0.265	5.835	0.1323	1	54.3924
W01	1633.7067	1565.0954	7	0.6756	0.265	5.835	0.1323	1	54.3924
W01	1634.7067	1566.0943	7	0.6756	0.265	5.835	0.1323	1	54.3924
W01	1635.7067	1567.0931	7	0.6756	0.265	5.835	0.1323	1	54.3924
W01	1636.7067	1568.092	7	0.6756	0.265	5.835	0.1323	1	54.3924
W01	1637.7067	1569.0909	7	0.7588	0.9804	5.1349	0.15	0	0.593
W01	1638.7067	1570.0897	7	0.7588	0.9804	5.1349	0.15	0	0.593
W01	1639.7067	1571.0886		0.7588	0.9804	5.1349	0.15	0	0.593
W01	1640.7067	1572.0875		0.7588	0.9804	5.1349	0.15	0	0.593
W01	1641.7067	1573.0863	7	0.742	0.9783	5.2685	0.1506	0	0.6001
W01	1642.7067	1574.0852	7	0.742	0.9783	5.2685	0.1506	0	0.6001
W01	1643.7067	1575.0841	7	0.742	0.9783	5.2685	0.1506	0	0.6001
W01	1644.7067	1576.0829	7	0.742	0.9783	5.2685	0.1506	0	0.6001
W01	1645.7067	1577.0818	7	0.7418	0.2125	5.2706	0.1698	1	148.0357
W01	1646.7067	1578.0806	7	0.7418	0.2125	5.2706	0.1698	1	148.0357
W01	1647.7067	1579.0795	7	0.7418	0.2125	5.2706	0.1698	1	148.0357
W01	1648.7067	1580.0784	7	0.7418	0.2125	5.2706	0.1698	1	148.0357
W01	1649.7067	1581.0772	7	0.7418	0.2125	5.2706	0.1698	1	148.0357
W01	1650.7067	1582.0761	7	0.7527	0.9762		0.1511	0	0.6071
W01	1651.7067	1583.0749	7	0.7527	0.9762	5.1828	0.1511	0	0.6071
W01	1652.7067	1584.0738	7	0.7527	0.9762	5.1828	0.1511	0	0.6071
W01	1653.7067	1585.0726	7	0.7527	0.9762	5.1828	0.1511	0	0.6071
W01	1654.7067	1586.0715	7	0.7469	0.9785	5.2297	0.1505	0	0.5995
W01	1655.7067	1587.0703		0.7469	0.9785	5.2297	0.1505	0	0.5995
W01	1656.7067	1588.0692	7	0.7469		5.2297	0.1505	0	0.5995
W01	1657.7067	1589.068	7	0.7469	0.9785	5.2297	0.1505	0	0.5995
W01	1658.7067	1590.0668	7	0.7345	0.8744	5.3303	0.1823	0	1.1116
W01	1659.7067	1591.0657	7	0.7345	0.8744	5.3303	0.1823	0	1.1116
W01	1660.7067	1592.0645	7	0.7345	0.8744	5.3303	0.1823	0	1.1116
W01	1661.7067	1593.0634	7	0.7345	0.8744	5.3303	0.1823	0	1.1116
W01	1662.7067	1594.0622	7	0.7345	0.8744	5.3303	0.1823	0	1.1116
W01	1663.7067	1595.061	7	0.7307	0.9291	5.3614	0.1645	0	0.7984
W01	1664.7067	1596.0599	7	0.7307	0.9291	5.3614	0.1645	0	0.7984
W01	1665.7067	1597.0587	7	0.7307	0.9291	5.3614	0.1645	0	0.7984
W01	1666.7067	1598.0575	7	0.7307	0.9291	5.3614	0.1645	0	0.7984
W01	1667.7067	1599.0564	7	0.7264	0.9303	5.3969	0.1641	0	0.7927
W01	1668.7067	1600.0552	7	0.7264	0.9303	5.3969	0.1641	0	0.7927
W01	1669.7067	1601.054	7	0.7264	0.9303	5.3969	0.1641	0	0.7927
W01	1670.7067	1602.0528	7	0.7264	0.9303	5.3969	0.1641	0	0.7927
W01	1671.7067	1603.0517	7	0.7264	0.9303	5.3969	0.1641	0	0.7927
W01	1672.7067	1604.0505	7	0.7518	0.9563	5.1904	0.1566	0	0.6807
W01	1673.7067	1605.0493	7	0.7518	0.9563	5.1904	0.1566	0	0.6807
W01	1674.7067	1606.0481	7	0.7518	0.9563	5.1904	0.1566	0	0.6807
W01	1675.7067	1607.0469	7	0.7518	0.9563	5.1904	0.1566	0	0.6807
W01	1676.7067	1608.0457	7	0.7818	1		0.1373	0	0.4449
W01	1677.7067	1609.0446	7	0.7818	1		0.1373	0	0.4449
W01	1678.7067	1610.0434	7	0.7818	1	4.9565	0.1373	0	0.4449
W01	1679.7067	1611.0422	7	0.7818	1	4.9565	0.1373	0	
W01	1680.7067	1612.041	7	0.7551	0.2569	5.1637	0.1373	1	63.0399
W01	1681.7067	1613.0398	7	0.7551	0.2569	5.1637	0.1373	1	63.0399
W01	1682.7067	1614.0386	7	0.7551		5.1637	0.1373	1	63.0399
W01	1683.7067	1615.0374	7	0.7551	0.2569	5.1637	0.1373	1	63.0399
W01	1684.7067	1616.0362	7	0.7551	0.2569	5.1637	0.1373	1	63.0399
W01	1685.7067	1617.035	7	0.774	0.2592	5.0158	0.1359	1	60.5728
W01	1686.7067	1618.0338	7	0.774	0.2592	5.0158	0.1359	1	60.5728
W01	1687.7067	1619.0326	7		0.2592	5.0158	0.1359	1	60.5728
W01	1688.7067	1620.0314	7	0.774	0.2592	5.0158		1	60.5728
W01	1689.7067	1621.0302	7	0.7458	1	5.2384	0.1383	0	0.4559
W01	1690.7067	1622.029	7	0.7458	1	5.2384	0.1383	0	0.4559
W01	1691.7067	1623.0278	7	0.7458	1	5.2384		0	0.4559
W01	1692.7067	1624.0266	7	0.7458	1	5.2384	0.1383	0	0.4559
W01	1693.7067	1625.0254	7		1	5.2384	0.1383	0	0.4559
W01	1694.7067	1626.0242	7	0.7234	0.9785	5.4214	0.1505	0	0.5994
W01	1695.7067	1627.023	7	0.7234	0.9785			0	0.5994
W01	1696.7067	1628.0218	7	0.7234	0.9785	5.4214	0.1505	0	0.5994
W01	1697.7067	1629.0206	7	0.7234	0.9785	5.4214	0.1505	0	0.5994
W01	1698.7067	1630.0194	7		0.9275	5.2022	0.165	0	0.8065
W01	1699.7067	1631.0181	7	0.7503	0.9275		0.165	0	0.8065
W01	1700.7067	1632.0169	7	0.7503	0.9275	5.2022	0.165	0	0.8065
W01	1701.7067	1633.0157	7	0.7503	0.9275	5.2022	0.165	0	0.8065
W01	1702.7067	1634.0145	7	0.7503	0.9275	5.2022	0.165	0	0.8065
W01	1703.7067	1635.0133	7	0.7482	0.3628	5.2192	0.152	1	21.4127
W01	1704.7067	1636.012	7	0.7482	0.3628	5.2192	0.152	1	21.4127
W01	1705.7067	1637.0108	7	0.7482	0.3628	5.2192	0.152	1	
W01	1706.7067	1638.0096	7	0.7482	0.3628	5.2192	0.152	1	21.4127
W01	1707.7067	1639.0084	7	0.7577	0.3623	5.1432	0.1523	1	21.5655
W01	1708.7067	1640.0071	7	0.7577	0.3623	5.1432	0.1523	1	21.5655
W01	1709.7067	1641.0059	7	0.7577	0.3623	5.1432	0.1523	1	21.5655
W01	1710.7067	1642.0047	7	0.7577	0.3623	5.1432	0.1523	1	21.5655
W01	1711.7067	1643.0034	7	0.7577	0.3623	5.1432	0.1523	1	21.5655
W01	1712.7067	1644.0022	7	0.7469	1	5.2295	0.1386	0	0.4594
W01	1713.7067	1645.001	7	0.7469	1	5.2295	0.1386	0	0.4594
W01	1714.7067	1645.9997	7	0.7469	1	5.2295	0.1386	0	0.4594
W01	1715.7067	1646.9985	7	0.7469	1	5.2295	0.1386	0	0.4594
W01	1716.7067	1647.9972	7	0.7266	1	5.3953	0.1402	0	0.476
W01	1717.7067	1648.996	7	0.7266	1		0.1402	0	0.476
W01	1718.7067	1649.9948	7	0.7266	1	5.3953	0.1402	0	0.476
W01	1719.7067	1650.9935		0.7266	1	5.3953	0.1402	0	0.476
W01	1720.7067	1651.9923	7	0.7266	1	5.3953		0	0.476
W01	1721.7067	1652.991		0.7111	0.9207	5.5252	0.1671	0	0.8402
W01	1722.7067	1653.9898	7	0.7111	0.9207	5.5252	0.1671	0	0.8402
W01	1723.7067	1654.9885	7	0.7111	0.9207	5.5252	0.1671	0	0.8402
W01	1724.7067	1655.9873	7	0.7111	0.9207	5.5252	0.1671	0	0.8402
W01	1725.7067	1656.986	7	0.7006	0.9194	5.6154	0.1675	0	0.8464
W01	1726.7067	1657.9848	7	0.7006	0.9194	5.6154	0.1675	0	
W01	1727.7067	1658.9835	7	0.7006	0.9194	5.6154		0	0.8464
W01	1728.7067	1659.9822	7	0.7006	0.9194	5.6154	0.1675	0	0.8464
W01	1729.7067	1660.981	7	0.7006	0.9194	5.6154	0.1675	0	0.8464
W01	1730.7067	1661.9797		0.6735	0.9461	5.8538	0.1595	0	
W01	1731.7067	1662.9785	7	0.6735	0.9461	5.8538	0.1595	0	0.723
W01	1732.7067	1663.9772	7	0.6735	0.9461	5.8538	0.1595	0	0.723
W01	1733.7067	1664.9759	7	0.6783	0.9413		0.1609	0	0.7438
W01	1734.7067	1665.9747	7	0.6783	0.9413	5.8112	0.1609	0	0.7438
W01	1735.7067	1666.9734	7	0.6783	0.9413	5.8112	0.1609	0	0.7438
W01	1736.7067	1667.9721	7	0.6996		5.6239	0.1754	0	0.982
W01	1737.7067	1668.9708	9	0.4593	0.5513		0.1784	1	5.8371
W01	1738.7067	1669.9696	9	0.4593	0.5513	8.1376	0.1784	1	5.8371
W01	1739.7067	1670.9683	9	0.4593	0.5513	8.1376	0.1784	1	5.8371
W01	1740.7067	1671.967	9	0.4593	0.5513	8.1376	0.1784	1	5.8371
W01	1741.7067	1672.9657	9	0.4593	0.5513	8.1376		1	
W01	1742.7067	1673.9645	9	0.4007	0.5259	8.9047	0.1901	1	7.3564
W01	1743.7067	1674.9632	9		0.5259	8.9047	0.1901	1	7.3564
W01	1744.7067	1675.9619	9	0.4007	0.5259	8.9047	0.1901	1	7.3564
W01	1745.7067	1676.9606	9	0.4007	0.5259	8.9047	0.1901	1	7.3564
W01	1746.7067	1677.9593	9	0.4007	0.5259	8.9047		1	7.3564
W01	1747.7067	1678.9581	9		0.95	8.0158	0.1584	0	0.707
W01	1748.7067	1679.9568	9	0.4691	0.95	8.0158	0.1584	0	0.707
W01	1749.7067	1680.9555	9	0.4691	0.95	8.0158	0.1584	0	0.707
W01	1750.7067	1681.9542	9	0.4691	0.95		0.1584	0	0.707
W01	1751.7067	1682.9529	9	0.4691	0.95	8.0158	0.1584	0	0.707
W01	1752.7067	1683.9516	9	0.468	0.9653	8.0295	0.1541	0	0.647
W01	1753.7067	1684.9503	9	0.468	0.9653	8.0295	0.1541	0	0.647
W01	1754.7067	1685.949	9	0.468	0.9653	8.0295	0.1541	0	0.647
W01	1755.7067	1686.9477	9	0.468	0.9653	8.0295	0.1541	0	0.647
W01	1756.7067	1687.9464	9	0.468	0.9653	8.0295	0.1541	0	0.647
W01	1757.7067	1688.9451	9	0.3499	0.186	9.6281	0.198	1	274.0736
W01	1758.7067	1689.9438	9	0.3499	0.186	9.6281	0.198	1	274.0736
W01	1759.7067	1690.9425	9	0.3499	0.186	9.6281		1	274.0736
W01	1760.7067	1691.9412		0.3499		9.6281	0.198	1	274.0736
W01	1761.7067	1692.9399	9	0.3499	0.186	9.6281	0.198	1	274.0736
W01	1762.7067	1693.9386	9	0.4467	0.5726	8.2969	0.1698	1	4.8726
W01	1763.7067	1694.9373	9	0.4467	0.5726	8.2969	0.1698	1	4.8726
W01	1764.7067	1695.936	9	0.4467	0.5726	8.2969	0.1698	1	4.8726
W01	1765.7067	1696.9347		0.4467	0.5726	8.2969	0.1698	1	4.8726
W01	1766.7067	1697.9333	9	0.4467	0.5726	8.2969	0.1698	1	4.8726
W01	1767.7067	1698.932	9	0.473	0.6986	7.9679	0.1296	1	1.8191
W01	1768.7067	1699.9307	9	0.473	0.6986	7.9679	0.1296	1	1.8191
W01	1769.7067	1700.9294	9		0.6986	7.9679	0.1296	1	1.8191
W01	1770.7067	1701.9281	9	0.473	0.6986	7.9679	0.1296	1	
W01	1771.7067	1702.9268	9	0.473	0.6986	7.9679	0.1296	1	1.8191
W01	1772.7067	1703.9254	9	0.4526		8.2211	0.1373	0	0.445
W01	1773.7067	1704.9241	9	0.4526	1		0.1373	0	0.445
W01	1774.7067	1705.9228	9	0.4526	1	8.2211	0.1373	0	0.445
W01	1775.7067	1706.9214	9	0.4526	1	8.2211	0.1373	0	0.445
W01	1776.7067	1707.9201	9	0.4526	1	8.2211	0.1373	0	0.445
W01	1777.7067	1708.9188	9	0.5594	1	6.9761	0.1329	0	0.4006
W01	1778.7067	1709.9175	9		1	6.9761	0.1329	0	0.4006
W01	1779.7067	1710.9161	9	0.5594	1	6.9761	0.1329	0	0.4006
W01	1780.7067	1711.9148	9	0.5594	1	6.9761	0.1329	0	0.4006
W01	1781.7067	1712.9135	9	0.5594	1	6.9761	0.1329	0	0.4006
W01	1782.7067	1713.9121	9	0.621	0.9761	6.3466	0.1512	0	0.6082
W01	1783.7067	1714.9108	9	0.621	0.9761	6.3466	0.1512	0	
W01	1784.7067	1715.9094	9	0.621	0.9761	6.3466	0.1512	0	0.6082
W01	1785.7067	1716.9081	9	0.621	0.9761	6.3466	0.1512	0	0.6082
W01	1786.7067	1717.9067	9	0.621	0.9761	6.3466	0.1512	0	0.6082
W01	1787.7067	1718.9054	9	0.6501	1	6.0687	0.1357	0	0.4286
W01	1788.7067	1719.9041	9	0.6501	1	6.0687	0.1357	0	0.4286
W01	1789.7067	1720.9027	9	0.6501	1	6.0687	0.1357	0	0.4286
W01	1790.7067	1721.9014	9	0.6501	1	6.0687	0.1357	0	0.4286
W01	1791.7067	1722.9	9	0.6501	1	6.0687	0.1357	0	0.4286
W01	1792.7067	1723.8987	9	0.6857	1	5.7455	0.1344	0	
W01	1793.7067	1724.8973	9	0.6857	1	5.7455		0	
W01	1794.7067	1725.8959	9	0.6857	1	5.7455	0.1344	0	0.4152
W01	1795.7067	1726.8946	9	0.6857	1	5.7455		0	0.4152
W01	1796.7067	1727.8932	9	0.6857		5.7455	0.1344	0	0.4152
W01	1797.7067	1728.8919	9	0.6329	1	6.2307	0.1372	0	0.4443
W01	1798.7067	1729.8905	9	0.6329	1	6.2307	0.1372	0	0.4443
W01	1799.7067	1730.8891	9	0.6329	1	6.2307	0.1372	0	0.4443
W01	1800.7067	1731.8878	9	0.6329	1	6.2307	0.1372	0	0.4443
W01	1801.7067	1732.8864	9	0.6329	1	6.2307	0.1372	0	0.4443
W01	1802.7067	1733.885	9	0.6291	1		0.1383	0	0.4561
W01	1803.7067	1734.8837	9	0.6291	1	6.2679	0.1383	0	0.4561
W01	1804.7067	1735.8823	9	0.6291	1	6.2679	0.1383	0	0.4561
W01	1805.7067	1736.8809	9	0.6291	1	6.2679	0.1383	0	0.4561
W01	1806.7067	1737.8796	9	0.6291	1	6.2679	0.1383	0	0.4561
W01	1807.7067	1738.8782	9		1	6.3044	0.1296	0	
W01	1808.7067	1739.8768	9	0.6253	1	6.3044	0.1296	0	0.3694
W01	1809.7067	1740.8754	9	0.6253	1	6.3044	0.1296	0	0.3694
W01	1810.7067	1741.874	9	0.6253		6.3044	0.1296	0	0.3694
W01	1811.7067	1742.8727	9	0.6253	1	6.3044	0.1296	0	0.3694
W01	1812.7067	1743.8713	9	0.5907	0.6927	6.6484	0.1313	1	1.9085
W01	1813.7067	1744.8699	9	0.5907	0.6927	6.6484	0.1313	1	1.9085
W01	1814.7067	1745.8685	9	0.5907	0.6927	6.6484	0.1313	1	1.9085
W01	1815.7067	1746.8671	9	0.5907	0.6927	6.6484	0.1313	1	1.9085
W01	1816.7067	1747.8657	10	0.6246	1	6.3109	0.1262	0	0.339
W01	1817.7067	1748.8643	10	0.6246	1	6.3109	0.1262	0	0.339
W01	1818.7067	1749.8629	10	0.6246	1	6.3109	0.1262	0	0.339
W01	1819.7067	1750.8615	10	0.6246	1	6.3109		0	0.339
W01	1820.7067	1751.8602	10		1	6.3109	0.1262	0	0.339
W01	1821.7067	1752.8588	10	0.6274	1	6.2836	0.1224	0	0.3069
W01	1822.7067	1753.8574	10	0.6274	1	6.2836	0.1224	0	0.3069
W01	1823.7067	1754.856	10	0.6274	1	6.2836	0.1224	0	0.3069
W01	1824.7067	1755.8546	10	0.6274	1	6.2836	0.1224	0	0.3069
W01	1825.7067	1756.8532	10	0.6274	1	6.2836		0	0.3069
W01	1826.7067	1757.8517	10	0.6274	1	6.2836	0.1224	0	0.3069
W01	1827.7067	1758.8503	10	0.6302	1	6.2572	0.1201	0	0.2892
W01	1828.7067	1759.8489	10	0.6302	1		0.1201	0	0.2892
W01	1829.7067	1760.8475	10	0.6302	1	6.2572	0.1201	0	0.2892
W01	1830.7067	1761.8461	10		1	6.2572	0.1201	0	0.2892
W01	1831.7067	1762.8447	10	0.6302	1		0.1201	0	0.2892
W01	1832.7067	1763.8433	10	0.6579	1		0.1256	0	0.3343
W01	1833.7067	1764.8419	10	0.6579	1	5.9964	0.1256	0	
W01	1834.7067	1765.8405	10	0.6579	1	5.9964	0.1256	0	0.3343
W01	1835.7067	1766.839	10	0.6579	1	5.9964	0.1256	0	0.3343
W01	1836.7067	1767.8376	10	0.6579	1	5.9964	0.1256	0	0.3343
W01	1837.7067	1768.8362	10	0.6848	1	5.7534	0.1317	0	0.3893
W01	1838.7067	1769.8348	10	0.6848	1	5.7534	0.1317	0	0.3893
W01	1839.7067	1770.8333	10	0.6848	1	5.7534	0.1317	0	0.3893
W01	1840.7067	1771.8319	10	0.6848	1	5.7534	0.1317	0	0.3893
W01	1841.7067	1772.8305	10	0.6848	1	5.7534	0.1317	0	0.3893
W01	1842.7067	1773.8291	10	0.6975	1		0.1308	0	0.381
W01	1843.7067	1774.8276	10	0.6975	1		0.1308	0	0.381
W01	1844.7067	1775.8262	10	0.6975	1	5.6423	0.1308	0	
W01	1845.7067	1776.8248	10	0.6975	1		0.1308	0	0.381
W01	1846.7067	1777.8233	10	0.6975	1	5.6423	0.1308	0	0.381
W01	1847.7067	1778.8219	10	0.6905	1	5.7029	0.1432	0	0.5096
W01	1848.7067	1779.8204	10	0.6905	1	5.7029	0.1432	0	0.5096
W01	1849.7067	1780.819	10	0.6905	1	5.7029	0.1432	0	0.5096
W01	1850.7067	1781.8176	10	0.6905	1	5.7029	0.1432	0	0.5096
W01	1851.7067	1782.8161	10	0.6905	1	5.7029	0.1432	0	0.5096
W01	1852.7067	1783.8147	10	0.6878	0.9775	5.7271	0.1509	0	0.6041
W01	1853.7067	1784.8132	10	0.6878	0.9775	5.7271	0.1509	0	0.6041
W01	1854.7067	1785.8118	10	0.6878	0.9775	5.7271	0.1509	0	0.6041
W01	1855.7067	1786.8103	10	0.6878	0.9775	5.7271	0.1509	0	0.6041
W01	1856.7067	1787.8089	10	0.6878	0.9775	5.7271	0.1509	0	0.6041
W01	1857.7067	1788.8074	10	0.6792	0.598		0.1608	1	3.9954
W01	1858.7067	1789.806	10	0.6792	0.598	5.8028	0.1608	1	3.9954
W01	1859.7067	1790.8045	10	0.6792	0.598	5.8028	0.1608	1	3.9954
W01	1860.7067	1791.8031	10	0.6792	0.598	5.8028	0.1608	1	3.9954
W01	1861.7067	1792.8016	10	0.6792	0.598	5.8028	0.1608	1	3.9954
W01	1862.7067	1793.8001	10	0.6929	0.3289		0.1723	1	
W01	1863.7067	1794.7987	10	0.6929	0.3289	5.6817	0.1723	1	34.7966
W01	1864.7067	1795.7972	10	0.6929	0.3289	5.6817	0.1723	1	34.7966
W01	1865.7067	1796.7958	10	0.6929	0.3289	5.6817		1	34.7966
W01	1866.7067	1797.7943	10	0.6929	0.3289	5.6817	0.1723	1	34.7966
W01	1867.7067	1798.7928	10	0.6694	0.3403	5.891	0.1655	1	29.7662
W01	1868.7067	1799.7913	10	0.6694	0.3403	5.891	0.1655	1	29.7662
W01	1869.7067	1800.7899	10	0.6694	0.3403	5.891	0.1655	1	29.7662
W01	1870.7067	1801.7884	10	0.6694	0.3403	5.891	0.1655	1	29.7662
W01	1871.7067	1802.7869	10		0.3403	5.891	0.1655	1	29.7662
W01	1872.7067	1803.7854	10	0.6469	0.568	6.0988	0.1725	1	5.1678
W01	1873.7067	1804.784	10		0.568	6.0988	0.1725	1	5.1678
W01	1874.7067	1805.7825		0.6469	0.568	6.0988	0.1725	1	5.1678
W01	1875.7067	1806.781		0.6469	0.568	6.0988	0.1725	1	5.1678
W01	1876.7067	1807.7795	10	0.6469	0.568	6.0988		1	5.1678
W01	1877.7067	1808.778	10	0.6365	0.944	6.1968	0.1604	0	0.7353
W01	1878.7067	1809.7766	10	0.6365	0.944	6.1968	0.1604	0	0.7353
W01	1879.7067	1810.7751	10	0.6365	0.944	6.1968	0.1604	0	0.7353
W01	1880.7067	1811.7736	10	0.6365	0.944	6.1968	0.1604	0	0.7353
W01	1881.7067	1812.7721	10	0.6365	0.944	6.1968	0.1604	0	0.7353
W01	1882.7067	1813.7706	10	0.5346	0.8552	7.2479	0.19	0	1.2715
W01	1883.7067	1814.7691	10	0.5346	0.8552	7.2479		0	
W01	1884.7067	1815.7676	10	0.5346	0.8552	7.2479	0.19	0	1.2715
W01	1885.7067	1816.7661	10	0.5346	0.8552	7.2479	0.19	0	1.2715
W01	1886.7067	1817.7646	10	0.5346	0.8552	7.2479	0.19	0	1.2715
W01	1887.7067	1818.7631	10	0.3598	0.2501	9.482	0.2388	1	123.8949
W01	1888.7067	1819.7616	10	0.3598	0.2501	9.482	0.2388	1	123.8949
W01	1889.7067	1820.7601	10	0.3598	0.2501	9.482	0.2388	1	123.8949
W01	1890.7067	1821.7586	10	0.2975	0.2505	10.436		1	123.139
W01	1891.7067	1822.7571	10	0.2975	0.2505	10.436	0.2384	1	123.139
W01	1892.7067	1823.7556	11	0.3079	0.2835	10.2697	0.206	1	69.7529
W01	1893.7067	1824.7541	11	0.3079	0.2835	10.2697	0.206	1	69.7529
W01	1894.7067	1825.7526	11	0.3079	0.2835	10.2697	0.206	1	69.7529
W01	1895.7067	1826.7511	11		0.2835	10.2697	0.206	1	69.7529
W01	1896.7067	1827.7495	11	0.3079	0.2835	10.2697	0.206	1	69.7529
W01	1897.7067	1828.748	11	0.3687	0.5193	9.3533	0.1949	1	8.0607
W01	1898.7067	1829.7465	11	0.3687	0.5193	9.3533	0.1949	1	8.0607
W01	1899.7067	1830.745	11	0.3687	0.5193	9.3533	0.1949	1	8.0607
W01	1900.7067	1831.7435	11	0.3687	0.5193	9.3533	0.1949	1	8.0607
W01	1901.7067	1832.7419	11	0.3687	0.5193	9.3533	0.1949	1	8.0607
W01	1902.7067	1833.7404	11	0.3621	0.5045	9.4491	0.2027	1	9.2949
W01	1903.7067	1834.7389	11	0.3621	0.5045	9.4491	0.2027	1	9.2949
W01	1904.7067	1835.7374	11	0.3621	0.5045	9.4491	0.2027	1	9.2949
W01	1905.7067	1836.7358	11	0.3621	0.5045	9.4491	0.2027	1	9.2949
W01	1906.7067	1837.7343	11	0.3621	0.5045	9.4491	0.2027	1	9.2949
W01	1907.7067	1838.7328	11	0.3919	0.2281	9.0264	0.1588	1	113.1857
W01	1908.7067	1839.7312	11	0.3919	0.2281	9.0264	0.1588	1	113.1857
W01	1909.7067	1840.7297	11	0.3919	0.2281	9.0264	0.1588	1	113.1857
W01	1910.7067	1841.7282	11	0.3919		9.0264	0.1588	1	113.1857
W01	1911.7067	1842.7266	11	0.3919	0.2281	9.0264	0.1588	1	113.1857
W01	1912.7067	1843.7251	11	0.3919	0.2281	9.0264	0.1588	1	
W01	1913.7067	1844.7235	11	0.4666	1	8.0462	0.136	0	0.4323
W01	1914.7067	1845.722	11	0.4666	1	8.0462	0.136	0	0.4323
W01	1915.7067	1846.7205		0.4666	1	8.0462	0.136	0	0.4323
W01	1916.7067	1847.7189	11	0.4666	1		0.136	0	0.4323
W01	1917.7067	1848.7174	11	0.4666	1	8.0462	0.136	0	0.4323
W01	1918.7067	1849.7158	11	0.4968	1	7.6813	0.1271	0	0.347
W01	1919.7067	1850.7143	11	0.4968	1	7.6813	0.1271	0	0.347
W01	1920.7067	1851.7127	11	0.4968	1	7.6813	0.1271	0	0.347
W01	1921.7067	1852.7112	11	0.4968	1		0.1271	0	0.347
W01	1922.7067	1853.7096	11	0.4968	1	7.6813	0.1271	0	0.347
W01	1923.7067	1854.708	11	0.5326	1	7.2699	0.1361	0	0.4324
W01	1924.7067	1855.7065	11	0.5326	1	7.2699	0.1361	0	0.4324
W01	1925.7067	1856.7049	11	0.5326	1	7.2699	0.1361	0	0.4324
W01	1926.7067	1857.7034	11		1	7.2699	0.1361	0	0.4324
W01	1927.7067	1858.7018	11	0.5326	1	7.2699	0.1361	0	0.4324
W01	1928.7067	1859.7002		0.5627	0.6546	6.9413	0.1427	1	2.5826
W01	1929.7067	1860.6987	11	0.5627	0.6546	6.9413	0.1427	1	2.5826
W01	1930.7067	1861.6971	11		0.6546	6.9413	0.1427	1	2.5826
W01	1931.7067	1862.6955		0.5627	0.6546	6.9413	0.1427	1	2.5826
W01	1932.7067	1863.6939	11	0.5627	0.6546	6.9413	0.1427	1	2.5826
W01	1933.7067	1864.6924	11	0.5529	0.9809	7.0462	0.1501	0	0.5932
W01	1934.7067	1865.6908	11	0.5529	0.9809		0.1501	0	0.5932
W01	1935.7067	1866.6892	11	0.5529	0.9809	7.0462	0.1501	0	0.5932
W01	1936.7067	1867.6876	11		0.9809	7.0462	0.1501	0	0.5932
W01	1937.7067	1868.6861	11	0.5529	0.9809		0.1501	0	0.5932
W01	1938.7067	1869.6845	11	0.5537	1	7.0377	0.1389	0	0.4619
W01	1939.7067	1870.6829	11	0.5537	1	7.0377	0.1389	0	0.4619
W01	1940.7067	1871.6813	11	0.5537	1	7.0377	0.1389	0	0.4619
W01	1941.7067	1872.6797	11	0.5537	1	7.0377	0.1389	0	0.4619
W01	1942.7067	1873.6781	11	0.5537	1	7.0377	0.1389	0	0.4619
W01	1943.7067	1874.6765	11	0.5224	1	7.3853	0.1374	0	0.4459
W01	1944.7067	1875.6749	11	0.5224	1	7.3853	0.1374	0	0.4459
W01	1945.7067	1876.6734	11	0.5224	1	7.3853	0.1374	0	0.4459
W01	1946.7067	1877.6718	11	0.5224	1	7.3853	0.1374	0	0.4459
W01	1947.7067	1878.6702	11	0.5224	1	7.3853	0.1374	0	0.4459
W01	1948.7067	1879.6686	11		1	8.2354	0.1402	0	0.4767
W01	1949.7067	1880.667	11	0.4515	1	8.2354	0.1402	0	0.4767
W01	1950.7067	1881.6654	11	0.4515	1	8.2354	0.1402	0	0.4767
W01	1951.7067	1882.6638		0.4515	1	8.2354	0.1402	0	0.4767
W01	1952.7067	1883.6621	11	0.4515	1	8.2354	0.1402	0	0.4767
W01	1953.7067	1884.6605	11	0.5444	0.9606	7.1396	0.1557	0	
W01	1954.7067	1885.6589	11	0.5444	0.9606	7.1396	0.1557	0	0.6684
W01	1955.7067	1886.6573	11	0.5444	0.9606	7.1396	0.1557	0	0.6684
W01	1956.7067	1887.6557	11	0.5444	0.9606	7.1396	0.1557	0	0.6684
W01	1957.7067	1888.6541	11	0.5444	0.9606	7.1396	0.1557	0	0.6684
W01	1958.7067	1889.6525	11	0.5209	1	7.4018	0.1418	0	0.4939
W01	1959.7067	1890.6509	11	0.5209	1	7.4018	0.1418	0	0.4939
W01	1960.7067	1891.6492	11	0.5209	1	7.4018	0.1418	0	0.4939
W01	1961.7067	1892.6476	11	0.5209	1	7.4018	0.1418	0	0.4939
W01	1962.7067	1893.646		0.5209	1	7.4018	0.1418	0	0.4939
W01	1963.7067	1894.6444	11	0.4777	1	7.9104	0.1393	0	
W01	1964.7067	1895.6428	11		1	7.9104	0.1393	0	0.4669
W01	1965.7067	1896.6411	11	0.4777	1	7.9104	0.1393	0	0.4669
W01	1966.7067	1897.6395	11	0.4777	1	7.9104		0	0.4669
W01	1967.7067	1898.6379	11	0.4777	1	7.9104	0.1393	0	0.4669
W01	1968.7067	1899.6362		0.4362	0.9921	8.4318	0.1471	0	0.556
W01	1969.7067	1900.6346	11	0.4362	0.9921	8.4318	0.1471	0	0.556
W01	1970.7067	1901.633	11	0.4362	0.9921	8.4318	0.1471	0	0.556
W01	1971.7067	1902.6313	11	0.4362	0.9921	8.4318	0.1471	0	0.556
W01	1972.7067	1903.6297		0.4362	0.9921	8.4318	0.1471	0	0.556
W01	1973.7067	1904.6281		0.4272	1		0.1359	0	0.431
W01	1974.7067	1905.6264	11	0.4272	1	8.549	0.1359	0	0.431
W01	1975.7067	1906.6248	11	0.4272	1	8.549	0.1359	0	0.431
W01	1976.7067	1907.6231	11	0.4272	1	8.549	0.1359	0	0.431
W01	1977.7067	1908.6215	11	0.4272	1	8.549	0.1359	0	0.431
W01	1978.7067	1909.6198	11	0.4	0.5988	8.9134	0.1619	1	4.0936
W01	1979.7067	1910.6182	11	0.4	0.5988	8.9134	0.1619	1	4.0936
W01	1980.7067	1911.6165	11	0.4	0.5988	8.9134	0.1619	1	4.0936
W01	1981.7067	1912.6149	11	0.4	0.5988	8.9134	0.1619	1	4.0936
W01	1982.7067	1913.6132		0.4	0.5988	8.9134	0.1619	1	4.0936
W01	1983.7067	1914.6116	11	0.4896	1	7.767	0.1441	0	0.5207
W01	1984.7067	1915.6099	11	0.4896			0.1441	0	0.5207
W01	1985.7067	1916.6082		0.4896	1	7.767	0.1441	0	0.5207
W01	1986.7067	1917.6066	11	0.4896	1	7.767	0.1441	0	0.5207
W01	1987.7067	1918.6049	11	0.4896	1	7.767	0.1441	0	0.5207
W01	1988.7067	1919.6033	11	0.5463	1	7.1188	0.1286	0	0.3608
W01	1989.7067	1920.6016	11	0.5463	1	7.1188	0.1286	0	0.3608
W01	1990.7067	1921.5999	11	0.5463		7.1188	0.1286	0	0.3608
W01	1991.7067	1922.5983	11	0.5463	1	7.1188	0.1286	0	0.3608
W01	1992.7067	1923.5966	11	0.5463	1	7.1188	0.1286	0	0.3608
W01	1993.7067	1924.5949	11	0.502	1	7.6197	0.1363	0	0.4347
W01	1994.7067	1925.5932	11	0.502	1	7.6197	0.1363	0	0.4347
W01	1995.7067	1926.5916	11	0.502	1	7.6197	0.1363	0	0.4347
W01	1996.7067	1927.5899	11	0.502		7.6197	0.1363	0	0.4347
W01	1997.7067	1928.5882	11	0.502	1	7.6197	0.1363	0	0.4347
W01	1998.7067	1929.5865	11	0.4747		7.9475	0.1353	0	0.4249
W01	1999.7067	1930.5848	11	0.4747	1	7.9475	0.1353	0	0.4249
W01	2000.7067	1931.5831	11	0.4747	1	7.9475	0.1353	0	0.4249
W01	2001.7067	1932.5815	11	0.4747	1	7.9475	0.1353	0	0.4249
W01	2002.7067	1933.5798	11	0.4747	1	7.9475		0	0.4249
W01	2003.7067	1934.5781	11	0.5076	1	7.5544	0.1291	0	0.3648
W01	2004.7067	1935.5764	11	0.5076	1	7.5544	0.1291	0	0.3648
W01	2005.7067	1936.5747	11	0.5076	1	7.5544	0.1291	0	0.3648
W01	2006.7067	1937.573	11	0.5076	1	7.5544	0.1291	0	
W01	2007.7067	1938.5713	11	0.5076	1	7.5544	0.1291	0	0.3648
W01	2008.7067	1939.5696	11	0.5173	1	7.4434	0.1377	0	0.4497
W01	2009.7067	1940.5679	11	0.5173	1	7.4434	0.1377	0	0.4497
W01	2010.7067	1941.5662	11	0.5173	1	7.4434	0.1377	0	0.4497
W01	2011.7067	1942.5645	11	0.5173	1		0.1377	0	0.4497
W01	2012.7067	1943.5628	11	0.5173	1	7.4434	0.1377	0	0.4497
W01	2013.7067	1944.5611	11	0.4922	1	7.7358	0.1202	0	0.2896
W01	2014.7067	1945.5594	11		1	7.7358	0.1202	0	0.2896
W01	2015.7067	1946.5577	11	0.4922	1		0.1202	0	0.2896
W01	2016.7067	1947.556	11	0.4922	1	7.7358		0	0.2896
W01	2017.7067	1948.5542	11	0.4922	1	7.7358	0.1202	0	0.2896
W01	2018.7067	1949.5525	11	0.4113	1	8.7604	0.1239	0	0.3195
W01	2019.7067	1950.5508	11	0.4113	1	8.7604	0.1239	0	0.3195
W01	2020.7067	1951.5491	11	0.4113	1	8.7604	0.1239	0	0.3195
W01	2021.7067	1952.5474	11	0.4113	1	8.7604	0.1239	0	0.3195
W01	2022.7067	1953.5456	11	0.4113	1	8.7604	0.1239	0	0.3195
W01	2023.7067	1954.5439	11	0.4975	0.6065	7.673	0.1596	1	3.8843
W01	2024.7067	1955.5422	11	0.4975	0.6065	7.673	0.1596	1	3.8843
W01	2025.7067	1956.5405	11	0.4975	0.6065	7.673	0.1596	1	3.8843
W01	2026.7067	1957.5387	11	0.4975	0.6065	7.673	0.1596	1	3.8843
W01	2027.7067	1958.537	11	0.4975	0.6065	7.673	0.1596	1	3.8843
W01	2028.7067	1959.5353	11	0.5773	1	6.7874	0.1312	0	0.385
W01	2029.7067	1960.5335	11	0.5773	1	6.7874	0.1312	0	0.385
W01	2030.7067	1961.5318	11	0.5773	1	6.7874	0.1312	0	0.385
W01	2031.7067	1962.5301	11	0.5773	1	6.7874	0.1312	0	0.385
W01	2032.7067	1963.5283	11	0.5773	1		0.1312	0	0.385
W01	2033.7067	1964.5266	11	0.59	1	6.6565	0.1254	0	0.3327
W01	2034.7067	1965.5248		0.59	1	6.6565	0.1254	0	
W01	2035.7067	1966.5231	11	0.59	1	6.6565	0.1254	0	0.3327
W01	2036.7067	1967.5213	11	0.59		6.6565	0.1254	0	0.3327
W01	2037.7067	1968.5196	11	0.59	1	6.6565	0.1254	0	
W01	2038.7067	1969.5179	11	0.5416	1	7.1698	0.1111	0	0.2248
W01	2039.7067	1970.5161	11	0.5416	1	7.1698	0.1111	0	0.2248
W01	2040.7067	1971.5143	11	0.5416	1	7.1698	0.1111	0	
W01	2041.7067	1972.5126	11	0.5416	1	7.1698	0.1111	0	0.2248
W01	2042.7067	1973.5108	11	0.5416	1	7.1698	0.1111	0	
W01	2043.7067	1974.5091	11	0.5263	1	7.3403		0	0.3074
W01	2044.7067	1975.5073	11	0.5263	1	7.3403	0.1224	0	0.3074
W01	2045.7067	1976.5056	11	0.5263	1	7.3403		0	0.3074
W01	2046.7067	1977.5038	11	0.5263	1	7.3403	0.1224	0	0.3074
W01	2047.7067	1978.502	11	0.5263	1	7.3403	0.1224	0	0.3074
W01	2048.7067	1979.5003	11	0.5263	1	7.3403		0	0.3074
W01	2049.7067	1980.4985	11	0.5197	1	7.4158	0.121	0	0.2964
W01	2050.7067	1981.4967	11	0.5197	1	7.4158	0.121	0	
W01	2051.7067	1982.4949	11	0.5197	1	7.4158	0.121	0	0.2964
W01	2052.7067	1983.4932	11	0.5197	1	7.4158	0.121	0	0.2964
W01	2053.7067	1984.4914	11	0.5197	1	7.4158	0.121	0	0.2964
W01	2054.7067	1985.4896	11	0.5402	1	7.1852	0.1103	0	0.2198
W01	2055.7067	1986.4878	11	0.5402	1	7.1852	0.1103	0	0.2198
W01	2056.7067	1987.4861		0.5402	1	7.1852	0.1103	0	0.2198
W01	2057.7067	1988.4843	11	0.5402		7.1852	0.1103	0	0.2198
W01	2058.7067	1989.4825	11	0.5402	1	7.1852	0.1103	0	0.2198
W01	2059.7067	1990.4807	11	0.4761	1	7.9296	0.1208	0	0.2947
W01	2060.7067	1991.4789	11	0.4761	1	7.9296	0.1208	0	0.2947
W01	2061.7067	1992.4771	11	0.4761	1	7.9296	0.1208	0	0.2947
W01	2062.7067	1993.4753	11	0.4761	1	7.9296	0.1208	0	0.2947
W01	2063.7067	1994.4735	11	0.4761	1	7.9296	0.1208	0	0.2947
W01	2064.7067	1995.4718	11	0.4718	1	7.982	0.1187	0	0.2784
W01	2065.7067	1996.47	11	0.4718	1	7.982	0.1187	0	0.2784
W01	2066.7067	1997.4682	11	0.4718	1	7.982	0.1187	0	0.2784
W01	2067.7067	1998.4664	11	0.4718	1	7.982	0.1187	0	0.2784
W01	2068.7067	1999.4646	11	0.4718	1	7.982		0	0.2784
W01	2069.7067	2000.4628	11			8.0421	0.1281	0	0.3559
W01	2070.7067	2001.4609	11	0.467	1	8.0421	0.1281	0	0.3559
W01	2071.7067	2002.4591	11	0.467	1	8.0421	0.1281	0	0.3559
W01	2072.7067	2003.4573	11	0.467	1	8.0421	0.1281	0	0.3559
W01	2073.7067	2004.4555	11	0.467	1	8.0421	0.1281	0	0.3559
W01	2074.7067	2005.4537	11	0.4612	1	8.1141	0.1294	0	0.3677
W01	2075.7067	2006.4519	11	0.4612		8.1141	0.1294	0	0.3677
W01	2076.7067	2007.4501	11	0.4612	1	8.1141	0.1294	0	0.3677
W01	2077.7067	2008.4483	11	0.4612	1		0.1294	0	0.3677
W01	2078.7067	2009.4464	11		1	8.1141	0.1294	0	0.3677
W01	2079.7067	2010.4446	11	0.4801	1	7.8808	0.1034	0	0.1784
W01	2080.7067	2011.4428	11	0.4801	1	7.8808	0.1034	0	0.1784
W01	2081.7067	2012.441	11	0.4801	1	7.8808	0.1034	0	0.1784
W01	2082.7067	2013.4391	11	0.4801	1	7.8808	0.1034	0	0.1784
W01	2083.7067	2014.4373	11	0.4801	1	7.8808	0.1034	0	0.1784
W01	2084.7067	2015.4355	11	0.4599	1	8.1295	0.1175	0	0.2696
W01	2085.7067	2016.4337	11		1	8.1295	0.1175	0	
W01	2086.7067	2017.4318	11	0.4599	1	8.1295	0.1175	0	0.2696
W01	2087.7067	2018.43	11	0.4599	1	8.1295	0.1175	0	0.2696
W01	2088.7067	2019.4282	11	0.4599	1	8.1295	0.1175	0	0.2696
W01	2089.7067	2020.4263	11	0.4842	1	7.8318	0.1298	0	0.3716
W01	2090.7067	2021.4245	11	0.4842	1	7.8318	0.1298	0	0.3716
W01	2091.7067	2022.4226	11	0.4842	1	7.8318	0.1298	0	0.3716
W01	2092.7067	2023.4208	11	0.4842	1	7.8318	0.1298	0	0.3716
W01	2093.7067	2024.4189	11	0.4842	1	7.8318	0.1298	0	0.3716
W01	2094.7067	2025.4171	11	0.4841	1	7.8329	0.1302	0	0.3747
W01	2095.7067	2026.4152	11		1	7.8329	0.1302	0	0.3747
W01	2096.7067	2027.4134	11	0.4841	1	7.8329	0.1302	0	0.3747
W01	2097.7067	2028.4115	11	0.4841	1	7.8329	0.1302	0	0.3747
W01	2098.7067	2029.4097	11	0.4841	1	7.8329	0.1302	0	0.3747
W01	2099.7067	2030.4078	11	0.4639	1	8.0795		0	
W01	2100.7067	2031.406	11	0.4639	1	8.0795	0.1269	0	0.345
W01	2101.7067	2032.4041	11	0.4639	1	8.0795	0.1269	0	0.345
W01	2102.7067	2033.4023	11	0.4639	1	8.0795	0.1269	0	0.345
W01	2103.7067	2034.4004	11	0.4639	1	8.0795	0.1269	0	0.345
W01	2104.7067	2035.3985	11	0.4002	0.987	8.9116	0.1485	0	0.5737
W01	2105.7067	2036.3967	11		0.987	8.9116	0.1485	0	0.5737
W01	2106.7067	2037.3948	11	0.4002	0.987	8.9116	0.1485	0	0.5737
W01	2107.7067	2038.3929	11	0.4002	0.987	8.9116	0.1485	0	0.5737
W01	2108.7067	2039.391	11	0.4002	0.987	8.9116	0.1485	0	0.5737
W01	2109.7067	2040.3892	11	0.3505	0.9863	9.6191	0.1487	0	0.576
W01	2110.7067	2041.3873	11	0.3505		9.6191	0.1487	0	
W01	2111.7067	2042.3854	11	0.3505	0.9863	9.6191	0.1487	0	0.576
W01	2112.7067	2043.3835	11	0.3505	0.9863	9.6191	0.1487	0	0.576
W01	2113.7067	2044.3817	11	0.3505	0.9863	9.6191	0.1487	0	0.576
W01	2114.7067	2045.3798	11	0.5607	0.9833	6.9629	0.1495	0	0.5865
W01	2115.7067	2046.3779	11	0.5607	0.9833	6.9629	0.1495	0	0.5865
W01	2116.7067	2047.376	11	0.5607	0.9833	6.9629	0.1495	0	0.5865
W01	2117.7067	2048.3741	11	0.5607	0.9833	6.9629	0.1495	0	0.5865
W01	2118.7067	2049.3722	11	0.5607	0.9833	6.9629	0.1495	0	0.5865
W01	2119.7067	2050.3703	11	0.7029	0.5737	5.5952		1	5.2792
W01	2120.7067	2051.3684		0.7029	0.5737	5.5952	0.1735	1	5.2792
W01	2121.7067	2052.3666	11	0.7029	0.5737	5.5952	0.1735	1	5.2792
W01	2122.7067	2053.3647	11	0.7029	0.5737	5.5952	0.1735	1	5.2792
W01	2123.7067	2054.3628	11	0.7029	0.5737	5.5952	0.1735	1	5.2792
W01	2124.7067	2055.3609	11	0.5168	0.5734	7.4489	0.1737	1	5.301
W01	2125.7067	2056.359	11	0.5168	0.5734	7.4489	0.1737	1	5.301
W01	2126.7067	2057.357	11	0.5168	0.5734	7.4489	0.1737	1	5.301
W01	2127.7067	2058.3551	11	0.5168	0.5734	7.4489	0.1737	1	5.301
W01	2128.7067	2059.3532	11	0.5168	0.5734	7.4489	0.1737	1	5.301
W01	2129.7067	2060.3513	11	0.4512	0.9624	8.2393	0.1555	0	0.666
W01	2130.7067	2061.3494	11	0.4512	0.9624	8.2393	0.1555	0	0.666
W01	2131.7067	2062.3475		0.4512	0.9624		0.1555	0	0.666
W01	2132.7067	2063.3456	11	0.4512	0.9624	8.2393	0.1555	0	0.666
W01	2133.7067	2064.3437	11	0.4512	0.9624	8.2393	0.1555	0	0.666
W01	2134.7067	2065.3418	11	0.4811	0.9945	7.869	0.1465	0	0.5489
W01	2135.7067	2066.3398	11	0.4811	0.9945	7.869	0.1465	0	0.5489
W01	2136.7067	2067.3379	11	0.4811	0.9945	7.869	0.1465	0	0.5489
W01	2137.7067	2068.336	11	0.4811	0.9945	7.869	0.1465	0	0.5489
W01	2138.7067	2069.3341	11	0.4811	0.9945	7.869	0.1465	0	0.5489
W01	2139.7067	2070.3321	11	0.5405	0.9723	7.1818	0.1527	0	0.6275
W01	2140.7067	2071.3302	11	0.5405	0.9723	7.1818	0.1527	0	0.6275
W01	2141.7067	2072.3283	11	0.5405	0.9723	7.1818	0.1527	0	0.6275
W01	2142.7067	2073.3263	11	0.5405	0.9723	7.1818	0.1527	0	0.6275
W01	2143.7067	2074.3244	11	0.5405	0.9723	7.1818	0.1527	0	0.6275
W01	2144.7067	2075.3225	11		0.9876	6.9977	0.1484	0	0.5721
W01	2145.7067	2076.3205	11	0.5574		6.9977	0.1484	0	0.5721
W01	2146.7067	2077.3186	11	0.5574	0.9876	6.9977	0.1484	0	0.5721
W01	2147.7067	2078.3166	11	0.5574	0.9876	6.9977	0.1484	0	0.5721
W01	2148.7067	2079.3147	11	0.5574	0.9876	6.9977	0.1484	0	0.5721
W01	2149.7067	2080.3128	11	0.5477	1	7.1029	0.1409	0	0.4837
W01	2150.7067	2081.3108	11	0.5477	1	7.1029	0.1409	0	0.4837
W01	2151.7067	2082.3089	11	0.5477	1		0.1409	0	0.4837
W01	2152.7067	2083.3069	11	0.5477	1	7.1029	0.1409	0	0.4837
W01	2153.7067	2084.305	11	0.5477	1	7.1029	0.1409	0	0.4837
W01	2154.7067	2085.303		0.4821	0.9673	7.8571	0.1542	0	0.6471
W01	2155.7067	2086.301	11	0.4821	0.9673	7.8571	0.1542	0	0.6471
W01	2156.7067	2087.2991	11	0.4821	0.9673	7.8571	0.1542	0	0.6471
W01	2157.7067	2088.2971		0.4821	0.9673	7.8571	0.1542	0	0.6471
W01	2158.7067	2089.2952	11	0.4821	0.9673	7.8571	0.1542	0	0.6471
W01	2159.7067	2090.2932	11	0.4913	1	7.7463	0.1332	0	0.4039
W01	2160.7067	2091.2912	11	0.4913	1	7.7463	0.1332	0	0.4039
W01	2161.7067	2092.2893	11	0.4913	1	7.7463	0.1332	0	0.4039
W01	2162.7067	2093.2873	11	0.4913	1	7.7463	0.1332	0	0.4039
W01	2163.7067	2094.2853	11	0.4913	1	7.7463	0.1332	0	0.4039
W01	2164.7067	2095.2834	11	0.4913	1	7.7463	0.1332	0	0.4039
W01	2165.7067	2096.2814	11	0.5055	1	7.579	0.143	0	0.5074
W01	2166.7067	2097.2794	11	0.5055	1	7.579	0.143	0	0.5074
W01	2167.7067	2098.2774	11	0.5055	1	7.579	0.143	0	0.5074
W01	2168.7067	2099.2754	11	0.5055	1	7.579	0.143	0	0.5074
W01	2169.7067	2100.2735	11	0.5055	1	7.579	0.143	0	0.5074
W01	2170.7067	2101.2715	11	0.532	0.9373	7.2763	0.1633	0	0.7793
W01	2171.7067	2102.2695	11	0.532	0.9373	7.2763	0.1633	0	0.7793
W01	2172.7067	2103.2675	11	0.532	0.9373	7.2763	0.1633	0	0.7793
W01	2173.7067	2104.2655	11	0.532	0.9373	7.2763	0.1633	0	0.7793
W01	2174.7067	2105.2635	11	0.532	0.9373	7.2763		0	0.7793
W01	2175.7067	2106.2615	11	0.5789	0.971	6.7701	0.1531	0	0.6331
W01	2176.7067	2107.2595	11	0.5789	0.971	6.7701	0.1531	0	0.6331
W01	2177.7067	2108.2575	11	0.5789	0.971	6.7701	0.1531	0	0.6331
W01	2178.7067	2109.2555	11	0.5789		6.7701	0.1531	0	0.6331
W01	2179.7067	2110.2535	11	0.5789	0.971	6.7701	0.1531	0	0.6331
W01	2180.7067	2111.2515	11	0.597	1	6.5843		0	0.402
W01	2181.7067	2112.2495	11	0.597	1	6.5843	0.133	0	0.402
W01	2182.7067	2113.2475	11	0.597	1	6.5843	0.133	0	0.402
W01	2183.7067	2114.2455	11	0.597	1	6.5843	0.133	0	0.402
W01	2184.7067	2115.2435	11	0.597	1	6.5843	0.133	0	0.402
W01	2185.7067	2116.2415	11	0.5583	0.9658	6.9883	0.1546	0	0.6538
W01	2186.7067	2117.2395	11	0.5583	0.9658	6.9883	0.1546	0	0.6538
W01	2187.7067	2118.2375	11	0.5583	0.9658	6.9883	0.1546	0	0.6538
W01	2188.7067	2119.2355	11	0.5583		6.9883	0.1546	0	0.6538
W01	2189.7067	2120.2334	11	0.5583	0.9658	6.9883	0.1546	0	0.6538
W01	2190.7067	2121.2314	11	0.5405	0.5945	7.1817		1	4.5292
W01	2191.7067	2122.2294	11	0.5405	0.5945	7.1817	0.1664	1	4.5292
W01	2192.7067	2123.2274	11	0.5405	0.5945	7.1817	0.1664	1	4.5292
W01	2193.7067	2124.2254	11	0.5405	0.5945	7.1817	0.1664	1	4.5292
W01	2194.7067	2125.2233	12	0.286	0.3149	10.6213	0.1876	1	48.4825
W01	2195.7067	2126.2213	12	0.286	0.3149	10.6213		1	48.4825
W01	2196.7067	2127.2193	12	0.286	0.3149	10.6213	0.1876	1	48.4825
W01	2197.7067	2128.2172	12	0.286	0.3149	10.6213	0.1876	1	48.4825
W01	2198.7067	2129.2152	12	0.286	0.3149	10.6213	0.1876	1	48.4825
W01	2199.7067	2130.2132	12	0.1888	0.2827		0.2135	1	80.1209
W01	2200.7067	2131.2111	12	0.1888	0.2827	14.4929	0.2135	1	80.1209
W01	2201.7067	2132.2091	12	0.1888	0.2827	14.4929	0.2135	1	
W01	2202.7067	2133.207	12	0.1888	0.2827	14.4929	0.2135	1	80.1209
W01	2203.7067	2134.205	12	0.1888	0.2827	14.4929	0.2135	1	80.1209
W01	2204.7067	2135.2029	12	0.0795	0.161	41.7055	0.2426	1	618.9391
W01	2205.7067	2136.2009	12	0.0795	0.161	41.7055		1	618.9391
W01	2206.7067	2137.1988	12	0.0795	0.161	41.7055	0.2426	1	618.9391
W01	2207.7067	2138.1968	12	0.0795	0.161	41.7055	0.2426	1	618.9391
W01	2208.7067	2139.1947	12	0.0795	0.161	41.7055	0.2426	1	618.9391
W01	2209.7067	2140.1927	12	0.1102	0.1704	30.984	0.2278	1	480.7839
W01	2210.7067	2141.1906	12	0.1102	0.1704	30.984	0.2278	1	480.7839
W01	2211.7067	2142.1886	12	0.1102	0.1704	30.984	0.2278	1	480.7839
W01	2212.7067	2143.1865	12	0.1102	0.1704	30.984	0.2278	1	480.7839
W01	2213.7067	2144.1844	12	0.1102	0.1704		0.2278	1	480.7839
W01	2214.7067	2145.1824	12	0.0479	0.1665	56.6225	0.234	1	535.2305
W01	2215.7067	2146.1803	12	0.0479	0.1665	56.6225	0.234	1	535.2305
W01	2216.7067	2147.1782	12	0.0479	0.1665	56.6225	0.234	1	535.2305
W01	2217.7067	2148.1762		0.0479	0.1665	56.6225	0.234	1	535.2305
W01	2218.7067	2149.1741	12	0.0479	0.1665	56.6225	0.234	1	535.2305
W01	2219.7067	2150.172	12	0.0667	0.2757		0.2206	1	91.0127
W01	2220.7067	2151.1699	12	0.0667		47.218	0.2206	1	91.0127
W01	2221.7067	2152.1679	12	0.0667	0.2757	47.218	0.2206	1	91.0127
W01	2222.7067	2153.1658	12	0.0667	0.2757	47.218	0.2206	1	91.0127
W01	2223.7067	2154.1637	12	0.0667		47.218	0.2206	1	91.0127
W01	2224.7067	2155.1616	12	0.0667	0.2757	47.218	0.2206	1	91.0127
W01	2225.7067	2156.1595	12	0.1206	0.2765	28.0249	0.22	1	90.137
W01	2226.7067	2157.1575	12	0.1206	0.2765	28.0249	0.22	1	90.137
W01	2227.7067	2158.1554	12	0.1206	0.2765	28.0249	0.22	1	90.137
W01	2228.7067	2159.1533	12	0.1206	0.2765	28.0249	0.22	1	90.137
W01	2229.7067	2160.1512	12		0.2765	28.0249	0.22	1	90.137
W01	2230.7067	2161.1491	12	0.1385	0.1695	23.5736	0.23	1	499.371
W01	2231.7067	2162.147	12	0.1385	0.1695	23.5736	0.23	1	499.371
W01	2232.7067	2163.1449	12	0.1385	0.1695	23.5736		1	499.371
W01	2233.7067	2164.1428	12	0.1385	0.1695	23.5736	0.23	1	499.371
W01	2234.7067	2165.1407	12	0.1385	0.1695	23.5736	0.23	1	499.371
W01	2235.7067	2166.1386	12	0.1266	0.2763	26.4455		1	90.9968
W01	2236.7067	2167.1365	12	0.1266	0.2763	26.4455	0.2206	1	90.9968
W01	2237.7067	2168.1344	12	0.1266	0.2763		0.2206	1	90.9968
W01	2238.7067	2169.1323	12	0.1266	0.2763	26.4455	0.2206	1	90.9968
W01	2239.7067	2170.1301	12	0.1266	0.2763	26.4455	0.2206	1	90.9968
W01	2240.7067	2171.128	12	0.1001	0.169	34.1807	0.231	1	508.3086
W01	2241.7067	2172.1259	12	0.1001	0.169	34.1807		1	
W01	2242.7067	2173.1238	12	0.1001	0.169	34.1807	0.231	1	508.3086
W01	2243.7067	2174.1217	12	0.1001	0.169	34.1807	0.231	1	508.3086
W01	2244.7067	2175.1196	12	0.1001	0.169	34.1807	0.231	1	508.3086
W01	2245.7067	2176.1174	12		0.1639	29.2408	0.2393	1	586.1682
W01	2246.7067	2177.1153	12		0.1639	29.2408		1	586.1682
W01	2247.7067	2178.1132	12	0.1162	0.1639	29.2408	0.2393	1	586.1682
W01	2248.7067	2179.1111	12	0.1162	0.1639	29.2408	0.2393	1	586.1682
W01	2249.7067	2180.1089	12		0.1639	29.2408	0.2393	1	586.1682
W01	2250.7067	2181.1068	12	0.1747	0.2806	16.6056	0.2171	1	85.5187
W01	2251.7067	2182.1047	12	0.1747	0.2806	16.6056	0.2171	1	85.5187
W01	2252.7067	2183.1025	12	0.1747	0.2806	16.6056	0.2171	1	85.5187
W01	2253.7067	2184.1004	12	0.1747	0.2806	16.6056	0.2171	1	85.5187
W01	2254.7067	2185.0982	12	0.1747	0.2806	16.6056	0.2171	1	85.5187
W01	2255.7067	2186.0961	12	0.1161	0.2703	29.2853	0.2272	1	102.0001
W01	2256.7067	2187.094	12	0.1161	0.2703	29.2853	0.2272	1	102.0001
W01	2257.7067	2188.0918	12	0.1161	0.2703	29.2853	0.2272	1	102.0001
W01	2258.7067	2189.0897	12	0.1161	0.2703	29.2853	0.2272	1	102.0001
W01	2259.7067	2190.0875	12	0.1161		29.2853	0.2272	1	
W01	2260.7067	2191.0854	12	0.1703	0.2875	17.3291	0.2112	1	76.8859
W01	2261.7067	2192.0832	12	0.1703	0.2875	17.3291	0.2112	1	76.8859
W01	2262.7067	2193.0811	12	0.1703	0.2875		0.2112	1	76.8859
W01	2263.7067	2194.0789	12	0.1703	0.2875	17.3291	0.2112	1	76.8859
W01	2264.7067	2195.0767	12	0.1703	0.2875	17.3291	0.2112	1	
W01	2265.7067	2196.0746	12	0.1703	0.2875	17.3291	0.2112	1	76.8859
W01	2266.7067	2197.0724		0.2176	0.2783	11.7994	0.2198	1	89.6892
W01	2267.7067	2198.0702	12	0.2176	0.2783	11.7994	0.2198	1	89.6892
W01	2268.7067	2199.0681	12	0.2176	0.2783	11.7994	0.2198	1	89.6892
W01	2269.7067	2200.0659	12	0.2176	0.2783	11.7994	0.2198	1	89.6892
W01	2270.7067	2201.0637	12	0.2176	0.2783	11.7994		1	89.6892
W01	2271.7067	2202.0616	12	0.4399	1	8.3833	0.1404	0	0.4781
W01	2272.7067	2203.0594	12	0.4399	1	8.3833	0.1404	0	0.4781
W01	2273.7067	2204.0572	12	0.4399	1	8.3833	0.1404	0	0.4781
W01	2274.7067	2205.055	12	0.4399		8.3833	0.1404	0	0.4781
W01	2275.7067	2206.0529	12	0.4399	1	8.3833	0.1404	0	0.4781
W01	2276.7067	2207.0507	12		0.96	8.8192	0.1567	0	0.6822
W01	2277.7067	2208.0485	12		0.96	8.8192	0.1567	0	0.6822
W01	2278.7067	2209.0463	12	0.407	0.96	8.8192	0.1567	0	0.6822
W01	2279.7067	2210.0441	12	0.407	0.96	8.8192	0.1567	0	0.6822
W01	2280.7067	2211.0419	12	0.407	0.96	8.8192	0.1567	0	0.6822
W01	2281.7067	2212.0397	12	0.4333	0.6084		0.1631	1	4.2067
W01	2282.7067	2213.0375	12	0.4333	0.6084	8.4694	0.1631	1	4.2067
W01	2283.7067	2214.0353	12	0.4333	0.6084	8.4694	0.1631	1	4.2067
W01	2284.7067	2215.0331	12		0.6084	8.4694	0.1631	1	4.2067
W01	2285.7067	2216.0309	12	0.4333	0.6084	8.4694	0.1631	1	4.2067
W01	2286.7067	2217.0287		0.3693	0.6412	9.3449	0.1516	1	3.2223
W01	2287.7067	2218.0265	12	0.3693	0.6412	9.3449	0.1516	1	3.2223
W01	2288.7067	2219.0243	12	0.3693	0.6412	9.3449	0.1516	1	
W01	2289.7067	2220.0221	12		0.6412	9.3449		1	3.2223
W01	2290.7067	2221.0199	12	0.3693	0.6412	9.3449	0.1516	1	3.2223
W01	2291.7067	2222.0177	12	0.4962	1	7.6888	0.1392	0	0.4658
W01	2292.7067	2223.0155	12	0.4962	1	7.6888	0.1392	0	0.4658
W01	2293.7067	2224.0133	12	0.4962	1	7.6888	0.1392	0	0.4658
W01	2294.7067	2225.0111	12	0.4962		7.6888	0.1392	0	0.4658
W01	2295.7067	2226.0088	12	0.4962	1		0.1392	0	0.4658
W01	2296.7067	2227.0066	12		1	7.8861	0.1337	0	0.4084
W01	2297.7067	2228.0044	12	0.4797	1	7.8861	0.1337	0	0.4084
W01	2298.7067	2229.0022	12		1	7.8861		0	0.4084
W01	2299.7067	2230	12	0.4797	1	7.8861	0.1337	0	0.4084
W01	2300.7067	2230.9977	12	0.4797		7.8861		0	0.4084
W01	2301.7067	2231.9955	12	0.4797	1	7.8861	0.1337	0	0.4084
W01	2302.7067	2232.9933	12	0.3056	0.6566	10.3063	0.1469	1	2.8744
W01	2303.7067	2233.991	12	0.3056	0.6566	10.3063	0.1469	1	2.8744
W01	2304.7067	2234.9888	12	0.3056	0.6566	10.3063	0.1469	1	2.8744
W01	2305.7067	2235.9866	12	0.3056	0.6566	10.3063	0.1469	1	2.8744
W01	2306.7067	2236.9843	12	0.3056	0.6566	10.3063	0.1469	1	2.8744
W01	2307.7067	2237.9821	12	0.4498	0.6103	8.2564	0.163	1	4.1971
W01	2308.7067	2238.9798	12	0.4498	0.6103	8.2564	0.163	1	4.1971
W01	2309.7067	2239.9776		0.4498	0.6103	8.2564	0.163	1	4.1971
W01	2310.7067	2240.9753	12	0.4498	0.6103	8.2564	0.163	1	4.1971
W01	2311.7067	2241.9731	12	0.4498	0.6103	8.2564	0.163	1	4.1971
W01	2312.7067	2242.9708	12	0.4894	0.5777	7.7697		1	5.5653
W01	2313.7067	2243.9686	12		0.5777	7.7697	0.1761	1	5.5653
W01	2314.7067	2244.9663	12	0.4894	0.5777	7.7697	0.1761	1	5.5653
W01	2315.7067	2245.9641	12	0.4894	0.5777	7.7697	0.1761	1	5.5653
W01	2316.7067	2246.9618	12	0.4894	0.5777	7.7697	0.1761	1	5.5653
W01	2317.7067	2247.9595	12	0.2998	0.5714	10.3991	0.1789	1	5.9002
W01	2318.7067	2248.9573	12	0.2998	0.5714	10.3991	0.1789	1	5.9002
W01	2319.7067	2249.955	12	0.2998	0.5714	10.3991	0.1789	1	5.9002
W01	2320.7067	2250.9527	12	0.2998	0.5714	10.3991	0.1789	1	5.9002
W01	2321.7067	2251.9505	12		0.5714		0.1789	1	5.9002
W01	2322.7067	2252.9482	12	0.3034		10.341	0.1835	1	44.5067
W01	2323.7067	2253.9459	12	0.3034	0.3263	10.341	0.1835	1	44.5067
W01	2324.7067	2254.9437	12	0.3034	0.3263	10.341	0.1835	1	44.5067
W01	2325.7067	2255.9414	12	0.3034	0.3263	10.341	0.1835	1	44.5067
W01	2326.7067	2256.9391	12	0.3034	0.3263	10.341	0.1835	1	44.5067
W01	2327.7067	2257.9368	12	0.246	0.2834	11.2955	0.2175	1	86.0981
W01	2328.7067	2258.9345	12	0.246	0.2834	11.2955		1	86.0981
W01	2329.7067	2259.9323	12	0.246	0.2834	11.2955		1	86.0981
W01	2330.7067	2260.93	12	0.246	0.2834	11.2955	0.2175	1	86.0981
W01	2331.7067	2261.9277	12	0.246	0.2834	11.2955	0.2175	1	86.0981
W01	2332.7067	2262.9254	12		0.3095	11.3867	0.1959	1	57.3954
W01	2333.7067	2263.9231	12	0.2408	0.3095	11.3867	0.1959	1	57.3954
W01	2334.7067	2264.9208	12	0.2408	0.3095	11.3867	0.1959	1	57.3954
W01	2335.7067	2265.9185	12	0.2408	0.3095	11.3867	0.1959	1	57.3954
W01	2336.7067	2266.9162	12	0.2408	0.3095	11.3867		1	57.3954
W01	2337.7067	2267.9139	12	0.1984	0.2762	13.2057	0.2247	1	97.7914
W01	2338.7067	2268.9116	12	0.1984	0.2762	13.2057	0.2247	1	97.7914
W01	2339.7067	2269.9093	12	0.1984	0.2762	13.2057		1	97.7914
W01	2340.7067	2270.907		0.1984	0.2762	13.2057	0.2247	1	97.7914
W01	2341.7067	2271.9047	12	0.1984	0.2762	13.2057	0.2247	1	97.7914
W01	2342.7067	2272.9024	12	0.1984	0.2762	13.2057	0.2247	1	97.7914
W01	2343.7067	2273.9001	12	0.2475		11.2697	0.2093	1	74.2491
W01	2344.7067	2274.8977	12	0.2475	0.2934	11.2697	0.2093	1	74.2491
W01	2345.7067	2275.8954	12		0.2934	11.2697	0.2093	1	74.2491
W01	2346.7067	2276.8931	12	0.2475	0.2934	11.2697	0.2093	1	74.2491
W01	2347.7067	2277.8908		0.2475	0.2934	11.2697		1	74.2491
W01	2348.7067	2278.8885	12	0.3503	0.5773	9.6226	0.1774	1	5.7152
W01	2349.7067	2279.8861	12	0.3503	0.5773	9.6226	0.1774	1	5.7152
W01	2350.7067	2280.8838	12	0.3503	0.5773	9.6226	0.1774	1	5.7152
W01	2351.7067	2281.8815	12	0.3503	0.5773	9.6226	0.1774	1	5.7152
W01	2352.7067	2282.8792	12	0.3503	0.5773	9.6226	0.1774	1	5.7152
W01	2353.7067	2283.8768	12	0.3763	0.553	9.2445	0.1885	1	7.1311
W01	2354.7067	2284.8745	12	0.3763	0.553	9.2445	0.1885	1	7.1311
W01	2355.7067	2285.8722	12	0.3763		9.2445	0.1885	1	7.1311
W01	2356.7067	2286.8698	12	0.3763	0.553	9.2445	0.1885	1	7.1311
W01	2357.7067	2287.8675	12	0.3763	0.553	9.2445	0.1885	1	7.1311
W01	2358.7067	2288.8651	12	0.4527	0.6178	8.2201	0.1616	1	4.0654
W01	2359.7067	2289.8628	12	0.4527	0.6178	8.2201	0.1616	1	4.0654
W01	2360.7067	2290.8604	12	0.4527	0.6178	8.2201	0.1616	1	4.0654
W01	2361.7067	2291.8581	12	0.4527	0.6178	8.2201	0.1616	1	4.0654
W01	2362.7067	2292.8557	12	0.4527	0.6178	8.2201	0.1616	1	4.0654
W01	2363.7067	2293.8534	12	0.5694	1	6.8701	0.1357	0	0.4292
W01	2364.7067	2294.851	12	0.5694	1	6.8701	0.1357	0	
W01	2365.7067	2295.8487	12	0.5694	1	6.8701		0	0.4292
W01	2366.7067	2296.8463	12	0.5694	1	6.8701	0.1357	0	0.4292
W01	2367.7067	2297.844	12	0.5694	1	6.8701	0.1357	0	0.4292
W01	2368.7067	2298.8416	12	0.4182	0.5842	8.6681	0.1751	1	5.4554
W01	2369.7067	2299.8392	12	0.4182	0.5842	8.6681	0.1751	1	5.4554
W01	2370.7067	2300.8369	12	0.4182	0.5842	8.6681	0.1751	1	5.4554
W01	2371.7067	2301.8345	12	0.4182	0.5842	8.6681	0.1751	1	5.4554
W01	2372.7067	2302.8321	12	0.4182	0.5842	8.6681	0.1751	1	5.4554
W01	2373.7067	2303.8298	12		0.9284	8.0834	0.1676	0	0.8481
W01	2374.7067	2304.8274	12	0.4636	0.9284	8.0834	0.1676	0	0.8481
W01	2375.7067	2305.825	12	0.4636	0.9284	8.0834	0.1676	0	0.8481
W01	2376.7067	2306.8226	12	0.4636	0.9284	8.0834	0.1676	0	0.8481
W01	2377.7067	2307.8203	12	0.4636	0.9284	8.0834	0.1676	0	0.8481
W01	2378.7067	2308.8179	12	0.4352	0.5954	8.4442	0.1709	1	4.9871
W01	2379.7067	2309.8155	12	0.4352	0.5954	8.4442	0.1709	1	4.9871
W01	2380.7067	2310.8131	12	0.4352	0.5954	8.4442	0.1709	1	4.9871
W01	2381.7067	2311.8107	12	0.4352	0.5954	8.4442	0.1709	1	4.9871
W01	2382.7067	2312.8083	12	0.4352	0.5954	8.4442	0.1709	1	4.9871
W01	2383.7067	2313.8059	12	0.4352	0.5954	8.4442	0.1709	1	4.9871
W01	2384.7067	2314.8035	12	0.4524	0.9193	8.2243		0	
W01	2385.7067	2315.8011	12	0.4524	0.9193	8.2243	0.1709	0	0.9035
W01	2386.7067	2316.7987	12	0.4524	0.9193	8.2243	0.1709	0	0.9035
W01	2387.7067	2317.7963	12	0.4524	0.9193	8.2243	0.1709	0	0.9035
W01	2388.7067	2318.7939			0.9193	8.2243	0.1709	0	0.9035
W01	2389.7067	2319.7915	12	0.4796			0.1597	0	0.7248
W01	2390.7067	2320.7891	12	0.4796	0.9525	7.8868	0.1597	0	0.7248
W01	2391.7067	2321.7867	12	0.4796	0.9525	7.8868	0.1597	0	0.7248
W01	2392.7067	2322.7843	12	0.4796	0.9525		0.1597	0	0.7248
W01	2393.7067	2323.7819	12	0.4796	0.9525	7.8868	0.1597	0	0.7248
W01	2394.7067	2324.7795	12	0.3214	0.643	10.0591	0.1537	1	3.3902
W01	2395.7067	2325.7771	12	0.3214	0.643	10.0591	0.1537	1	3.3902
W01	2396.7067	2326.7747	12			10.0591		1	3.3902
W01	2397.7067	2327.7722	12	0.3214	0.643	10.0591	0.1537	1	3.3902
W01	2398.7067	2328.7698	12	0.3214		10.0591	0.1537	1	3.3902
W01	2399.7067	2329.7674	12	0.1481	0.2995	21.4794	0.207	1	71.0192
W01	2400.7067	2330.765	12	0.1481	0.2995	21.4794		1	71.0192
W01	2401.7067	2331.7625	12	0.1481	0.2995	21.4794	0.207	1	71.0192
W01	2402.7067	2332.7601	12	0.1481	0.2995	21.4794	0.207	1	
W01	2403.7067	2333.7577	12	0.1481	0.2995	21.4794	0.207	1	71.0192
W01	2404.7067	2334.7552	12	0.1165	0.2975	29.1497	0.2089	1	73.6516
W01	2405.7067	2335.7528	12	0.1165	0.2975	29.1497	0.2089	1	73.6516
W01	2406.7067	2336.7504	12	0.1165	0.2975	29.1497	0.2089	1	73.6516
W01	2407.7067	2337.7479	12	0.1165	0.2975	29.1497	0.2089	1	73.6516
W01	2408.7067	2338.7455	12	0.1165	0.2975	29.1497	0.2089	1	73.6516
W01	2409.7067	2339.743	12	0.2709	0.5831	10.8713	0.1772	1	
W01	2410.7067	2340.7406	12	0.2709	0.5831	10.8713		1	5.6913
W01	2411.7067	2341.7382	12	0.2709	0.5831	10.8713	0.1772	1	5.6913
W01	2412.7067	2342.7357	12	0.2709	0.5831	10.8713	0.1772	1	5.6913
W01	2413.7067	2343.7333	12	0.2709	0.5831	10.8713	0.1772	1	5.6913
W01	2414.7067	2344.7308	12	0.391	0.6315	9.0381	0.1584	1	
W01	2415.7067	2345.7284	12	0.391	0.6315		0.1584	1	3.7843
W01	2416.7067	2346.726	12	0.391	0.6315	9.0381	0.1584	1	
W01	2417.7067	2347.7235	12	0.391	0.6315	9.0381	0.1584	1	
W01	2418.7067	2348.7211	12	0.391	0.6315	9.0381	0.1584	1	3.7843
W01	2419.7067	2349.7186	12	0.391	0.6315	9.0381	0.1584	1	3.7843
W01	2420.7067	2350.7162	12	0.424	0.67	8.5906	0.1456	1	2.7845
W01	2421.7067	2351.7137	12	0.424	0.67	8.5906	0.1456	1	2.7845
W01	2422.7067	2352.7113	12	0.424	0.67	8.5906	0.1456	1	2.7845
W01	2423.7067	2353.7089	12	0.424	0.67	8.5906	0.1456	1	2.7845
W01	2424.7067	2354.7064		0.424	0.67	8.5906		1	2.7845
W01	2425.7067	2355.704	12	0.5019	1	7.6219	0.1413	0	0.4883
W01	2426.7067	2356.7015	12	0.5019		7.6219	0.1413	0	0.4883
W01	2427.7067	2357.6991	12	0.5019	1	7.6219	0.1413	0	0.4883
W01	2428.7067	2358.6966	12	0.5019	1	7.6219	0.1413	0	0.4883
W01	2429.7067	2359.6942	12	0.5019	1	7.6219	0.1413	0	0.4883
W01	2430.7067	2360.6917	12	0.584	1	6.7175	0.1333	0	0.4045
W01	2431.7067	2361.6893	12	0.584	1	6.7175	0.1333	0	0.4045
W01	2432.7067	2362.6868	12	0.584	1	6.7175	0.1333	0	0.4045
W01	2433.7067	2363.6844	12	0.584	1	6.7175	0.1333	0	0.4045
W01	2434.7067	2364.6819	12		1	6.7175	0.1333	0	0.4045
W01	2435.7067	2365.6794	12	0.5286	1	7.3152	0.1276	0	0.3516
W01	2436.7067	2366.677	12	0.5286	1	7.3152	0.1276	0	0.3516
W01	2437.7067	2367.6745	12	0.5286	1	7.3152	0.1276	0	0.3516
W01	2438.7067	2368.6721	12	0.5286	1	7.3152	0.1276	0	0.3516
W01	2439.7067	2369.6696	12	0.5286	1	7.3152	0.1276	0	0.3516
W01	2440.7067	2370.6672	12	0.561	1	6.959	0.1396	0	0.4698
W01	2441.7067	2371.6647	12	0.561	1	6.959	0.1396	0	0.4698
W01	2442.7067	2372.6623	12	0.561	1	6.959		0	0.4698
W01	2443.7067	2373.6598	12	0.561	1	6.959	0.1396	0	0.4698
W01	2444.7067	2374.6573	12	0.561	1	6.959	0.1396	0	
W01	2445.7067	2375.6549	12	0.5993	1	6.5617	0.1156	0	0.2553
W01	2446.7067	2376.6524	12	0.5993	1	6.5617	0.1156	0	0.2553
W01	2447.7067	2377.65	12	0.5993	1	6.5617	0.1156	0	0.2553
W01	2448.7067	2378.6475	12	0.5993		6.5617	0.1156	0	0.2553
W01	2449.7067	2379.645	12	0.5993	1	6.5617	0.1156	0	0.2553
W01	2450.7067	2380.6426	12	0.4837	1	7.8376		0	0.4094
W01	2451.7067	2381.6401	12	0.4837	1	7.8376	0.1338	0	0.4094
W01	2452.7067	2382.6377	12	0.4837	1	7.8376	0.1338	0	0.4094
W01	2453.7067	2383.6352	12	0.4837	1		0.1338	0	0.4094
W01	2454.7067	2384.6327	12		1	7.8376	0.1338	0	0.4094
W01	2455.7067	2385.6303	12	0.4837	1	7.8376	0.1338	0	0.4094
W01	2456.7067	2386.6278	12	0.377	0.9896		0.1482	0	0.5697
W01	2457.7067	2387.6253	12	0.377	0.9896	9.2344	0.1482	0	0.5697
W01	2458.7067	2388.6229	12	0.377	0.9896	9.2344	0.1482	0	0.5697
W01	2459.7067	2389.6204	12	0.377	0.9896	9.2344	0.1482	0	0.5697
W01	2460.7067	2390.6179	12	0.377	0.9896	9.2344	0.1482	0	
W01	2461.7067	2391.6155	12	0.4535	0.971	8.2095	0.1541	0	0.6469
W01	2462.7067	2392.613	12	0.4535	0.971	8.2095	0.1541	0	0.6469
W01	2463.7067	2393.6105	12	0.4535	0.971	8.2095	0.1541	0	0.6469
W01	2464.7067	2394.6081	12	0.4535	0.971	8.2095	0.1541	0	
W01	2465.7067	2395.6056	12	0.4535	0.971	8.2095	0.1541	0	0.6469
W01	2466.7067	2396.6031	12	0.4198	0.9736	8.6466	0.1533	0	0.636
W01	2467.7067	2397.6006	12	0.4198	0.9736	8.6466	0.1533	0	0.636
W01	2468.7067	2398.5982	12	0.4198	0.9736	8.6466	0.1533	0	0.636
W01	2469.7067	2399.5957	12	0.4198	0.9738	8.6466		0	0.636
W01	2470.7067	2400.5932	12	0.4198	0.9738	8.6466	0.1533	0	0.636
W01	2471.7067	2401.5907	12	0.5047	1		0.1434	0	0.5122
W01	2472.7067	2402.5883	12	0.5047	1	7.5892	0.1434	0	
W01	2473.7067	2403.5858	12	0.5047	1	7.5892	0.1434	0	0.5122
W01	2474.7067	2404.5833	12	0.5047	1	7.5892	0.1434	0	0.5122
W01	2475.7067	2405.5808	12	0.5047	1	7.5892	0.1434	0	0.5122
W01	2476.7067	2406.5784		0.4784	1	7.9021	0.1238	0	0.3184
W01	2477.7067	2407.5759	12	0.4784	1	7.9021	0.1238	0	0.3184
W01	2478.7067	2408.5734	12	0.4784	1	7.9021	0.1238	0	0.3184
W01	2479.7067	2409.5709	12	0.4784	1	7.9021	0.1238	0	0.3184
W01	2480.7067	2410.5685	12		1	7.9021	0.1238	0	0.3184
W01	2481.7067	2411.566	12	0.5313	1	7.2847	0.1276	0	0.3511
W01	2482.7067	2412.5635	12	0.5313	1	7.2847	0.1276	0	0.3511
W01	2483.7067	2413.561	12	0.5313		7.2847	0.1276	0	0.3511
W01	2484.7067	2414.5585	12	0.5313	1	7.2847	0.1276	0	0.3511
W01	2485.7067	2415.556	12	0.5313		7.2847		0	0.3511
W01	2486.7067	2416.5536	12	0.5612	1	6.957	0.1124	0	0.2335
W01	2487.7067	2417.5511	12	0.5612	1	6.957	0.1124	0	0.2335
W01	2488.7067	2418.5486	12	0.5612	1	6.957	0.1124	0	0.2335
W01	2489.7067	2419.5461	12	0.5612	1	6.957	0.1124	0	
W01	2490.7067	2420.5436	12	0.5612	1	6.957	0.1124	0	0.2335
W01	2491.7067	2421.5411	12	0.6842	1	5.7587	0.1321	0	0.3934
W01	2492.7067	2422.5387	12	0.6842	1	5.7587	0.1321	0	
W01	2493.7067	2423.5362	12		1	5.7587	0.1321	0	0.3934
W01	2494.7067	2424.5337	12	0.6842	1		0.1321	0	0.3934
W01	2495.7067	2425.5312	12	0.6842	1	5.7587		0	0.3934
W01	2496.7067	2426.5287		0.6842	1	5.7587	0.1321	0	0.3934
W01	2497.7067	2427.5262	12	0.5702	1	6.8619	0.1141	0	0.2452
W01	2498.7067	2428.5237	12	0.5702	1	6.8619	0.1141	0	0.2452
W01	2499.7067	2429.5212	12	0.5702	1	6.8619	0.1141	0	0.2452
W01	2500.7067	2430.5187	12	0.5702	1	6.8619	0.1141	0	0.2452
W01	2501.7067	2431.5163	12	0.5702	1	6.8619	0.1141	0	0.2452
W01	2502.7067	2432.5138	12	0.4769	1		0.1235	0	0.3163
W01	2503.7067	2433.5113	12	0.4769	1	7.9201	0.1235	0	0.3163
W01	2504.7067	2434.5088	12	0.4769	1	7.9201		0	0.3163
W01	2505.7067	2435.5063	12	0.4769		7.9201	0.1235	0	0.3163
W01	2506.7067	2436.5038	12	0.4769	1	7.9201	0.1235	0	0.3163
W01	2507.7067	2437.5013	12	0.4779	1	7.9084	0.1173	0	0.2679
W01	2508.7067	2438.4988	12	0.4779	1	7.9084	0.1173	0	0.2679
W01	2509.7067	2439.4963	12		1	7.9084	0.1173	0	0.2679
W01	2510.7067	2440.4938	12		1	7.9084	0.1173	0	0.2679
W01	2511.7067	2441.4913	12	0.4779	1		0.1173	0	0.2679
W01	2512.7067	2442.4888	12	0.5604	1	6.9656		0	0.3518
W01	2513.7067	2443.4863	12	0.5604	1	6.9656	0.1276	0	0.3518
W01	2514.7067	2444.4838	12	0.5604	1	6.9656	0.1276	0	0.3518
W01	2515.7067	2445.4813	12	0.5604		6.9656	0.1276	0	0.3518
W01	2516.7067	2446.4788	12	0.5604	1	6.9656	0.1276	0	0.3518
W01	2517.7067	2447.4763	12	0.4646	1	8.071	0.1149	0	0.2503
W01	2518.7067	2448.4738	12	0.4646	1	8.071	0.1149	0	0.2503
W01	2519.7067	2449.4713	12	0.4646	1	8.071	0.1149	0	0.2503
W01	2520.7067	2450.4688	12	0.4646	1	8.071	0.1149	0	0.2503
W01	2521.7067	2451.4663	12	0.4646	1	8.071	0.1149	0	0.2503
W01	2522.7067	2452.4638	12		1	6.8243	0.1295	0	0.3689
W01	2523.7067	2453.4613	12		1	6.8243	0.1295	0	0.3689
W01	2524.7067	2454.4588	12	0.5738		6.8243	0.1295	0	0.3689
W01	2525.7067	2455.4563	12	0.5738		6.8243	0.1295	0	0.3689
W01	2526.7067	2456.4538	12	0.5738	1	6.8243	0.1295	0	0.3689
W01	2527.7067	2457.4513	12	0.5738	1	6.8243	0.1295	0	0.3689
W01	2528.7067	2458.4488	12	0.647	1	6.0976	0.134	0	0.412
W01	2529.7067	2459.4463	12	0.647	1	6.0976	0.134	0	0.412
W01	2530.7067	2460.4438	12	0.647	1	6.0976	0.134	0	0.412
W01	2531.7067	2461.4412		0.647	1	6.0976	0.134	0	
W01	2532.7067	2462.4387	12	0.647	1	6.0976	0.134	0	0.412
W01	2533.7067	2463.4362	12	0.6692	0.997	5.8933	0.146	0	0.5428
W01	2534.7067	2464.4337	12	0.6692	0.997	5.8933	0.146	0	0.5428
W01	2535.7067	2465.4312	12	0.6692	0.997	5.8933	0.146	0	0.5428
W01	2536.7067	2466.4287	12	0.6692	0.997	5.8933	0.146	0	0.5428
W01	2537.7067	2467.4262	12	0.6692	0.997	5.8933	0.146	0	0.5428
W01	2538.7067	2468.4237		0.6922	0.991	5.6883	0.148	0	0.5677
W01	2539.7067	2469.4212	12	0.6922	0.991	5.6883	0.148	0	0.5677
W01	2540.7067	2470.4186	12	0.6922	0.991	5.6883	0.148	0	0.5677
W01	2541.7067	2471.4161	12	0.6922	0.991	5.6883	0.148	0	0.5677
W01	2542.7067	2472.4136	12		0.991	5.6883	0.148	0	0.5677
W01	2543.7067	2473.4111	12	0.6838	0.9614	5.762	0.1584	0	0.7065
W01	2544.7067	2474.4086	12	0.6838	0.9614	5.762	0.1584	0	0.7065
W01	2545.7067	2475.4061	12	0.6838	0.9614	5.762	0.1584	0	0.7065
W01	2546.7067	2476.4035	12	0.6838	0.9614	5.762	0.1584	0	
W01	2547.7067	2477.401	12	0.6838	0.9614	5.762	0.1584	0	0.7065
W01	2548.7067	2478.3985	12	0.6583	0.9702	5.9927	0.1553	0	0.6631
W01	2549.7067	2479.396	12	0.6583	0.9702		0.1553	0	0.6631
W01	2550.7067	2480.3935	12	0.6583	0.9702	5.9927	0.1553	0	0.6631
W01	2551.7067	2481.3909	12	0.6583	0.9702	5.9927	0.1553	0	0.6631
W01	2552.7067	2482.3884	12	0.6583	0.9702	5.9927	0.1553	0	0.6631
W01	2553.7067	2483.3859	12	0.6365	0.6496	6.1967	0.1594	1	3.8715
W01	2554.7067	2484.3834	12	0.6365	0.6496	6.1967	0.1594	1	3.8715
W01	2555.7067	2485.3809	12	0.6365	0.6496	6.1967	0.1594	1	3.8715
W01	2556.7067	2486.3783	12	0.6365	0.6496	6.1967	0.1594	1	3.8715
W01	2557.7067	2487.3758	12	0.6365	0.6496	6.1967		1	3.8715
W01	2558.7067	2488.3733	12	0.6341	0.9826	6.2201	0.151	0	0.6058
W01	2559.7067	2489.3708		0.6341	0.9826	6.2201	0.151	0	0.6058
W01	2560.7067	2490.3682	12	0.6341	0.9826	6.2201	0.151	0	0.6058
W01	2561.7067	2491.3657	12	0.6341	0.9826	6.2201	0.151	0	0.6058
W01	2562.7067	2492.3632	12		0.9826	6.2201	0.151	0	0.6058
W01	2563.7067	2493.3607	12	0.6341	0.9826	6.2201		0	0.6058
W01	2564.7067	2494.3581	12	0.5984	1	6.5704	0.132	0	0.3926
W01	2565.7067	2495.3556	12	0.5984	1	6.5704		0	0.3926
W01	2566.7067	2496.3531	12	0.5984	1	6.5704	0.132	0	0.3926
W01	2567.7067	2497.3505	12	0.5984	1	6.5704	0.132	0	0.3926
W01	2568.7067	2498.348	12	0.5984	1	6.5704	0.132	0	0.3926
W01	2569.7067	2499.3455	12	0.674	1	5.8493	0.1379	0	0.4515
W01	2570.7067	2500.3429	12	0.674	1	5.8493	0.1379	0	0.4515
W01	2571.7067	2501.3404		0.674	1	5.8493	0.1379	0	0.4515
W01	2572.7067	2502.3379	12	0.674	1	5.8493	0.1379	0	0.4515
W01	2573.7067	2503.3353	12	0.674	1	5.8493	0.1379	0	0.4515
W01	2574.7067	2504.3328	12	0.707	1	5.5606	0.1266	0	0.3428
W01	2575.7067	2505.3303	12	0.707	1	5.5606	0.1266	0	0.3428
W01	2576.7067	2506.3277	12	0.707	1	5.5606	0.1266	0	0.3428
W01	2577.7067	2507.3252	12	0.707	1	5.5606	0.1266	0	0.3428
W01	2578.7067	2508.3227		0.707	1	5.5606	0.1266	0	0.3428
W01	2579.7067	2509.3201	12	0.6565	1	6.0089	0.1312	0	0.3848
W01	2580.7067	2510.3176	12	0.6565	1	6.0089	0.1312	0	0.3848
W01	2581.7067	2511.3151	13	0.5512	1	7.0655	0.1218	0	0.3021
W01	2582.7067	2512.3125	13	0.5512	1	7.0655	0.1218	0	0.3021
W01	2583.7067	2513.31	13	0.5512	1			0	0.3021
W01	2584.7067	2514.3074	13		1	7.0655	0.1218	0	0.3021
W01	2585.7067	2515.3049	13	0.5512	1	7.0655	0.1218	0	0.3021
W01	2586.7067	2516.3024	13	0.4978	1	7.6701	0.1298	0	0.3714
W01	2587.7067	2517.2998	13	0.4978		7.6701	0.1298	0	0.3714
W01	2588.7067	2518.2973	13	0.4978	1	7.6701	0.1298	0	0.3714
W01	2589.7067	2519.2947	13	0.4978	1	7.6701	0.1298	0	0.3714
W01	2590.7067	2520.2922	13	0.4978		7.6701	0.1298	0	
W01	2591.7067	2521.2896	13	0.4737		7.9593	0.1104	0	0.2203
W01	2592.7067	2522.2871		0.4737	1	7.9593	0.1104	0	0.2203
W01	2593.7067	2523.2846	13	0.4737	1	7.9593	0.1104	0	0.2203
W01	2594.7067	2524.282	13	0.4737	1	7.9593	0.1104	0	0.2203
W01	2595.7067	2525.2795	13	0.4737	1	7.9593	0.1104	0	0.2203
W01	2596.7067	2526.2769	13	0.4578	1	8.1555	0.1229	0	0.3111
W01	2597.7067	2527.2744	13	0.4578	1	8.1555	0.1229	0	0.3111
W01	2598.7067	2528.2718	13	0.4578	1	8.1555	0.1229	0	0.3111
W01	2599.7067	2529.2693	13	0.4578	1	8.1555	0.1229	0	0.3111
W01	2600.7067	2530.2667	13	0.4578	1	8.1555	0.1229	0	0.3111
W01	2601.7067	2531.2642	13		1	9.2259	0.1054	0	
W01	2602.7067	2532.2616	13	0.3776	1	9.2259	0.1054	0	0.1894
W01	2603.7067	2533.2591	13	0.3776	1	9.2259	0.1054	0	0.1894
W01	2604.7067	2534.2565	13	0.3776	1	9.2259	0.1054	0	0.1894
W01	2605.7067	2535.254	13	0.3776	1	9.2259	0.1054	0	0.1894
W01	2606.7067	2536.2514	13	0.3776	1	9.2259	0.1054	0	0.1894
W01	2607.7067	2537.2489	13	0.2853	1	10.6334	0.0989	0	0.1542
W01	2608.7067	2538.2463	13	0.2853	1	10.6334	0.0989	0	0.1542
W01	2609.7067	2539.2438	13	0.2853	1	10.6334	0.0989	0	
W01	2610.7067	2540.2412	13	0.2853	1	10.6334	0.0989	0	0.1542
W01	2611.7067	2541.2386	13	0.2853	1	10.6334	0.0989	0	0.1542
W01	2612.7067	2542.2361	13	0.2447	0.6974	11.3175	0.1482	1	2.9707
W01	2613.7067	2543.2335	13	0.2447	0.6974	11.3175	0.1482	1	2.9707
W01	2614.7067	2544.231	13	0.2447	0.6974	11.3175	0.1482	1	2.9707
W01	2615.7067	2545.2284	13	0.2447	0.6974	11.3175	0.1482	1	2.9707
W01	2616.7067	2546.2259	13	0.2447	0.6974	11.3175		1	2.9707
W01	2617.7067	2547.2233	13	0.3111	0.6701	10.2191	0.1583	1	3.7756
W01	2618.7067	2548.2207	13	0.3111	0.6701	10.2191	0.1583	1	3.7756
W01	2619.7067	2549.2182	13	0.3111	0.6701	10.2191	0.1583	1	3.7756
W01	2620.7067	2550.2156	13	0.3111	0.6701	10.2191		1	3.7756
W01	2621.7067	2551.2131	13	0.3111	0.6701	10.2191	0.1583	1	3.7756
W01	2622.7067	2552.2105	13	0.2974	0.6519	10.4369		1	4.4685
W01	2623.7067	2553.2079	13	0.2974	0.6519	10.4369	0.1658	1	4.4685
W01	2624.7067	2554.2054	13	0.2974	0.6519	10.4369	0.1658	1	4.4685
W01	2625.7067	2555.2028	13	0.2974	0.6519		0.1658	1	
W01	2626.7067	2556.2002	13	0.2974	0.6519	10.4369	0.1658	1	4.4685
W01	2627.7067	2557.1977	13	0.3024	0.6549	10.3575	0.1654	1	4.4288
W01	2628.7067	2558.1951	13	0.3024	0.6549	10.3575	0.1654	1	4.4288
W01	2629.7067	2559.1925	13	0.3024	0.6549	10.3575	0.1654	1	4.4288
W01	2630.7067	2560.19	13	0.3024	0.6549	10.3575	0.1654	1	4.4288
W01	2631.7067	2561.1874	13	0.3024	0.6549	10.3575		1	4.4288
W01	2632.7067	2562.1848	13	0.3368	0.3864	9.824	0.1713	1	34.0119
W01	2633.7067	2563.1823	13	0.3368	0.3864	9.824	0.1713	1	34.0119
W01	2634.7067	2564.1797	13	0.3368	0.3864	9.824	0.1713	1	34.0119
W01	2635.7067	2565.1771	13	0.3368	0.3864		0.1713	1	34.0119
W01	2636.7067	2566.1746	13	0.3368	0.3864	9.824	0.1713	1	34.0119
W01	2637.7067	2567.172	13	0.3368		9.824	0.1713	1	34.0119
W01	2638.7067	2568.1694	13	0.4454	1	8.3124	0.1385	0	0.4578
W01	2639.7067	2569.1669	13	0.4454	1	8.3124		0	0.4578
W01	2640.7067	2570.1643	13	0.4454	1	8.3124	0.1385	0	0.4578
W01	2641.7067	2571.1617	13	0.4454	1	8.3124	0.1385	0	0.4578
W01	2642.7067	2572.1591	13	0.4454	1	8.3124	0.1385	0	0.4578
W01	2643.7067	2573.1566	13	0.3871	0.7219	9.093	0.144	1	
W01	2644.7067	2574.154	13	0.3871	0.7219	9.093	0.144	1	2.6703
W01	2645.7067	2575.1514		0.3871	0.7219	9.093	0.144	1	2.6703
W01	2646.7067	2576.1488	13	0.3871	0.7219	9.093	0.144	1	2.6703
W01	2647.7067	2577.1463	13	0.3871	0.7219	9.093	0.144	1	2.6703
W01	2648.7067	2578.1437	13	0.3964	0.6897	8.9634	0.1556	1	3.5482
W01	2649.7067	2579.1411	13	0.3964	0.6897	8.9634	0.1556	1	3.5482
W01	2650.7067	2580.1385		0.3964	0.6897	8.9634	0.1556	1	3.5482
W01	2651.7067	2581.1359	13	0.3964	0.6897	8.9634	0.1556	1	3.5482
W01	2652.7067	2582.1334	13	0.3964		8.9634	0.1556	1	3.5482
W01	2653.7067	2583.1308	13	0.4461	1	8.3044		0	0.4572
W01	2654.7067	2584.1282	13	0.4461	1	8.3044	0.1384	0	0.4572
W01	2655.7067	2585.1256	13	0.4461	1		0.1384	0	0.4572
W01	2656.7067	2586.123	13	0.4461	1	8.3044	0.1384	0	0.4572
W01	2657.7067	2587.1205	13	0.4461	1		0.1384	0	0.4572
W01	2658.7067	2588.1179	13	0.5282	1	7.3199	0.1172	0	0.2673
W01	2659.7067	2589.1153	13	0.5282	1	7.3199	0.1172	0	0.2673
W01	2660.7067	2590.1127	13	0.5282	1	7.3199	0.1172	0	0.2673
W01	2661.7067	2591.1101	13	0.5282	1	7.3199	0.1172	0	0.2673
W01	2662.7067	2592.1075	13	0.5282	1	7.3199	0.1172	0	0.2673
W01	2663.7067	2593.1049	13	0.5869	1	6.6881	0.1226	0	0.3091
W01	2664.7067	2594.1024	13	0.5869	1	6.6881	0.1226	0	0.3091
W01	2665.7067	2595.0998	13	0.5869	1	6.6881	0.1226	0	0.3091
W01	2666.7067	2596.0972	13	0.5869	1	6.6881	0.1226	0	0.3091
W01	2667.7067	2597.0946	13	0.5869	1	6.6881	0.1226	0	0.3091
W01	2668.7067	2598.092	13	0.5869	1	6.6881	0.1226	0	0.3091
W01	2669.7067	2599.0894	13	0.5913	1	6.6426	0.1181	0	0.2737
W01	2670.7067	2600.0868	13	0.5913	1	6.6426	0.1181	0	0.2737
W01	2671.7067	2601.0842	13		1	6.6426	0.1181	0	0.2737
W01	2672.7067	2602.0816	13	0.5913	1		0.1181	0	0.2737
W01	2673.7067	2603.0791	13	0.5913	1	6.6426	0.1181	0	0.2737
W01	2674.7067	2604.0765	13	0.5193	1		0.1138	0	0.2429
W01	2675.7067	2605.0739	13		1	7.4206	0.1138	0	0.2429
W01	2676.7067	2606.0713	13	0.5193	1	7.4206	0.1138	0	0.2429
W01	2677.7067	2607.0687	13	0.5193	1	7.4206	0.1138	0	0.2429
W01	2678.7067	2608.0661	13	0.5193	1	7.4206	0.1138	0	0.2429
W01	2679.7067	2609.0635	13	0.4875	1	7.7922	0.1262	0	0.3388
W01	2680.7067	2610.0609	13	0.4875	1	7.7922	0.1262	0	0.3388
W01	2681.7067	2611.0583	13	0.4875	1	7.7922	0.1262	0	0.3388
W01	2682.7067	2612.0557	13		1	7.7922	0.1262	0	0.3388
W01	2683.7067	2613.0531	13	0.4875	1	7.7922	0.1262	0	0.3388
W01	2684.7067	2614.0505	13	0.3688	0.7324	9.3514		1	2.9394
W01	2685.7067	2615.0479	13	0.3688	0.7324	9.3514	0.1478	1	2.9394
W01	2686.7067	2616.0453	13	0.3688	0.7324	9.3514	0.1478	1	2.9394
W01	2687.7067	2617.0427	13	0.3688	0.7324		0.1478	1	2.9394
W01	2688.7067	2618.0401	13	0.3688	0.7324			1	2.9394
W01	2689.7067	2619.0375	13	0.3235	1	10.0265	0.1342	0	
W01	2690.7067	2620.0349	13	0.3235	1	10.0265	0.1342	0	0.4132
W01	2691.7067	2621.0323	13	0.3235	1	10.0265	0.1342	0	0.4132
W01	2692.7067	2622.0297	13	0.3235	1	10.0265	0.1342	0	0.4132
W01	2693.7067	2623.0271		0.3235	1	10.0265	0.1342	0	0.4132
W01	2694.7067	2624.0245	13	0.3319	0.6907	9.8977	0.1658	1	4.4652
W01	2695.7067	2625.0219	13	0.3319	0.6907	9.8977	0.1658	1	4.4652
W01	2696.7067	2626.0193	13	0.3319	0.6907	9.8977	0.1658	1	4.4652
W01	2697.7067	2627.0167	13		0.6907	9.8977	0.1658	1	4.4652
W01	2698.7067	2628.0141	13	0.3319	0.6907	9.8977	0.1658	1	4.4652
W01	2699.7067	2629.0115	13	0.3319	0.6907	9.8977	0.1658	1	4.4652
W01	2700.7067	2630.0088	13	0.5016	1	7.6245	0.1372	0	0.4444
W01	2701.7067	2631.0062	13	0.5016	1	7.6245	0.1372	0	0.4444
W01	2702.7067	2632.0036	13	0.5016	1	7.6245	0.1372	0	0.4444
W01	2703.7067	2633.001	13	0.5016	1	7.6245	0.1372	0	0.4444
W01	2704.7067	2633.9984	13	0.5016	1	7.6245		0	0.4444
W01	2705.7067	2634.9958	13	0.5884	1	6.6726	0.1387	0	0.4607
W01	2706.7067	2635.9932	13	0.5884	1	6.6726	0.1387	0	0.4607
W01	2707.7067	2636.9906	13	0.5884	1	6.6726	0.1387	0	0.4607
W01	2708.7067	2637.988		0.5884	1	6.6726	0.1387	0	0.4607
W01	2709.7067	2638.9853	13	0.5884	1	6.6726	0.1387	0	0.4607
W01	2710.7067	2639.9827	13	0.5947	1	6.6085	0.1333	0	0.4052
W01	2711.7067	2640.9801	13	0.5947	1	6.6085		0	0.4052
W01	2712.7067	2641.9775	13	0.5947	1	6.6085	0.1333	0	0.4052
W01	2713.7067	2642.9749	13	0.5947	1	6.6085	0.1333	0	0.4052
W01	2714.7067	2643.9723	13	0.5947	1	6.6085	0.1333	0	0.4052
W01	2715.7067	2644.9697	13	0.6562	1	6.0121	0.128	0	0.3552
W01	2716.7067	2645.967	13	0.6562	1	6.0121	0.128	0	0.3552
W01	2717.7067	2646.9644	13	0.6562	1	6.0121	0.128	0	0.3552
W01	2718.7067	2647.9618	13	0.6562	1	6.0121	0.128	0	0.3552
W01	2719.7067	2648.9592	13	0.6562	1		0.128	0	0.3552
W01	2720.7067	2649.9566	13	0.5113	1	7.5118	0.1275	0	0.3507
W01	2721.7067	2650.9539	13		1	7.5118	0.1275	0	0.3507
W01	2722.7067	2651.9513	13	0.5113	1	7.5118	0.1275	0	0.3507
W01	2723.7067	2652.9487	13	0.5113	1	7.5118	0.1275	0	0.3507
W01	2724.7067	2653.9461	13	0.5113	1		0.1275	0	0.3507
W01	2725.7067	2654.9435	13	0.5462	1	7.1191	0.1164	0	0.261
W01	2726.7067	2655.9408	13	0.5462	1	7.1191	0.1164	0	0.261
W01	2727.7067	2656.9382	13	0.5462	1	7.1191	0.1164	0	
W01	2728.7067	2657.9356	13	0.5462	1	7.1191	0.1164	0	0.261
W01	2729.7067	2658.933	13	0.5462	1	7.1191	0.1164	0	0.261
W01	2730.7067	2659.9303	13	0.5462	1	7.1191	0.1164	0	0.261
W01	2731.7067	2660.9277	13	0.607	1	6.4844	0.1117	0	0.2284
W01	2732.7067	2661.9251	13	0.607	1		0.1117	0	0.2284
W01	2733.7067	2662.9224	13	0.607	1	6.4844	0.1117	0	0.2284
W01	2734.7067	2663.9198	13	0.607	1	6.4844	0.1117	0	
W01	2735.7067	2664.9172	13	0.607	1	6.4844		0	0.2284
W01	2736.7067	2665.9146	13	0.632	1		0.1124	0	0.2333
W01	2737.7067	2666.9119	13	0.632	1	6.2401	0.1124	0	0.2333
W01	2738.7067	2667.9093		0.632	1	6.2401	0.1124	0	0.2333
W01	2739.7067	2668.9067		0.632	1	6.2401	0.1124	0	0.2333
W01	2740.7067	2669.904	13	0.632	1	6.2401	0.1124	0	0.2333
W01	2741.7067	2670.9014	13	0.5477	1	7.1032	0.0943	0	0.1324
W01	2742.7067	2671.8988	13	0.5477	1	7.1032	0.0943	0	0.1324
W01	2743.7067	2672.8961	13	0.5477	1	7.1032	0.0943	0	0.1324
W01	2744.7067	2673.8935	13	0.5477	1	7.1032	0.0943	0	0.1324
W01	2745.7067	2674.8909	13	0.5477	1	7.1032	0.0943	0	0.1324
W01	2746.7067	2675.8882	13	0.4835	1	7.8402	0.0832	0	0.0884
W01	2747.7067	2676.8856	13	0.4835	1	7.8402	0.0832	0	0.0884
W01	2748.7067	2677.883	13	0.4835	1	7.8402	0.0832	0	0.0884
W01	2749.7067	2678.8803	13	0.4835	1	7.8402	0.0832	0	0.0884
W01	2750.7067	2679.8777	13	0.4835	1	7.8402	0.0832	0	0.0884
W01	2751.7067	2680.875	13	0.4925	1	7.7319	0.0828	0	0.0869
W01	2752.7067	2681.8724	13	0.4925		7.7319	0.0828	0	0.0869
W01	2753.7067	2682.8698	13	0.4925	1	7.7319	0.0828	0	0.0869
W01	2754.7067	2683.8671	13	0.4925	1	7.7319	0.0828	0	0.0869
W01	2755.7067	2684.8645	13	0.4925	1	7.7319	0.0828	0	0.0869
W01	2756.7067	2685.8618	13	0.3415	1		0.1006	0	0.163
W01	2757.7067	2686.8592	13	0.3415	1	9.7529	0.1006	0	0.163
W01	2758.7067	2687.8566	13	0.3415	1	9.7529	0.1006	0	0.163
W01	2759.7067	2688.8539	13	0.3415	1	9.7529		0	0.163
W01	2760.7067	2689.8513		0.3415		9.7529	0.1006	0	0.163
W01	2761.7067	2690.8486	13	0.3415	1	9.7529	0.1006	0	0.163
W01	2762.7067	2691.846	13	0.2546	1	11.1466	0.1081	0	0.2055
W01	2763.7067	2692.8433	13	0.2546	1	11.1466	0.1081	0	0.2055
W01	2764.7067	2693.8407	13	0.2546	1	11.1466	0.1081	0	0.2055
W01	2765.7067	2694.8381	13	0.2546	1	11.1466	0.1081	0	0.2055
W01	2766.7067	2695.8354	13	0.2546	1	11.1466	0.1081	0	0.2055
W01	2767.7067	2696.8328	13	0.2349	0.8729	11.4897	0.1455	1	2.7731
W01	2768.7067	2697.8301	13	0.2349	0.8729	11.4897	0.1455	1	
W01	2769.7067	2698.8275	13	0.2349	0.8729	11.4897	0.1455	1	2.7731
W01	2770.7067	2699.8248	13	0.2349	0.8729	11.4897	0.1455	1	2.7731
W01	2771.7067	2700.8222	13	0.2349	0.8729		0.1455	1	2.7731
W01	2772.7067	2701.8195	13	0.4366	1	8.4264	0.1222	0	0.3056
W01	2773.7067	2702.8169	13		1	8.4264	0.1222	0	0.3056
W01	2774.7067	2703.8142	13	0.4366	1	8.4264	0.1222	0	0.3056
W01	2775.7067	2704.8116	13	0.4366	1	8.4264	0.1222	0	0.3056
W01	2776.7067	2705.8089	13	0.4366	1	8.4264	0.1222	0	0.3056
W01	2777.7067	2706.8062	13	0.5475		7.1057	0.0992	0	0.1558
W01	2778.7067	2707.8036	13	0.5475	1	7.1057	0.0992	0	0.1558
W01	2779.7067	2708.8009	13	0.5475	1	7.1057		0	0.1558
W01	2780.7067	2709.7983	13	0.5475	1	7.1057	0.0992	0	0.1558
W01	2781.7067	2710.7956	13	0.5475	1	7.1057	0.0992	0	0.1558
W01	2782.7067	2711.793	13	0.4818	1	7.8607	0.0927	0	0.1251
W01	2783.7067	2712.7903	13	0.4818	1	7.8607	0.0927	0	0.1251
W01	2784.7067	2713.7876	13	0.4818	1	7.8607	0.0927	0	0.1251
W01	2785.7067	2714.785	13	0.4818	1	7.8607	0.0927	0	0.1251
W01	2786.7067	2715.7823	13	0.4818	1	7.8607	0.0927	0	0.1251
W01	2787.7067	2716.7797	13	0.3611	1	9.4639	0.1026	0	
W01	2788.7067	2717.777	13	0.3611	1	9.4639	0.1026	0	0.174
W01	2789.7067	2718.7744	13	0.3611	1	9.4639	0.1026	0	0.174
W01	2790.7067	2719.7717	13	0.3611	1	9.4639	0.1026	0	0.174
W01	2791.7067	2720.769	13	0.3611	1	9.4639	0.1026	0	0.174
W01	2792.7067	2721.7664	13	0.3611	1	9.4639	0.1026	0	0.174
W01	2793.7067	2722.7637		0.5159	1	7.4595	0.0708	0	0.0525
W01	2794.7067	2723.761	13	0.5159	1	7.4595	0.0708	0	0.0525
W01	2795.7067	2724.7584	13		1	7.4595		0	0.0525
W01	2796.7067	2725.7557	13	0.5159	1	7.4595	0.0708	0	0.0525
W01	2797.7067	2726.753	13	0.5159		7.4595	0.0708	0	0.0525
W01	2798.7067	2727.7504	13	0.5899	1	6.6571	0.0873	0	0.1031
W01	2799.7067	2728.7477	13	0.5899	1	6.6571	0.0873	0	0.1031
W01	2800.7067	2729.745	13	0.5899	1	6.6571	0.0873	0	0.1031
W01	2801.7067	2730.7424	13	0.5899	1	6.6571	0.0873	0	0.1031
W01	2802.7067	2731.7397	13	0.5899	1	6.6571	0.0873	0	0.1031
W01	2803.7067	2732.737	13	0.593	1		0.0835	0	0.0895
W01	2804.7067	2733.7344	13	0.593	1		0.0835	0	0.0895
W01	2805.7067	2734.7317	13	0.593	1	6.6258	0.0835	0	0.0895
W01	2806.7067	2735.729	13	0.593	1	6.6258		0	
W01	2807.7067	2736.7263	13	0.593	1	6.6258	0.0835	0	0.0895
W01	2808.7067	2737.7237	13	0.456	1	8.1787	0.0792	0	0.0755
W01	2809.7067	2738.721	13	0.456	1	8.1787	0.0792	0	0.0755
W01	2810.7067	2739.7183	13	0.456	1	8.1787	0.0792	0	0.0755
W01	2811.7067	2740.7157	13	0.456	1	8.1787	0.0792	0	0.0755
W01	2812.7067	2741.713	13	0.456	1	8.1787	0.0792	0	0.0755
W01	2813.7067	2742.7103	13	0.4265	1	8.5584	0.0984	0	0.1521
W01	2814.7067	2743.7076	13	0.4265	1	8.5584	0.0984	0	0.1521
W01	2815.7067	2744.705	13	0.4265		8.5584	0.0984	0	0.1521
W01	2816.7067	2745.7023	13	0.4265	1	8.5584	0.0984	0	0.1521
W01	2817.7067	2746.6996	13	0.4265	1	8.5584	0.0984	0	0.1521
W01	2818.7067	2747.6969	13	0.5464	1	7.1171	0.0806	0	0.0798
W01	2819.7067	2748.6942	13	0.5464	1	7.1171	0.0806	0	0.0798
W01	2820.7067	2749.6916	13	0.5464	1	7.1171	0.0806	0	0.0798
W01	2821.7067	2750.6889		0.5464	1	7.1171	0.0806	0	0.0798
W01	2822.7067	2751.6862	13	0.5464	1	7.1171	0.0806	0	
W01	2823.7067	2752.6835	13	0.5464	1	7.1171	0.0806	0	
W01	2824.7067	2753.6808	13	0.5449	1	7.1342	0.0766	0	0.0676
W01	2825.7067	2754.6782	13	0.5449	1	7.1342	0.0766	0	0.0676
W01	2826.7067	2755.6755	13	0.5449	1	7.1342	0.0766	0	0.0676
W01	2827.7067	2756.6728	13	0.5449	1	7.1342	0.0766	0	0.0676
W01	2828.7067	2757.6701	13	0.5449	1	7.1342	0.0766	0	0.0676
W01	2829.7067	2758.6674	13	0.6178	1	6.3773	0.0974	0	0.1468
W01	2830.7067	2759.6647	13	0.6178	1	6.3773	0.0974	0	0.1468
W01	2831.7067	2760.662	13	0.6178	1	6.3773	0.0974	0	0.1468
W01	2832.7067	2761.6594	13		1	6.3773	0.0974	0	0.1468
W01	2833.7067	2762.6567	13	0.6178	1	6.3773	0.0974	0	0.1468
W01	2834.7067	2763.654	13	0.5473	1		0.0917	0	0.121
W01	2835.7067	2764.6513	13		1	7.1073	0.0917	0	0.121
W01	2836.7067	2765.6486	13	0.5473	1	7.1073	0.0917	0	0.121
W01	2837.7067	2766.6459	13	0.5473	1	7.1073	0.0917	0	
W01	2838.7067	2767.6432	13	0.5473	1	7.1073	0.0917	0	0.121
W01	2839.7067	2768.6405	13	0.2663	1	10.949	0.1309	1	1.8853
W01	2840.7067	2769.6378	13	0.2663	1	10.949	0.1309	1	1.8853
W01	2841.7067	2770.6351	13	0.2663	1	10.949	0.1309	1	1.8853
W01	2842.7067	2771.6325	13	0.2663	1	10.949	0.1309	1	1.8853
W01	2843.7067	2772.6298	13	0.2663	1	10.949	0.1309	1	1.8853
W01	2844.7067	2773.6271		0.1916	1	14.1059	0.1864	1	47.2645
W01	2845.7067	2774.6244	13	0.1916	1	14.1059	0.1864	1	47.2645
W01	2846.7067	2775.6217	13	0.1916	1	14.1059	0.1864	1	47.2645
W01	2847.7067	2776.619	13	0.1916	1	14.1059	0.1864	1	47.2645
W01	2848.7067	2777.6163	13	0.1916	1	14.1059	0.1864	1	47.2645
W01	2849.7067	2778.6136	13	0.3553	1	9.5479	0.1349	0	0.4204
W01	2850.7067	2779.6109	13	0.3553	1	9.5479	0.1349	0	0.4204
W01	2851.7067	2780.6082	13	0.3553	1	9.5479	0.1349	0	0.4204
W01	2852.7067	2781.6055	13	0.3553	1	9.5479	0.1349	0	0.4204
W01	2853.7067	2782.6028	13	0.3553	1	9.5479	0.1349	0	0.4204
W01	2854.7067	2783.6001	13	0.3553	1	9.5479	0.1349	0	0.4204
W01	2855.7067	2784.5974	13	0.3659		9.3945	0.1428	1	2.5881
W01	2856.7067	2785.5947	13	0.3659	1	9.3945	0.1428	1	2.5881
W01	2857.7067	2786.592	13	0.3659	1	9.3945	0.1428	1	2.5881
W01	2858.7067	2787.5893	13	0.3659	1	9.3945	0.1428	1	2.5881
W01	2859.7067	2788.5866	13	0.3659	1	9.3945	0.1428	1	2.5881
W01	2860.7067	2789.5839	13	0.2542		11.1545	0.1981	1	
W01	2861.7067	2790.5812	13	0.2542	1	11.1545	0.1981	1	59.9297
W01	2862.7067	2791.5785	13	0.2542	1	11.1545	0.1981	1	59.9297
W01	2863.7067	2792.5758	13		1	11.1545	0.1981	1	
W01	2864.7067	2793.5731	13	0.2542	1	11.1545	0.1981	1	59.9297
W01	2865.7067	2794.5704	13	0.2236	1	11.692	0.1885	1	49.3691
W01	2866.7067	2795.5676	13	0.2236	1	11.692	0.1885	1	49.3691
W01	2867.7067	2796.5649		0.2236	1	11.692	0.1885	1	49.3691
W01	2868.7067	2797.5622	13	0.2236	1	11.692	0.1885	1	49.3691
W01	2869.7067	2798.5595	13	0.2236	1	11.692	0.1885	1	49.3691
W01	2870.7067	2799.5568	13	0.1988	1	13.1545	0.1841	1	45.0793
W01	2871.7067	2800.5541	13	0.1988	1	13.1545	0.1841	1	45.0793
W01	2872.7067	2801.5514	13	0.1988	1	13.1545	0.1841	1	45.0793
W01	2873.7067	2802.5487	13	0.1988	1	13.1545	0.1841	1	45.0793
W01	2874.7067	2803.546	13	0.1988	1	13.1545	0.1841	1	45.0793
W01	2875.7067	2804.5433	13		1	11.0342	0.1892	1	50.1333
W01	2876.7067	2805.5405	13	0.2612	1	11.0342	0.1892	1	50.1333
W01	2877.7067	2806.5378	13	0.2612	1	11.0342	0.1892	1	50.1333
W01	2878.7067	2807.5351	13	0.2612	1	11.0342	0.1892	1	50.1333
W01	2879.7067	2808.5324	13	0.2612	1	11.0342	0.1892	1	50.1333
W01	2880.7067	2809.5297	13	0.1397	1	23.3054	0.2062	1	70.0187
W01	2881.7067	2810.527	13	0.1397	1	23.3054	0.2062	1	
W01	2882.7067	2811.5242	13	0.1397	1	23.3054	0.2062	1	70.0187
W01	2883.7067	2812.5215	13	0.1397	1	23.3054	0.2062	1	70.0187
W01	2884.7067	2813.5188	13	0.1397	1	23.3054	0.2062	1	70.0187
W01	2885.7067	2814.5161	13	0.1397	1	23.3054	0.2062	1	70.0187
W01	2886.7067	2815.5134	13	0.0908	1	37.3855	0.2136	1	80.3126
W01	2887.7067	2816.5107	13	0.0908	1	37.3855	0.2136	1	80.3126
W01	2888.7067	2817.5079	13		1	37.3855	0.2136	1	80.3126
W01	2889.7067	2818.5052	13	0.0908	1	37.3855	0.2136	1	80.3126
W01	2890.7067	2819.5025	13	0.0908	1	37.3855	0.2136	1	80.3126
W01	2891.7067	2820.4998	13	0.1188	1	28.5254	0.1914	1	52.387
W01	2892.7067	2821.497	13	0.1188		28.5254	0.1914	1	52.387
W01	2893.7067	2822.4943	13	0.1188	1	28.5254	0.1914	1	52.387
W01	2894.7067	2823.4916	13	0.1188	1	28.5254	0.1914	1	52.387
W01	2895.7067	2824.4889	13	0.1188	1	28.5254		1	52.387
W01	2896.7067	2825.4861	13	0.2029	1	12.0687	0.166	1	4.4852
W01	2897.7067	2826.4834	13	0.2029	1	12.0687	0.166	1	4.4852
W01	2898.7067	2827.4807	13	0.2029	1	12.0687		1	4.4852
W01	2899.7067	2828.478	13	0.2029	1	12.0687	0.166	1	4.4852
W01	2900.7067	2829.4752	13	0.2029	1	12.0687	0.166	1	4.4852
W01	2901.7067	2830.4725	13	0.2667	1	10.9414	0.1134	0	0.2404
W01	2902.7067	2831.4698	13	0.2667	1	10.9414	0.1134	0	0.2404
W01	2903.7067	2832.467	13	0.2667	1	10.9414	0.1134	0	0.2404
W01	2904.7067	2833.4643	13	0.2667	1	10.9414	0.1134	0	0.2404
W01	2905.7067	2834.4616	13	0.2667	1	10.9414	0.1134	0	0.2404
W01	2906.7067	2835.4589	13	0.3133	1	10.1856	0.1229	0	0.3116
W01	2907.7067	2836.4561	13	0.3133	1	10.1856	0.1229	0	0.3116
W01	2908.7067	2837.4534		0.3133	1	10.1856	0.1229	0	0.3116
W01	2909.7067	2838.4507	13	0.3133	1	10.1856	0.1229	0	0.3116
W01	2910.7067	2839.4479	13	0.3133	1		0.1229	0	0.3116
W01	2911.7067	2840.4452	13	0.3328	1	9.885	0.1379	0	0.4517
W01	2912.7067	2841.4425	13	0.3328	1	9.885	0.1379	0	0.4517
W01	2913.7067	2842.4397	13	0.3328	1	9.885	0.1379	0	0.4517
W01	2914.7067	2843.437	13	0.3328	1	9.885	0.1379	0	0.4517
W01	2915.7067	2844.4342	13	0.3328	1	9.885	0.1379	0	0.4517
W01	2916.7067	2845.4315	13	0.3328	1	9.885	0.1379	0	0.4517
W01	2917.7067	2846.4288	13	0.422	1	8.6178	0.1595	0	0.7223
W01	2918.7067	2847.426		0.422	1	8.6178	0.1595	0	0.7223
W01	2919.7067	2848.4233	13	0.422	1	8.6178	0.1595	0	0.7223
W01	2920.7067	2849.4206	13	0.422	1	8.6178	0.1595	0	0.7223
W01	2921.7067	2850.4178	13	0.422	1	8.6178	0.1595	0	0.7223
W01	2922.7067	2851.4151	13	0.4113	1	8.7608	0.1729	1	
W01	2923.7067	2852.4123	13	0.4113	1	8.7608	0.1729	1	
W01	2924.7067	2853.4096	13	0.4113	1	8.7608	0.1729	1	5.2114
W01	2925.7067	2854.4068	13	0.4113	1	8.7608	0.1729	1	5.2114
W01	2926.7067	2855.4041	13	0.4113	1	8.7608	0.1729	1	5.2114
W01	2927.7067	2856.4014	13	0.5957	1	6.5982	0.1248	0	0.3268
W01	2928.7067	2857.3986			1	6.5982	0.1248	0	0.3268
W01	2929.7067	2858.3959	13	0.5957	1	6.5982	0.1248	0	0.3268
W01	2930.7067	2859.3931	13	0.5963	1	6.5916	0.1258	0	0.336
W01	2931.7067	2860.3904	13	0.5963	1	6.5916	0.1258	0	0.336
W01	2932.7067	2861.3876	13	0.5654		6.9128	0.1323	0	0.3949
W01	2933.7067	2862.3849	13	0.5654	1	6.9128	0.1323	0	0.3949
W01	2934.7067	2863.3821	13	0.5654	1	6.9128	0.1323	0	0.3949
W01	2935.7067	2864.3794	13	0.4745	1	7.9494	0.1434	0	0.5125
W01	2936.7067	2865.3766	13	0.4155	1	8.7037	0.1414	0	0.4902
W01	2937.7067	2866.3739	13	0.4155	1	8.7037	0.1414	0	0.4902
W01	2938.7067	2867.3711	14	0.334	1	9.8667	0.09	0	0.1137
W01	2939.7067	2868.3684	14	0.334	1	9.8667		0	0.1137
W01	2940.7067	2869.3656	14	0.334	1	9.8667	0.09	0	0.1137
W01	2941.7067	2870.3629	14	0.334	1	9.8667	0.09	0	0.1137
W01	2942.7067	2871.3601	14	0.334	1	9.8667	0.09	0	0.1137
W01	2943.7067	2872.3574	14	0.3665	1	9.3854	0.1029	0	0.1752
W01	2944.7067	2873.3546	14	0.3665	1	9.3854	0.1029	0	0.1752
W01	2945.7067	2874.3519	14	0.3665	1		0.1029	0	0.1752
W01	2946.7067	2875.3491	14	0.3665	1	9.3854	0.1029	0	0.1752
W01	2947.7067	2876.3464	14	0.3665	1	9.3854		0	0.1752
W01	2948.7067	2877.3436	14	0.4166	1	8.6899	0.1005	0	0.1626
W01	2949.7067	2878.3409	14	0.4166	1	8.6899	0.1005	0	0.1626
W01	2950.7067	2879.3381	14	0.4166	1	8.6899	0.1005	0	0.1626
W01	2951.7067	2880.3354	14	0.4166	1	8.6899	0.1005	0	0.1626
W01	2952.7067	2881.3326	14	0.4166		8.6899	0.1005	0	0.1626
W01	2953.7067	2882.3299	14	0.5009	1	7.6328	0.1161	0	0.2593
W01	2954.7067	2883.3271	14	0.5009	1	7.6328	0.1161	0	0.2593
W01	2955.7067	2884.3244	14	0.5009	1	7.6328	0.1161	0	0.2593
W01	2956.7067	2885.3216	14	0.5009		7.6328	0.1161	0	0.2593
W01	2957.7067	2886.3189		0.5009	1	7.6328	0.1161	0	0.2593
W01	2958.7067	2887.3161	14	0.3638	1	9.4237	0.153	1	3.3328
W01	2959.7067	2888.3134	14	0.3638	1	9.4237	0.153	1	3.3328
W01	2960.7067	2889.3106	14	0.3638	1		0.153	1	3.3328
W01	2961.7067	2890.3079		0.3638	1	9.4237	0.153	1	3.3328
W01	2962.7067	2891.3051	14	0.3638	1		0.153	1	3.3328
W01	2963.7067	2892.3024	14	0.4917		7.7419	0.1138	0	0.243
W01	2964.7067	2893.2996	14	0.4917	1	7.7419	0.1138	0	
W01	2965.7067	2894.2969	14	0.4917	1	7.7419	0.1138	0	0.243
W01	2966.7067	2895.2941	14	0.4917	1	7.7419	0.1138	0	0.243
W01	2967.7067	2896.2914	14	0.4917	1	7.7419	0.1138	0	0.243
W01	2968.7067	2897.2886	14	0.4923	1	7.7347	0.084	0	0.091
W01	2969.7067	2898.2859	14	0.4923	1	7.7347	0.084	0	0.091
W01	2970.7067	2899.2831	14	0.4923	1	7.7347	0.084	0	0.091
W01	2971.7067	2900.2804	14	0.4923	1	7.7347	0.084	0	0.091
W01	2972.7067	2901.2776	14	0.4923	1	7.7347	0.084	0	0.091
W01	2973.7067	2902.2749	14	0.4923	1	7.7347	0.084	0	0.091
W01	2974.7067	2903.2721	14	0.4129	1	8.7395	0.0754	0	0.0642
W01	2975.7067	2904.2694	14	0.4129	1	8.7395	0.0754	0	0.0642
W01	2976.7067	2905.2666	14	0.4129	1	8.7395	0.0754	0	0.0642
W01	2977.7067	2906.2639	14	0.4129	1	8.7395	0.0754	0	
W01	2978.7067	2907.2611	14	0.4129	1	8.7395	0.0754	0	0.0642
W01	2979.7067	2908.2584	14	0.4317	1	8.4906	0.0832	0	0.0884
W01	2980.7067	2909.2556	14	0.4317	1	8.4906	0.0832	0	
W01	2981.7067	2910.2529		0.4317	1	8.4906	0.0832	0	0.0884
W01	2982.7067	2911.2501	14	0.4317	1	8.4906	0.0832	0	0.0884
W01	2983.7067	2912.2474	14	0.4317	1	8.4906	0.0832	0	0.0884
W01	2984.7067	2913.2446	14	0.4678	1	8.0319	0.1014	0	0.1675
W01	2985.7067	2914.2419	14	0.4678	1	8.0319	0.1014	0	0.1675
W01	2986.7067	2915.2391	14	0.4678	1	8.0319	0.1014	0	0.1675
W01	2987.7067	2916.2364	14	0.4678		8.0319	0.1014	0	0.1675
W01	2988.7067	2917.2336	14	0.4678	1		0.1014	0	0.1675
W01	2989.7067	2918.2309	14	0.6146	1	6.4089	0.0975	0	0.1472
W01	2990.7067	2919.2281	14	0.6146	1	6.4089	0.0975	0	0.1472
W01	2991.7067	2920.2254	14	0.6146	1	6.4089	0.0975	0	0.1472
W01	2992.7067	2921.2226	14	0.6146	1	6.4089	0.0975	0	0.1472
W01	2993.7067	2922.2199	14	0.6146	1	6.4089	0.0975	0	0.1472
W01	2994.7067	2923.2171	14	0.554	1	7.0347	0.1448	0	0.5284
W01	2995.7067	2924.2144	14	0.554	1	7.0347	0.1448	0	0.5284
W01	2996.7067	2925.2116	14	0.554	1	7.0347	0.1448	0	0.5284
W01	2997.7067	2926.2089	14	0.554	1		0.1448	0	0.5284
W01	2998.7067	2927.2061	14	0.554	1	7.0347	0.1448	0	0.5284
W01	2999.7067	2928.2034	14	0.3129	1	10.1917	0.1036	0	0.1791
W01	3000.7067	2929.2006	14	0.3129	1	10.1917	0.1036	0	0.1791
W01	3001.7067	2930.1979	14	0.3129	1	10.1917	0.1036	0	0.1791
W01	3002.7067	2931.1951	14	0.3129	1	10.1917	0.1036	0	0.1791
W01	3003.7067	2932.1924	14	0.3129	1	10.1917	0.1036	0	0.1791
W01	3004.7067	2933.1896	14	0.3129	1	10.1917	0.1036	0	0.1791
W01	3005.7067	2934.1869	14	0.5605	1	6.9644	0.1058	0	0.1919
W01	3006.7067	2935.1841	14	0.5605	1	6.9644	0.1058	0	0.1919
W01	3007.7067	2936.1814	14	0.5605	1	6.9644	0.1058	0	0.1919
W01	3008.7067	2937.1786	14	0.5605	1		0.1058	0	0.1919
W01	3009.7067	2938.1759	14	0.5605	1	6.9644	0.1058	0	0.1919
W01	3010.7067	2939.1731	14	0.6735	1	5.8542	0.1379	0	0.4518
W01	3011.7067	2940.1704	14	0.6735	1	5.8542	0.1379	0	0.4518
W01	3012.7067	2941.1676	14	0.6735	1	5.8542	0.1379	0	0.4518
W01	3013.7067	2942.1649	14	0.6735	1	5.8542	0.1379	0	0.4518
W01	3014.7067	2943.1621	14	0.6735	1	5.8542	0.1379	0	0.4518
W01	3015.7067	2944.1594	14	0.6246	1	6.3114	0.1167	0	0.2635
W01	3016.7067	2945.1566	14	0.6246	1	6.3114	0.1167	0	0.2635
W01	3017.7067	2946.1539	14	0.6246		6.3114	0.1167	0	0.2635
W01	3018.7067	2947.1511	14	0.6246	1	6.3114	0.1167	0	0.2635
W01	3019.7067	2948.1484	14	0.6246	1	6.3114	0.1167	0	
W01	3020.7067	2949.1456	14	0.4998	1	7.646	0.1008	0	0.1641
W01	3021.7067	2950.1429	14	0.4998	1	7.646	0.1008	0	0.1641
W01	3022.7067	2951.1401	14	0.4998	1	7.646	0.1008	0	0.1641
W01	3023.7067	2952.1374	14	0.4998	1	7.646	0.1008	0	0.1641
W01	3024.7067	2953.1346	14	0.4998	1	7.646		0	0.1641
W01	3025.7067	2954.1319	14	0.4448	1	8.3209	0.0997	0	0.1586
W01	3026.7067	2955.1292	14	0.4448	1	8.3209	0.0997	0	0.1586
W01	3027.7067	2956.1264	14	0.4448	1	8.3209	0.0997	0	0.1586
W01	3028.7067	2957.1237	14	0.4448	1	8.3209	0.0997	0	0.1586
W01	3029.7067	2958.1209	14	0.4448	1	8.3209	0.0997	0	0.1586
W01	3030.7067	2959.1182	14	0.529	1		0.1248	0	0.3274
W01	3031.7067	2960.1154	14	0.529	1	7.3106	0.1248	0	0.3274
W01	3032.7067	2961.1127	14		1	7.3106	0.1248	0	0.3274
W01	3033.7067	2962.1099	14	0.529	1	7.3106	0.1248	0	0.3274
W01	3034.7067	2963.1072	14		1	7.3106	0.1248	0	0.3274
W01	3035.7067	2964.1044	14	0.5372	1	7.2185	0.1005	0	0.1626
W01	3036.7067	2965.1017	14	0.5372	1	7.2185	0.1005	0	0.1626
W01	3037.7067	2966.0989	14	0.5372	1	7.2185	0.1005	0	0.1626
W01	3038.7067	2967.0962	14		1	7.2185	0.1005	0	0.1626
W01	3039.7067	2968.0934	14	0.5372	1	7.2185	0.1005	0	0.1626
W01	3040.7067	2969.0907	14	0.5372	1	7.2185	0.1005	0	0.1626
W01	3041.7067	2970.0879	14	0.5436	1	7.1477	0.1128	0	0.2359
W01	3042.7067	2971.0852	14	0.5436	1	7.1477	0.1128	0	0.2359
W01	3043.7067	2972.0824	14	0.5436	1	7.1477	0.1128	0	0.2359
W01	3044.7067	2973.0797	14	0.5436	1	7.1477	0.1128	0	
W01	3045.7067	2974.0769	14	0.5436	1	7.1477	0.1128	0	0.2359
W01	3046.7067	2975.0742	14	0.5071	1	7.5606	0.1246	0	0.3256
W01	3047.7067	2976.0714	14	0.5071	1	7.5606	0.1246	0	0.3256
W01	3048.7067	2977.0687	14	0.5071	1	7.5606	0.1246	0	0.3256
W01	3049.7067	2978.0659	14	0.5071	1	7.5606	0.1246	0	0.3256
W01	3050.7067	2979.0632	14	0.5071	1	7.5606		0	0.3256
W01	3051.7067	2980.0604	14	0.4769	1	7.9198	0.1075	0	0.202
W01	3052.7067	2981.0577	14	0.4769	1	7.9198	0.1075	0	0.202
W01	3053.7067	2982.0549	14	0.4769	1	7.9198	0.1075	0	0.202
W01	3054.7067	2983.0522	14	0.4769	1	7.9198	0.1075	0	0.202
W01	3055.7067	2984.0494	14	0.4769		7.9198	0.1075	0	0.202
W01	3056.7067	2985.0467	14	0.425	1	8.5782	0.1531	0	0.6334
W01	3057.7067	2986.0439	14	0.425	1	8.5782	0.1531	0	0.6334
W01	3058.7067	2987.0412	14	0.425	1	8.5782	0.1531	0	0.6334
W01	3059.7067	2988.0384	14	0.425	1	8.5782	0.1531	0	0.6334
W01	3060.7067	2989.0357	14	0.425	1	8.5782	0.1531	0	0.6334
W01	3061.7067	2990.0329	14	0.4428	1	8.3461	0.1279	0	0.3538
W01	3062.7067	2991.0302	14	0.4428	1	8.3461	0.1279	0	0.3538
W01	3063.7067	2992.0274	14	0.4428	1	8.3461	0.1279	0	0.3538
W01	3064.7067	2993.0247	14	0.4428	1	8.3461	0.1279	0	0.3538
W01	3065.7067	2994.0219	14	0.4428	1	8.3461	0.1279	0	0.3538
W01	3066.7067	2995.0192	14	0.4538	1	8.2059	0.1153	0	0.2534
W01	3067.7067	2996.0164	14	0.4538	1	8.2059	0.1153	0	0.2534
W01	3068.7067	2997.0137	14		1	8.2059	0.1153	0	0.2534
W01	3069.7067	2998.0109	14	0.4538	1		0.1153	0	0.2534
W01	3070.7067	2999.0082	14	0.4538	1	8.2059	0.1153	0	0.2534
W01	3071.7067	3000.0054	14	0.4968	1	7.6819	0.0959	0	0.1397
W01	3072.7067	3001.0027	14	0.4968	1	7.6819	0.0959	0	0.1397
W01	3073.7067	3001.9999	14	0.4968	1	7.6819	0.0959	0	0.1397
W01	3074.7067	3002.9972	14	0.4968	1	7.6819	0.0959	0	0.1397
W01	3075.7067	3003.9944	14	0.4968	1	7.6819	0.0959	0	0.1397
W01	3076.7067	3004.9917	14	0.4968	1	7.6819	0.0959	0	0.1397
W01	3077.7067	3005.9889	14	0.4253	1	8.5735	0.1183	0	0.2754
W01	3078.7067	3006.9862	14	0.4253	1	8.5735	0.1183	0	0.2754
W01	3079.7067	3007.9834	14	0.4253	1	8.5735	0.1183	0	0.2754
W01	3080.7067	3008.9807	14	0.4253	1	8.5735		0	0.2754
W01	3081.7067	3009.9779	14	0.4253	1	8.5735	0.1183	0	0.2754
W01	3082.7067	3010.9752	14	0.4161	1	8.6965	0.0728	0	0.0574
W01	3083.7067	3011.9724	14	0.4161	1	8.6965	0.0728	0	0.0574
W01	3084.7067	3012.9697	14	0.4161	1	8.6965	0.0728	0	0.0574
W01	3085.7067	3013.9669	14	0.4161		8.6965	0.0728	0	0.0574
W01	3086.7067	3014.9642	14	0.4161	1	8.6965	0.0728	0	0.0574
W01	3087.7067	3015.9614	14	0.5207	1	7.4041	0.1019	0	
W01	3088.7067	3016.9587	14	0.5207	1	7.4041	0.1019	0	0.1698
W01	3089.7067	3017.9559	14	0.5207	1	7.4041	0.1019	0	0.1698
W01	3090.7067	3018.9532	14	0.5207	1	7.4041	0.1019	0	0.1698
W01	3091.7067	3019.9504		0.5207		7.4041	0.1019	0	0.1698
W01	3092.7067	3020.9477	14	0.4257	1	8.5688	0.1639	1	4.288
W01	3093.7067	3021.9449	14	0.4257	1	8.5688	0.1639	1	4.288
W01	3094.7067	3022.9422		0.4257	1	8.5688		1	4.288
W01	3095.7067	3023.9394	14	0.4257	1	8.5688	0.1639	1	4.288
W01	3096.7067	3024.9367	14	0.4257	1	8.5688	0.1639	1	4.288
W01	3097.7067	3025.9339	14	0.2872	1	10.6014	0.1558	1	3.5609
W01	3098.7067	3026.9312	14	0.2872	1	10.6014	0.1558	1	3.5609
W01	3099.7067	3027.9284	14	0.2872	1	10.6014	0.1558	1	3.5609
W01	3100.7067	3028.9257	14	0.2872		10.6014	0.1558	1	3.5609
W01	3101.7067	3029.9229		0.2872	1	10.6014	0.1558	1	3.5609
W01	3102.7067	3030.9202		0.4842	1	7.8311	0.1084	0	0.2073
W01	3103.7067	3031.9174	14	0.4842	1	7.8311	0.1084	0	
W01	3104.7067	3032.9147	14	0.4842	1	7.8311	0.1084	0	0.2073
W01	3105.7067	3033.9119	14	0.4842	1	7.8311	0.1084	0	0.2073
W01	3106.7067	3034.9092	14	0.4842	1	7.8311	0.1084	0	0.2073
W01	3107.7067	3035.9064	14	0.4842	1	7.8311	0.1084	0	0.2073
W01	3108.7067	3036.9037	14	0.624	1	6.3168	0.1298	0	
W01	3109.7067	3037.9009	14	0.624	1	6.3168		0	0.3716
W01	3110.7067	3038.8982	14	0.624	1	6.3168	0.1298	0	0.3716
W01	3111.7067	3039.8954	14	0.624	1	6.3168	0.1298	0	0.3716
W01	3112.7067	3040.8927	14	0.624	1	6.3168	0.1298	0	0.3716
W02	2272.4278	2195.1463	0	0.5843	0.9494		0.1599	0	0.7277
W02	2273.4278	2196.1461	0	0.5843	0.9494	6.7145	0.1599	0	0.7277
W02	2274.4278	2197.1458	0	0.5843	0.9494	6.7145	0.1599	0	0.7277
W02	2275.4278	2198.1456	0	0.5843	0.9494	6.7145	0.1599	0	0.7277
W02	2276.4278	2199.1453	0	0.5843	0.9494	6.7145	0.1599	0	0.7277
W02	2277.4278	2200.1451	0	0.4656	0.9733	8.0583	0.1526	0	0.6267
W02	2278.4278	2201.1449	0	0.4656	0.9733	8.0583	0.1526	0	0.6267
W02	2279.4278	2202.1446	0	0.4656	0.9733	8.0583	0.1526	0	0.6267
W02	2280.4278	2203.1444	0	0.4656	0.9733		0.1526	0	0.6267
W02	2281.4278	2204.1441	0	0.4656	0.9733	8.0583	0.1526	0	0.6267
W02	2282.4278	2205.1439	0	0.6118	1	6.4367	0.1405	0	0.4802
W02	2283.4278	2206.1437	0		1	6.4367	0.1405	0	0.4802
W02	2284.4278	2207.1434	0	0.6118	1	6.4367	0.1405	0	0.4802
W02	2285.4278	2208.1432	0	0.6118	1	6.4367	0.1405	0	0.4802
W02	2286.4278	2209.1429	0	0.6118	1	6.4367		0	0.4802
W02	2287.4278	2210.1427	0	0.6342	1	6.2188	0.135	0	0.422
W02	2288.4278	2211.1424	0	0.6342	1	6.2188	0.135	0	0.422
W02	2289.4278	2212.1422	0	0.6342	1	6.2188	0.135	0	0.422
W02	2290.4278	2213.142	0	0.6342	1	6.2188	0.135	0	0.422
W02	2291.4278	2214.1417	0	0.6342	1	6.2188	0.135	0	
W02	2292.4278	2215.1415	0	0.5489	1	7.0902	0.1208	0	0.2943
W02	2293.4278	2216.1412	0	0.5489	1	7.0902	0.1208	0	0.2943
W02	2294.4278	2217.141	0	0.5489	1	7.0902	0.1208	0	0.2943
W02	2295.4278	2218.1407	0	0.5489	1	7.0902	0.1208	0	0.2943
W02	2296.4278	2219.1405	0	0.5489	1	7.0902	0.1208	0	0.2943
W02	2297.4278	2220.1402	0	0.5584	1	6.9877	0.1356	0	0.4279
W02	2298.4278	2221.14	0	0.5584	1	6.9877	0.1356	0	0.4279
W02	2299.4278	2222.1398	0	0.5584	1	6.9877	0.1356	0	0.4279
W02	2300.4278	2223.1395		0.5584	1	6.9877	0.1356	0	0.4279
W02	2301.4278	2224.1393	0	0.5584	1	6.9877	0.1356	0	0.4279
W02	2302.4278	2225.139	0	0.6414	1	6.1504	0.1289	0	0.3633
W02	2303.4278	2226.1388	0	0.6414	1	6.1504		0	0.3633
W02	2304.4278	2227.1385	0	0.6414	1	6.1504	0.1289	0	0.3633
W02	2305.4278	2228.1383	0	0.6414	1	6.1504	0.1289	0	0.3633
W02	2306.4278	2229.138	0	0.6414	1	6.1504	0.1289	0	0.3633
W02	2307.4278	2230.1378	0	0.6557	1	6.0164	0.1329	0	0.4007
W02	2308.4278	2231.1375	0	0.6557	1		0.1329	0	0.4007
W02	2309.4278	2232.1373	0	0.6557	1	6.0164	0.1329	0	0.4007
W02	2310.4278	2233.137	0	0.6557	1	6.0164	0.1329	0	0.4007
W02	2311.4278	2234.1368	0	0.6557	1	6.0164	0.1329	0	0.4007
W02	2312.4278	2235.1365	0	0.6442	1	6.1241	0.1204	0	0.2912
W02	2313.4278	2236.1363	0	0.6442	1	6.1241	0.1204	0	0.2912
W02	2314.4278	2237.136	0	0.6442	1	6.1241	0.1204	0	0.2912
W02	2315.4278	2238.1358	0	0.6442	1	6.1241	0.1204	0	0.2912
W02	2316.4278	2239.1356	0	0.6442	1	6.1241	0.1204	0	0.2912
W02	2317.4278	2240.1353	0	0.6476	1	6.0919	0.1327	0	0.3985
W02	2318.4278	2241.1351	0	0.6476	1	6.0919	0.1327	0	0.3985
W02	2319.4278	2242.1348	0	0.6476	1	6.0919	0.1327	0	0.3985
W02	2320.4278	2243.1346	0	0.6476	1	6.0919	0.1327	0	0.3985
W02	2321.4278	2244.1343	0	0.6476	1	6.0919	0.1327	0	0.3985
W02	2322.4278	2245.1341	0	0.706	1	5.5691	0.1337	0	0.4089
W02	2323.4278	2246.1338	0	0.706	1	5.5691	0.1337	0	0.4089
W02	2324.4278	2247.1336	0	0.706	1	5.5691	0.1337	0	0.4089
W02	2325.4278	2248.1333	0	0.706	1	5.5691	0.1337	0	0.4089
W02	2326.4278	2249.1331	0	0.706	1	5.5691	0.1337	0	0.4089
W02	2327.4278	2250.1328	0	0.6245	1	6.3119	0.1206	0	0.293
W02	2328.4278	2251.1325	0	0.6245	1	6.3119	0.1206	0	0.293
W02	2329.4278	2252.1323	0	0.6245	1	6.3119	0.1206	0	0.293
W02	2330.4278	2253.132		0.6245	1		0.1206	0	0.293
W02	2331.4278	2254.1318	0	0.6245		6.3119	0.1206	0	0.293
W02	2332.4278	2255.1315	0	0.6382	1	6.1801	0.1249	0	0.3281
W02	2333.4278	2256.1313	0	0.6382	1	6.1801	0.1249	0	0.3281
W02	2334.4278	2257.131	0	0.6382	1	6.1801	0.1249	0	0.3281
W02	2335.4278	2258.1308		0.6382	1	6.1801	0.1249	0	0.3281
W02	2336.4278	2259.1305	0	0.6382	1	6.1801	0.1249	0	0.3281
W02	2337.4278	2260.1303	0	0.6932	1	5.6796	0.1282	0	0.3573
W02	2338.4278	2261.13	0	0.6932	1	5.6796	0.1282	0	0.3573
W02	2339.4278	2262.1298	0	0.6932	1		0.1282	0	0.3573
W02	2340.4278	2263.1295	0	0.6932	1	5.6796	0.1282	0	0.3573
W02	2341.4278	2264.1293	0	0.6932	1	5.6796	0.1282	0	0.3573
W02	2342.4278	2265.129	0	0.579	1	6.7693	0.1223	0	0.3063
W02	2343.4278	2266.1287	0	0.579	1	6.7693	0.1223	0	0.3063
W02	2344.4278	2267.1285	0	0.579	1	6.7693		0	0.3063
W02	2345.4278	2268.1282	0	0.579	1	6.7693	0.1223	0	0.3063
W02	2346.4278	2269.128	0		1	6.7693	0.1223	0	0.3063
W02	2347.4278	2270.1277	0	0.6121	1	6.4336	0.132	0	0.3923
W02	2348.4278	2271.1275	0	0.6121	1	6.4336	0.132	0	0.3923
W02	2349.4278	2272.1272	0	0.6121	1	6.4336	0.132	0	0.3923
W02	2350.4278	2273.127	0	0.6121	1	6.4336		0	0.3923
W02	2351.4278	2274.1267	0	0.6121	1	6.4336	0.132	0	0.3923
W02	2352.4278	2275.1264	0	0.5175	1	7.4408	0.1349	0	0.4206
W02	2353.4278	2276.1262	0	0.5175	1	7.4408	0.1349	0	0.4206
W02	2354.4278	2277.1259	0	0.5175	1	7.4408	0.1349	0	0.4206
W02	2355.4278	2278.1257	0	0.5175	1	7.4408	0.1349	0	0.4206
W02	2356.4278	2279.1254			1	7.4408	0.1349	0	0.4206
W02	2357.4278	2280.1252	0	0.4708	1	7.9944	0.1254	0	0.3327
W02	2358.4278	2281.1249	0	0.4708	1	7.9944	0.1254	0	0.3327
W02	2359.4278	2282.1246	0	0.4708	1	7.9944	0.1254	0	0.3327
W02	2360.4278	2283.1244	0	0.4708	1	7.9944	0.1254	0	
W02	2361.4278	2284.1241	0	0.4708	1	7.9944	0.1254	0	0.3327
W02	2362.4278	2285.1239	0	0.5079	1	7.5518	0.1052	0	0.1882
W02	2363.4278	2286.1236	0		1	7.5518	0.1052	0	0.1882
W02	2364.4278	2287.1233		0.5079	1	7.5518	0.1052	0	0.1882
W02	2365.4278	2288.1231	0	0.5079	1	7.5518	0.1052	0	0.1882
W02	2366.4278	2289.1228	0	0.5079	1	7.5518	0.1052	0	0.1882
W02	2367.4278	2290.1226	0	0.5575	1	6.9966	0.1302	0	0.3755
W02	2368.4278	2291.1223	0	0.5575	1	6.9966	0.1302	0	0.3755
W02	2369.4278	2292.122	0	0.5575	1		0.1302	0	
W02	2370.4278	2293.1218	0	0.5575	1	6.9966	0.1302	0	0.3755
W02	2371.4278	2294.1215	0	0.5575	1	6.9966	0.1302	0	0.3755
W02	2372.4278	2295.1213	0	0.5979	1	6.5759	0.1171	0	0.2666
W02	2373.4278	2296.121	0	0.5979	1	6.5759	0.1171	0	0.2666
W02	2374.4278	2297.1207	0	0.5979	1	6.5759	0.1171	0	0.2666
W02	2375.4278	2298.1205	0	0.5979	1	6.5759	0.1171	0	0.2666
W02	2376.4278	2299.1202	0	0.5979		6.5759	0.1171	0	0.2666
W02	2377.4278	2300.12	0	0.5907	1	6.6493	0.1021	0	0.171
W02	2378.4278	2301.1197	0	0.5907	1	6.6493	0.1021	0	0.171
W02	2379.4278	2302.1194	0	0.5907	1	6.6493	0.1021	0	0.171
W02	2380.4278	2303.1192	0	0.5907	1	6.6493	0.1021	0	0.171
W02	2381.4278	2304.1189	0	0.5907	1	6.6493	0.1021	0	0.171
W02	2382.4278	2305.1186	0	0.6302	1	6.2574	0.1269	0	0.3451
W02	2383.4278	2306.1184	0	0.6302	1	6.2574	0.1269	0	0.3451
W02	2384.4278	2307.1181	0	0.6302	1	6.2574	0.1269	0	0.3451
W02	2385.4278	2308.1179	0	0.6302	1	6.2574	0.1269	0	0.3451
W02	2386.4278	2309.1176	0	0.6302	1	6.2574	0.1269	0	0.3451
W02	2387.4278	2310.1173	0	0.6476	1	6.0919	0.1348	0	0.4201
W02	2388.4278	2311.1171	0	0.6476	1	6.0919	0.1348	0	0.4201
W02	2389.4278	2312.1168	0		1	6.0919	0.1348	0	0.4201
W02	2390.4278	2313.1165	0	0.6476	1	6.0919	0.1348	0	0.4201
W02	2391.4278	2314.1163	0	0.6476	1	6.0919	0.1348	0	0.4201
W02	2392.4278	2315.116		0.6828	0.9513	5.7709	0.1599	0	0.7287
W02	2393.4278	2316.1157	0	0.6828	0.9513	5.7709	0.1599	0	0.7287
W02	2394.4278	2317.1155	0	0.6828	0.9513	5.7709	0.1599	0	
W02	2395.4278	2318.1152	0	0.6828		5.7709	0.1599	0	0.7287
W02	2396.4278	2319.1149	0	0.6828		5.7709	0.1599	0	0.7287
W02	2397.4278	2320.1147	0	0.6998	1	5.6223	0.1413	0	0.489
W02	2398.4278	2321.1144	0	0.6998	1	5.6223	0.1413	0	0.489
W02	2399.4278	2322.1141	0	0.6998	1	5.6223	0.1413	0	0.489
W02	2400.4278	2323.1139	0	0.6998	1	5.6223	0.1413	0	0.489
W02	2401.4278	2324.1136	0		1	5.6223	0.1413	0	0.489
W02	2402.4278	2325.1133	0	0.6304	1	6.2555	0.1309	0	0.3817
W02	2403.4278	2326.1131	0	0.6304	1	6.2555	0.1309	0	0.3817
W02	2404.4278	2327.1128	0	0.6304	1		0.1309	0	0.3817
W02	2405.4278	2328.1125	0	0.6304	1	6.2555	0.1309	0	0.3817
W02	2406.4278	2329.1123	0	0.6304	1	6.2555	0.1309	0	0.3817
W02	2407.4278	2330.112	0	0.6772	0.9614	5.8207	0.1568	0	0.6835
W02	2408.4278	2331.1117	0	0.6772	0.9614	5.8207	0.1568	0	0.6835
W02	2409.4278	2332.1115	0	0.6772	0.9614	5.8207	0.1568	0	0.6835
W02	2410.4278	2333.1112	0	0.6772	0.9614	5.8207	0.1568	0	0.6835
W02	2411.4278	2334.1109	0	0.6772	0.9614	5.8207	0.1568	0	0.6835
W02	2412.4278	2335.1106	0	0.6557	0.9796	6.0164	0.1511	0	0.6068
W02	2413.4278	2336.1104	0	0.6557	0.9796	6.0164	0.1511	0	0.6068
W02	2414.4278	2337.1101	0	0.6557		6.0164	0.1511	0	0.6068
W02	2415.4278	2338.1098	0	0.6557	0.9796		0.1511	0	0.6068
W02	2416.4278	2339.1096	0	0.4115	0.3199	8.7573		1	52.1403
W02	2417.4278	2340.1093	0	0.4115	0.3199	8.7573	0.1911	1	52.1403
W02	2418.4278	2341.109	0	0.4115	0.3199	8.7573	0.1911	1	52.1403
W02	2419.4278	2342.1087	0	0.4115	0.3199	8.7573	0.1911	1	52.1403
W02	2420.4278	2343.1085	0	0.4115		8.7573	0.1911	1	52.1403
W02	2421.4278	2344.1082	0	0.2759	0.2597	10.7878	0.2455	1	138.0305
W02	2422.4278	2345.1079	0	0.2759	0.2597	10.7878	0.2455	1	138.0305
W02	2423.4278	2346.1077	1	0.2413	0.2589	11.3765	0.2466	1	140.452
W02	2424.4278	2347.1074	1	0.2413	0.2589	11.3765		1	140.452
W02	2425.4278	2348.1071	1	0.2413	0.2589	11.3765	0.2466	1	140.452
W02	2426.4278	2349.1068	1	0.2413	0.2589	11.3765	0.2466	1	140.452
W02	2427.4278	2350.1066	1	0.2413		11.3765	0.2466	1	140.452
W02	2428.4278	2351.1063		0.2294	0.262	11.5875	0.2435	1	133.5359
W02	2429.4278	2352.106	1	0.2294	0.262	11.5875	0.2435	1	133.5359
W02	2430.4278	2353.1057	1	0.2294	0.262	11.5875	0.2435	1	133.5359
W02	2431.4278	2354.1055	1	0.2294	0.262	11.5875	0.2435	1	133.5359
W02	2432.4278	2355.1052	1	0.2294	0.262	11.5875	0.2435	1	133.5359
W02	2433.4278	2356.1049	1	0.239	0.2691	11.4174	0.2362	1	118.7985
W02	2434.4278	2357.1046	1	0.239	0.2691	11.4174	0.2362	1	118.7985
W02	2435.4278	2358.1044	1	0.239	0.2691	11.4174	0.2362	1	118.7985
W02	2436.4278	2359.1041	1		0.2691	11.4174	0.2362	1	118.7985
W02	2437.4278	2360.1038	1	0.239	0.2691	11.4174	0.2362	1	118.7985
W02	2438.4278	2361.1035	1	0.2093	0.2648		0.2411	1	128.6057
W02	2439.4278	2362.1033	1	0.2093		11.9517	0.2411	1	128.6057
W02	2440.4278	2363.103	1	0.2093	0.2648	11.9517	0.2411	1	128.6057
W02	2441.4278	2364.1027	1	0.2093		11.9517	0.2411	1	128.6057
W02	2442.4278	2365.1024	1	0.2093	0.2648	11.9517	0.2411	1	128.6057
W02	2443.4278	2366.1022	1	0.2739	0.2808	10.821	0.2252	1	98.6695
W02	2444.4278	2367.1019		0.2739	0.2808	10.821	0.2252	1	98.6695
W02	2445.4278	2368.1016	1	0.2739	0.2808	10.821	0.2252	1	98.6695
W02	2446.4278	2369.1013	1	0.2739	0.2808	10.821	0.2252	1	98.6695
W02	2447.4278	2370.1011	1	0.2739	0.2808		0.2252	1	98.6695
W02	2448.4278	2371.1008	1	0.4128		8.74	0.1894	1	7.2679
W02	2449.4278	2372.1005	1	0.4128	0.5579	8.74	0.1894	1	7.2679
W02	2450.4278	2373.1002	1	0.4128	0.5579	8.74	0.1894	1	7.2679
W02	2451.4278	2374.0999	1	0.4128	0.5579	8.74	0.1894	1	7.2679
W02	2452.4278	2375.0997	1	0.4128	0.5579	8.74	0.1894	1	7.2679
W02	2453.4278	2376.0994	1	0.4814	0.5935	7.8653	0.1739	1	5.3174
W02	2454.4278	2377.0991	1	0.4814		7.8653	0.1739	1	5.3174
W02	2455.4278	2378.0988	1	0.4814	0.5935	7.8653	0.1739	1	5.3174
W02	2456.4278	2379.0985	1	0.4814		7.8653	0.1739	1	5.3174
W02	2457.4278	2380.0983	1	0.4814	0.5935	7.8653	0.1739	1	5.3174
W02	2458.4278	2381.098	1	0.3883	0.5862	9.0762	0.1772	1	5.6983
W02	2459.4278	2382.0977	1	0.3883	0.5862	9.0762	0.1772	1	5.6983
W02	2460.4278	2383.0974	1	0.3883	0.5862	9.0762	0.1772	1	5.6983
W02	2461.4278	2384.0971	1	0.3883	0.5862	9.0762	0.1772	1	5.6983
W02	2462.4278	2385.0969	1		0.5862	9.0762	0.1772	1	5.6983
W02	2463.4278	2386.0966	1	0.4112	0.5934	8.7615	0.1744	1	5.3755
W02	2464.4278	2387.0963	1	0.4112	0.5934	8.7615	0.1744	1	5.3755
W02	2465.4278	2388.096	1	0.4112	0.5934	8.7615	0.1744	1	
W02	2466.4278	2389.0957	1	0.4112	0.5934	8.7615	0.1744	1	5.3755
W02	2467.4278	2390.0954	1	0.4112	0.5934	8.7615	0.1744	1	5.3755
W02	2468.4278	2391.0952	1	0.4678	0.5838		0.1788	1	5.8816
W02	2469.4278	2392.0949	1	0.4678	0.5838	8.0317	0.1788	1	5.8816
W02	2470.4278	2393.0946	1	0.4678		8.0317	0.1788	1	5.8816
W02	2471.4278	2394.0943	1	0.4678	0.5838	8.0317	0.1788	1	5.8816
W02	2472.4278	2395.094	1	0.4678	0.5838	8.0317	0.1788	1	5.8816
W02	2473.4278	2396.0937	1	0.5461	0.5895	7.1208	0.1766	1	5.621
W02	2474.4278	2397.0935	1	0.5461	0.5895	7.1208	0.1766	1	5.621
W02	2475.4278	2398.0932	1	0.5461	0.5895	7.1208	0.1766	1	5.621
W02	2476.4278	2399.0929	1		0.5895	7.1208	0.1766	1	5.621
W02	2477.4278	2400.0926	1	0.5461	0.5895	7.1208	0.1766	1	5.621
W02	2478.4278	2401.0923	1	0.6114		6.441	0.1685	0	0.8619
W02	2479.4278	2402.092	1	0.6114	0.9293	6.441	0.1685	0	0.8619
W02	2480.4278	2403.0918	1	0.6114	0.9293	6.441	0.1685	0	0.8619
W02	2481.4278	2404.0915	1		0.9293	6.441	0.1685	0	0.8619
W02	2482.4278	2405.0912	1	0.6114	0.9293	6.441	0.1685	0	0.8619
W02	2483.4278	2406.0909	1	0.6662	0.9497	5.9204	0.1613	0	0.7496
W02	2484.4278	2407.0906	1	0.6662	0.9497	5.9204	0.1613	0	0.7496
W02	2485.4278	2408.0903	1	0.6662	0.9497	5.9204	0.1613	0	0.7496
W02	2486.4278	2409.09	1	0.6662	0.9497	5.9204	0.1613	0	0.7496
W02	2487.4278	2410.0898	1	0.6662	0.9497	5.9204	0.1613	0	0.7496
W02	2488.4278	2411.0895	1	0.5688	0.9757	6.8768	0.1527	0	0.6275
W02	2489.4278	2412.0892	1	0.5688	0.9757	6.8768	0.1527	0	0.6275
W02	2490.4278	2413.0889	1	0.5688		6.8768	0.1527	0	0.6275
W02	2491.4278	2414.0886	1	0.5688	0.9757	6.8768	0.1527	0	0.6275
W02	2492.4278	2415.0883	1	0.5688		6.8768	0.1527	0	0.6275
W02	2493.4278	2416.088	1	0.4943	0.9397	7.7112		0	0.8059
W02	2494.4278	2417.0877	1	0.4943	0.9397	7.7112	0.165	0	0.8059
W02	2495.4278	2418.0874	1	0.4943	0.9397	7.7112	0.165	0	
W02	2496.4278	2419.0872	1	0.4943	0.9397	7.7112	0.165	0	0.8059
W02	2497.4278	2420.0869	1	0.4943	0.9397	7.7112		0	0.8059
W02	2498.4278	2421.0866	1	0.4548	0.5616	8.1938	0.1906	1	7.436
W02	2499.4278	2422.0863	1	0.4548	0.5616	8.1938	0.1906	1	7.436
W02	2500.4278	2423.086	1	0.4548	0.5616	8.1938	0.1906	1	7.436
W02	2501.4278	2424.0857	1	0.4548	0.5616	8.1938	0.1906	1	7.436
W02	2502.4278	2425.0854	1	0.4548	0.5616	8.1938	0.1906	1	7.436
W02	2503.4278	2426.0851	1	0.5713	0.6212	6.8501	0.1654	1	4.425
W02	2504.4278	2427.0848	1	0.5713	0.6212	6.8501	0.1654	1	4.425
W02	2505.4278	2428.0845	1	0.5713	0.6212	6.8501	0.1654	1	4.425
W02	2506.4278	2429.0843	1	0.5713	0.6212	6.8501	0.1654	1	4.425
W02	2507.4278	2430.084	1	0.5713	0.6212	6.8501	0.1654	1	4.425
W02	2508.4278	2431.0837	1	0.6399	0.9619	6.1643		0	0.693
W02	2509.4278	2432.0834	1	0.6399	0.9619	6.1643	0.1575	0	0.693
W02	2510.4278	2433.0831	1	0.6399	0.9619	6.1643	0.1575	0	0.693
W02	2511.4278	2434.0828	1	0.6399	0.9619	6.1643	0.1575	0	0.693
W02	2512.4278	2435.0825	1		0.9619	6.1643	0.1575	0	0.693
W02	2513.4278	2436.0822	1	0.2899	0.2691	10.5583	0.2428	1	132.1379
W02	2514.4278	2437.0819	1	0.2899	0.2691	10.5583	0.2428	1	132.1379
W02	2515.4278	2438.0816	1	0.2899	0.2691	10.5583	0.2428	1	132.1379
W02	2516.4278	2439.0813	1	0.2899	0.2691	10.5583	0.2428	1	132.1379
W02	2517.4278	2440.081	1	0.2899	0.2691	10.5583	0.2428	1	132.1379
W02	2518.4278	2441.0807	1	0.4597	0.5749	8.1322	0.1857	1	6.7625
W02	2519.4278	2442.0804	1	0.4597	0.5749	8.1322	0.1857	1	6.7625
W02	2520.4278	2443.0801	1	0.4597	0.5749	8.1322	0.1857	1	6.7625
W02	2521.4278	2444.0799	1	0.4597	0.5749	8.1322	0.1857	1	6.7625
W02	2522.4278	2445.0796	1	0.4597	0.5749	8.1322	0.1857	1	6.7625
W02	2523.4278	2446.0793	1	0.4313	0.599		0.1755	1	5.4979
W02	2524.4278	2447.079		0.4313	0.599	8.495	0.1755	1	5.4979
W02	2525.4278	2448.0787	1	0.4313	0.599	8.495	0.1755	1	5.4979
W02	2526.4278	2449.0784	1	0.4313	0.599	8.495	0.1755	1	5.4979
W02	2527.4278	2450.0781	1	0.4313	0.599	8.495	0.1755	1	5.4979
W02	2528.4278	2451.0778	1	0.5342	0.9642	7.2526	0.1569	0	0.6851
W02	2529.4278	2452.0775	1	0.5342	0.9642	7.2526	0.1569	0	0.6851
W02	2530.4278	2453.0772	1	0.5342	0.9642	7.2526	0.1569	0	0.6851
W02	2531.4278	2454.0769	1	0.5342	0.9642	7.2526	0.1569	0	0.6851
W02	2532.4278	2455.0766	1		0.9642	7.2526	0.1569	0	0.6851
W02	2533.4278	2456.0763	1	0.4977	0.956	7.671	0.1598	0	0.7274
W02	2534.4278	2457.076	1	0.4977	0.956	7.671	0.1598	0	0.7274
W02	2535.4278	2458.0757	1	0.4977	0.956	7.671	0.1598	0	0.7274
W02	2536.4278	2459.0754	1	0.4977	0.956	7.671	0.1598	0	0.7274
W02	2537.4278	2460.0751	1	0.4977	0.956	7.671	0.1598	0	0.7274
W02	2538.4278	2461.0748	1	0.5762	0.9573	6.799	0.1595	0	0.7218
W02	2539.4278	2462.0745	1	0.5762	0.9573	6.799	0.1595	0	0.7218
W02	2540.4278	2463.0742	1	0.5762	0.9573	6.799	0.1595	0	0.7218
W02	2541.4278	2464.0739	1	0.5762	0.9573	6.799	0.1595	0	0.7218
W02	2542.4278	2465.0736	1	0.5762	0.9573	6.799	0.1595	0	0.7218
W02	2543.4278	2466.0733	1	0.4457	0.2927	8.3095	0.2225	1	94.089
W02	2544.4278	2467.073	1	0.4457	0.2927	8.3095	0.2225	1	94.089
W02	2545.4278	2468.0727	1	0.4457	0.2927	8.3095	0.2225	1	94.089
W02	2546.4278	2469.0724	1	0.4457	0.2927	8.3095	0.2225	1	94.089
W02	2547.4278	2470.0721	1	0.4457		8.3095	0.2225	1	94.089
W02	2548.4278	2471.0718	1	0.5099	0.6001	7.5287	0.1768	1	5.6537
W02	2549.4278	2472.0715	1	0.5099	0.6001	7.5287	0.1768	1	5.6537
W02	2550.4278	2473.0712	1	0.5099	0.6001	7.5287	0.1768	1	5.6537
W02	2551.4278	2474.0709	1	0.5099	0.6001		0.1768	1	
W02	2552.4278	2475.0706	1	0.5099	0.6001	7.5287	0.1768	1	5.6537
W02	2553.4278	2476.0703	1	0.55	0.9558	7.0784	0.1602	0	0.7329
W02	2554.4278	2477.07		0.55	0.9558	7.0784	0.1602	0	0.7329
W02	2555.4278	2478.0697	1	0.55	0.9558	7.0784	0.1602	0	
W02	2556.4278	2479.0694	1	0.55	0.9558	7.0784	0.1602	0	0.7329
W02	2557.4278	2480.0691	1	0.5687	0.9468	6.8771	0.1636	0	0.7844
W02	2558.4278	2481.0688	1	0.5687	0.9468		0.1636	0	0.7844
W02	2559.4278	2482.0685	1	0.5687	0.9468	6.8771		0	0.7844
W02	2560.4278	2483.0682	1	0.5687	0.9468	6.8771	0.1636	0	0.7844
W02	2561.4278	2484.0679	1	0.5687	0.9468	6.8771	0.1636	0	0.7844
W02	2562.4278	2485.0676	1	0.5407	0.6141	7.1802		1	5.131
W02	2563.4278	2486.0673	1	0.5407	0.6141	7.1802		1	5.131
W02	2564.4278	2487.067	1	0.5407	0.6141	7.1802	0.1722	1	5.131
W02	2565.4278	2488.0666	1	0.5407	0.6141	7.1802	0.1722	1	5.131
W02	2566.4278	2489.0663	1		0.6141	7.1802	0.1722	1	5.131
W02	2567.4278	2490.066	1	0.5204	0.626	7.4076	0.1678	1	4.6734
W02	2568.4278	2491.0657	1	0.5204	0.626	7.4076	0.1678	1	4.6734
W02	2569.4278	2492.0654	1	0.5204	0.626	7.4076	0.1678	1	4.6734
W02	2570.4278	2493.0651	1	0.5204	0.626	7.4076	0.1678	1	4.6734
W02	2571.4278	2494.0648	1	0.5204	0.626	7.4076	0.1678	1	4.6734
W02	2572.4278	2495.0645	1	0.5403	1	7.1842	0.1413	0	0.4881
W02	2573.4278	2496.0642		0.5403	1	7.1842	0.1413	0	0.4881
W02	2574.4278	2497.0639	1	0.5403	1	7.1842	0.1413	0	0.4881
W02	2575.4278	2498.0636	1	0.5403	1	7.1842	0.1413	0	0.4881
W02	2576.4278	2499.0633	1		1	7.1842	0.1413	0	0.4881
W02	2577.4278	2500.063	1	0.5806	0.9925	6.7531	0.1476	0	0.5621
W02	2578.4278	2501.0627	1	0.5806	0.9925	6.7531	0.1476	0	0.5621
W02	2579.4278	2502.0623	1	0.5806	0.9925	6.7531	0.1476	0	0.5621
W02	2580.4278	2503.062	1	0.5806	0.9925	6.7531	0.1476	0	0.5621
W02	2581.4278	2504.0617	1	0.5806	0.9925	6.7531	0.1476	0	0.5621
W02	2582.4278	2505.0614	1	0.4638	0.325	8.0809	0.2004	1	62.6616
W02	2583.4278	2506.0611		0.4638	0.325	8.0809	0.2004	1	62.6616
W02	2584.4278	2507.0608	1	0.4638	0.325	8.0809	0.2004	1	62.6616
W02	2585.4278	2508.0605	1	0.4638	0.325	8.0809	0.2004	1	
W02	2586.4278	2509.0602	1	0.4638	0.325	8.0809	0.2004	1	
W02	2587.4278	2510.0599	1	0.433	0.5846	8.4731	0.1874	1	6.9905
W02	2588.4278	2511.0596	1	0.433	0.5846	8.4731	0.1874	1	6.9905
W02	2589.4278	2512.0592	1	0.433	0.5846	8.4731	0.1874	1	6.9905
W02	2590.4278	2513.0589	1	0.433	0.5846	8.4731	0.1874	1	6.9905
W02	2591.4278	2514.0586	1	0.433	0.5846	8.4731	0.1874	1	6.9905
W02	2592.4278	2515.0583	1	0.394	0.5687	8.9969	0.1956	1	8.1697
W02	2593.4278	2516.058	1	0.394	0.5687	8.9969	0.1956	1	8.1697
W02	2594.4278	2517.0577	1		0.5687	8.9969		1	8.1697
W02	2595.4278	2518.0574	1	0.394	0.5687	8.9969	0.1956	1	8.1697
W02	2596.4278	2519.0571	1	0.394	0.5687	8.9969	0.1956	1	
W02	2597.4278	2520.0567	1	0.5429	0.6346		0.1672	1	4.6057
W02	2598.4278	2521.0564	1	0.5429	0.6346	7.156	0.1672	1	4.6057
W02	2599.4278	2522.0561		0.5429	0.6346	7.156	0.1672	1	4.6057
W02	2600.4278	2523.0558	1	0.5429	0.6346	7.156	0.1672	1	4.6057
W02	2601.4278	2524.0555	1	0.5429	0.6346	7.156	0.1672	1	4.6057
W02	2602.4278	2525.0552	1	0.5264	0.6116	7.3401	0.1771	1	5.685
W02	2603.4278	2526.0549	1	0.5264	0.6116	7.3401	0.1771	1	5.685
W02	2604.4278	2527.0546	1	0.5264	0.6116	7.3401	0.1771	1	5.685
W02	2605.4278	2528.0542	1	0.5264	0.6116	7.3401	0.1771	1	5.685
W02	2606.4278	2529.0539	1	0.5264		7.3401	0.1771	1	5.685
W02	2607.4278	2530.0536	1	0.5628	0.9556	6.9407	0.1616	0	0.7533
W02	2608.4278	2531.0533	1	0.5628	0.9556	6.9407	0.1616	0	0.7533
W02	2609.4278	2532.053	1	0.5628	0.9556	6.9407	0.1616	0	0.7533
W02	2610.4278	2533.0527	1	0.5628	0.9556	6.9407	0.1616	0	0.7533
W02	2611.4278	2534.0523	1	0.5628	0.9556	6.9407	0.1616	0	0.7533
W02	2612.4278	2535.052	1	0.6201	0.947	6.3546	0.1651	0	0.8082
W02	2613.4278	2536.0517	1	0.6201	0.947	6.3546	0.1651	0	0.8082
W02	2614.4278	2537.0514	1		0.947	6.3546	0.1651	0	0.8082
W02	2615.4278	2538.0511	1	0.6201	0.947	6.3546	0.1651	0	0.8082
W02	2616.4278	2539.0508	1	0.6201	0.947	6.3546	0.1651	0	0.8082
W02	2617.4278	2540.0504	4	0.5211	0.6202	7.3999		1	5.4705
W02	2618.4278	2541.0501	4	0.5211	0.6202	7.3999	0.1752	1	5.4705
W02	2619.4278	2542.0498	4	0.5211	0.6202	7.3999	0.1752	1	5.4705
W02	2620.4278	2543.0495	4	0.5211	0.6202	7.3999	0.1752	1	5.4705
W02	2621.4278	2544.0492	4	0.5211	0.6202	7.3999	0.1752	1	
W02	2622.4278	2545.0488	4	0.6033	0.9597	6.5208	0.1604	0	0.7364
W02	2623.4278	2546.0485	4	0.6033	0.9597	6.5208	0.1604	0	0.7364
W02	2624.4278	2547.0482	4	0.6033	0.9597	6.5208		0	0.7364
W02	2625.4278	2548.0479	4	0.6033	0.9597	6.5208	0.1604	0	0.7364
W02	2626.4278	2549.0476	4		0.9597	6.5208	0.1604	0	0.7364
W02	2627.4278	2550.0472	4	0.2397	0.1834	11.405	0.2395	1	587.7151
W02	2628.4278	2551.0469	4	0.2397	0.1834	11.405	0.2395	1	587.7151
W02	2629.4278	2552.0466		0.2397	0.1834	11.405	0.2395	1	587.7151
W02	2630.4278	2553.0463	4	0.2397	0.1834	11.405	0.2395	1	587.7151
W02	2631.4278	2554.046	4	0.2397	0.1834	11.405	0.2395	1	587.7151
W02	2632.4278	2555.0456	4	0.4254	0.5831	8.5729	0.1942	1	7.9569
W02	2633.4278	2556.0453	4	0.4254	0.5831	8.5729	0.1942	1	7.9569
W02	2634.4278	2557.045	4	0.4254	0.5831	8.5729	0.1942	1	7.9569
W02	2635.4278	2558.0447	4	0.4254	0.5831	8.5729	0.1942	1	
W02	2636.4278	2559.0444	4	0.4254	0.5831	8.5729	0.1942	1	7.9569
W02	2637.4278	2560.044	4	0.4901	0.5989	7.7611	0.1875	1	6.9988
W02	2638.4278	2561.0437	4	0.4901	0.5989	7.7611	0.1875	1	6.9988
W02	2639.4278	2562.0434	4	0.4901	0.5989	7.7611	0.1875	1	
W02	2640.4278	2563.0431	4	0.4901	0.5989	7.7611	0.1875	1	6.9988
W02	2641.4278	2564.0427	4	0.4901	0.5989	7.7611	0.1875	1	6.9988
W02	2642.4278	2565.0424	4	0.3247	0.3226	10.0081	0.2117	1	77.5455
W02	2643.4278	2566.0421	4	0.3247	0.3226	10.0081	0.2117	1	77.5455
W02	2644.4278	2567.0418	4	0.3247	0.3226	10.0081	0.2117	1	77.5455
W02	2645.4278	2568.0414	4	0.3247	0.3226	10.0081	0.2117	1	77.5455
W02	2646.4278	2569.0411	4	0.3247	0.3226	10.0081		1	77.5455
W02	2647.4278	2570.0408	4	0.1401	0.1772	23.203	0.2533	1	736.2136
W02	2648.4278	2571.0405	4	0.1401	0.1772	23.203	0.2533	1	
W02	2649.4278	2572.0401	4	0.1401	0.1772	23.203	0.2533	1	736.2136
W02	2650.4278	2573.0398	4	0.1401	0.1772	23.203	0.2533	1	736.2136
W02	2651.4278	2574.0395	4	0.1401	0.1772	23.203	0.2533	1	736.2136
W02	2652.4278	2575.0392	4	0.2994		10.4049	0.2288	1	104.9429
W02	2653.4278	2576.0388	4	0.2994	0.3051	10.4049	0.2288	1	104.9429
W02	2654.4278	2577.0385	4	0.2994	0.3051	10.4049	0.2288	1	104.9429
W02	2655.4278	2578.0382	4	0.2994	0.3051	10.4049		1	104.9429
W02	2656.4278	2579.0379	4	0.2994	0.3051	10.4049	0.2288	1	
W02	2657.4278	2580.0375	4	0.4686	0.5797	8.0215	0.2006	1	8.9528
W02	2658.4278	2581.0372	4	0.4686	0.5797	8.0215	0.2006	1	8.9528
W02	2659.4278	2582.0369	4	0.4686	0.5797		0.2006	1	8.9528
W02	2660.4278	2583.0365	4	0.4686	0.5797	8.0215	0.2006	1	8.9528
W02	2661.4278	2584.0362	4	0.4686	0.5797	8.0215	0.2006	1	8.9528
W02	2662.4278	2585.0359		0.494	0.9638	7.7148	0.1604	0	0.7356
W02	2663.4278	2586.0356	4	0.494	0.9638	7.7148	0.1604	0	0.7356
W02	2664.4278	2587.0352	4	0.494	0.9638	7.7148	0.1604	0	0.7356
W02	2665.4278	2588.0349	4	0.494	0.9638	7.7148	0.1604	0	0.7356
W02	2666.4278	2589.0346	4	0.494	0.9638	7.7148	0.1604	0	0.7356
W02	2667.4278	2590.0342	4	0.5172	0.9754	7.4437	0.1556	0	0.6667
W02	2668.4278	2591.0339	4	0.5172	0.9754		0.1556	0	0.6667
W02	2669.4278	2592.0336	4	0.5172	0.9754	7.4437	0.1556	0	0.6667
W02	2670.4278	2593.0332	4	0.5172	0.9754	7.4437	0.1556	0	0.6667
W02	2671.4278	2594.0329	4	0.5172	0.9754	7.4437	0.1556	0	0.6667
W02	2672.4278	2595.0326	4	0.315	0.3117	10.1587	0.2281	1	103.665
W02	2673.4278	2596.0323	4	0.315	0.3117	10.1587	0.2281	1	103.665
W02	2674.4278	2597.0319	4	0.315	0.3117	10.1587	0.2281	1	103.665
W02	2675.4278	2598.0316	4	0.315	0.3117	10.1587	0.2281	1	103.665
W02	2676.4278	2599.0313	4	0.315	0.3117	10.1587	0.2281	1	103.665
W02	2677.4278	2600.0309	4	0.343	0.331		0.2134	1	79.9995
W02	2678.4278	2601.0306	4	0.343		9.7303	0.2134	1	79.9995
W02	2679.4278	2602.0303	4	0.343	0.331	9.7303	0.2134	1	
W02	2680.4278	2603.0299	4		0.331	9.7303	0.2134	1	79.9995
W02	2681.4278	2604.0296	4		0.331	9.7303	0.2134	1	
W02	2682.4278	2605.0293	4	0.3309	0.3182	9.9139	0.2254	1	99.0278
W02	2683.4278	2606.0289	4	0.3309	0.3182	9.9139	0.2254	1	99.0278
W02	2684.4278	2607.0286	4	0.3309	0.3182	9.9139	0.2254	1	99.0278
W02	2685.4278	2608.0283	4	0.3309	0.3182	9.9139	0.2254	1	99.0278
W02	2686.4278	2609.0279	4	0.3309	0.3182	9.9139	0.2254	1	99.0278
W02	2687.4278	2610.0276	4	0.3204			0.2254	1	98.9529
W02	2688.4278	2611.0272	4	0.3204	0.3202	10.0751	0.2254	1	98.9529
W02	2689.4278	2612.0269	4	0.3204	0.3202		0.2254	1	98.9529
W02	2690.4278	2613.0266		0.3204	0.3202	10.0751	0.2254	1	98.9529
W02	2691.4278	2614.0262	4	0.3204	0.3202	10.0751	0.2254	1	98.9529
W02	2692.4278	2615.0259	4	0.2046	0.3098	12.037	0.2364	1	119.165
W02	2693.4278	2616.0256	4	0.2046	0.3098	12.037	0.2364	1	119.165
W02	2694.4278	2617.0252	4	0.2046	0.3098	12.037	0.2364	1	119.165
W02	2695.4278	2618.0249	4	0.2046	0.3098	12.037	0.2364	1	
W02	2696.4278	2619.0246	4	0.4304	0.6231		0.1898	1	7.3227
W02	2697.4278	2620.0242	4	0.4304	0.6231	8.5067		1	7.3227
W02	2698.4278	2621.0239	4	0.4304	0.6231		0.1898	1	7.3227
W02	2699.4278	2622.0235	4	0.4304	0.6231	8.5067	0.1898	1	7.3227
W02	2700.4278	2623.0232	4	0.4304		8.5067	0.1898	1	7.3227
W02	2701.4278	2624.0229	4	0.3482	0.3498	9.6523	0.2073	1	71.4275
W02	2702.4278	2625.0225	4	0.3482	0.3498	9.6523	0.2073	1	
W02	2703.4278	2626.0222	4	0.3482	0.3498	9.6523	0.2073	1	71.4275
W02	2704.4278	2627.0219	4	0.3482	0.3498	9.6523	0.2073	1	71.4275
W02	2705.4278	2628.0215	4	0.3482	0.3498	9.6523	0.2073	1	71.4275
W02	2706.4278	2629.0212	4	0.5053	0.6536	7.5821	0.1794	1	5.9586
W02	2707.4278	2630.0208	4	0.5053	0.6536	7.5821	0.1794	1	5.9586
W02	2708.4278	2631.0205	4	0.5053	0.6536	7.5821	0.1794	1	5.9586
W02	2709.4278	2632.0202	4	0.5053	0.6536	7.5821	0.1794	1	5.9586
W02	2710.4278	2633.0198	4	0.5053	0.6536	7.5821	0.1794	1	5.9586
W02	2711.4278	2634.0195	4	0.5585	0.9754	6.9859	0.1585	0	0.7079
W02	2712.4278	2635.0191	4	0.5585		6.9859	0.1585	0	0.7079
W02	2713.4278	2636.0188	4	0.5585	0.9754	6.9859	0.1585	0	0.7079
W02	2714.4278	2637.0184	4	0.5585	0.9754	6.9859	0.1585	0	0.7079
W02	2715.4278	2638.0181	4	0.5585		6.9859	0.1585	0	0.7079
W02	2716.4278	2639.0178	4	0.6207	0.9815	6.3495	0.1556	0	0.6673
W02	2717.4278	2640.0174	4	0.6207	0.9815	6.3495	0.1556	0	
W02	2718.4278	2641.0171	4	0.6207	0.9815	6.3495	0.1556	0	0.6673
W02	2719.4278	2642.0167	4	0.6207	0.9815	6.3495	0.1556	0	
W02	2720.4278	2643.0164	4	0.6207	0.9815	6.3495	0.1556	0	0.6673
W02	2721.4278	2644.016	4	0.4673	0.6126	8.0382	0.2048	1	9.6638
W02	2722.4278	2645.0157	4	0.4673	0.6126	8.0382	0.2048	1	9.6638
W02	2723.4278	2646.0154	4	0.4673	0.6126	8.0382	0.2048	1	9.6638
W02	2724.4278	2647.015	4	0.4673	0.6126	8.0382		1	9.6638
W02	2725.4278	2648.0147	4	0.4673	0.6126	8.0382	0.2048	1	9.6638
W02	2726.4278	2649.0143	4	0.302	0.3137	10.3635	0.2496	1	147.1105
W02	2727.4278	2650.014	4	0.302	0.3137		0.2496	1	147.1105
W02	2728.4278	2651.0136	4	0.302	0.3137	10.3635	0.2496	1	147.1105
W02	2729.4278	2652.0133	4	0.302	0.3137	10.3635	0.2496	1	147.1105
W02	2730.4278	2653.0129	4	0.302	0.3137	10.3635	0.2496	1	147.1105
W02	2731.4278	2654.0126	4	0.4763	0.6675	7.9275	0.1837	1	6.497
W02	2732.4278	2655.0122	4	0.4763	0.6675	7.9275	0.1837	1	6.497
W02	2733.4278	2656.0119	4	0.4763	0.6675	7.9275	0.1837	1	6.497
W02	2734.4278	2657.0116		0.4763	0.6675	7.9275	0.1837	1	6.497
W02	2735.4278	2658.0112	4	0.4763	0.6675	7.9275	0.1837	1	6.497
W02	2736.4278	2659.0109	4	0.4537	0.9602	8.2078	0.1726	0	0.9318
W02	2737.4278	2660.0105	4	0.4537	0.9602	8.2078	0.1726	0	0.9318
W02	2738.4278	2661.0102	4	0.4537	0.9602	8.2078	0.1726	0	0.9318
W02	2739.4278	2662.0098			0.9602	8.2078	0.1726	0	0.9318
W02	2740.4278	2663.0095	4	0.4537	0.9602	8.2078	0.1726	0	0.9318
W02	2741.4278	2664.0091	4	0.4724	0.9818	7.9754		0	0.7217
W02	2742.4278	2665.0088	4	0.4724	0.9818	7.9754	0.1594	0	0.7217
W02	2743.4278	2666.0084	4	0.4724	0.9818	7.9754	0.1594	0	0.7217
W02	2744.4278	2667.0081	4	0.4724	0.9818	7.9754	0.1594	0	0.7217
W02	2745.4278	2668.0077	4	0.4724	0.9818		0.1594	0	0.7217
W02	2746.4278	2669.0074	4	0.4659	0.7096	8.0547	0.1744	1	5.3689
W02	2747.4278	2670.007	4	0.4659		8.0547	0.1744	1	5.3689
W02	2748.4278	2671.0067	4		0.7096	8.0547	0.1744	1	5.3689
W02	2749.4278	2672.0063	4	0.4659	0.7096	8.0547	0.1744	1	5.3689
W02	2750.4278	2673.006	4	0.4659	0.7096	8.0547	0.1744	1	5.3689
W02	2751.4278	2674.0056	4	0.4038	0.408	8.8624	0.195	1	56.3744
W02	2752.4278	2675.0053	4	0.4038	0.408	8.8624		1	56.3744
W02	2753.4278	2676.0049	4	0.4038	0.408	8.8624	0.195	1	56.3744
W02	2754.4278	2677.0046	4	0.4038	0.408	8.8624	0.195	1	56.3744
W02	2755.4278	2678.0042	4	0.4038	0.408	8.8624	0.195	1	56.3744
W02	2756.4278	2679.0039	4	0.486	0.9961	7.8103	0.1505	0	0.5984
W02	2757.4278	2680.0035	4	0.486	0.9961	7.8103	0.1505	0	0.5984
W02	2758.4278	2681.0032	4	0.486	0.9961	7.8103		0	0.5984
W02	2759.4278	2682.0028	4	0.486	0.9961	7.8103	0.1505	0	0.5984
W02	2760.4278	2683.0024	4	0.486	0.9961	7.8103	0.1505	0	0.5984
W02	2761.4278	2684.0021	4	0.552	0.9992	7.0561	0.1469	0	0.5536
W02	2762.4278	2685.0017	4	0.552	0.9992	7.0561	0.1469	0	0.5536
W02	2763.4278	2686.0014	4	0.552	0.9992	7.0561	0.1469	0	0.5536
W02	2764.4278	2687.001	4	0.552	0.9992	7.0561	0.1469	0	0.5536
W02	2765.4278	2688.0007	4	0.552	0.9992		0.1469	0	0.5536
W02	2766.4278	2689.0003	4	0.4473	1	8.2884	0.1409	0	0.4842
W02	2767.4278	2690	4	0.4473	1	8.2884	0.1409	0	0.4842
W02	2768.4278	2690.9996	4	0.4473	1	8.2884	0.1409	0	0.4842
W02	2769.4278	2691.9993	4	0.4473	1	8.2884	0.1409	0	0.4842
W02	2770.4278	2692.9989	4	0.4473	1	8.2884	0.1409	0	0.4842
W02	2771.4278	2693.9985	4	0.452	0.7978	8.2287	0.1608	1	3.9959
W02	2772.4278	2694.9982	4		0.7978	8.2287	0.1608	1	3.9959
W02	2773.4278	2695.9978	4	0.452	0.7978	8.2287	0.1608	1	3.9959
W02	2774.4278	2696.9975	4	0.452	0.7978	8.2287	0.1608	1	3.9959
W02	2775.4278	2697.9971	4	0.452	0.7978	8.2287		1	3.9959
W02	2776.4278	2698.9968	4	0.5695	1	6.8687	0.1321	0	0.3935
W02	2777.4278	2699.9964	4	0.5695	1	6.8687	0.1321	0	0.3935
W02	2778.4278	2700.996	4	0.5695	1		0.1321	0	0.3935
W02	2779.4278	2701.9957	4	0.5695	1	6.8687	0.1321	0	0.3935
W02	2780.4278	2702.9953	4	0.5695	1	6.8687	0.1321	0	0.3935
W02	2781.4278	2703.995	4	0.6658	0.7998	5.9237		1	5.3122
W02	2782.4278	2704.9946	4	0.6658	0.7998	5.9237	0.1738	1	5.3122
W02	2783.4278	2705.9942	4	0.6658	0.7998	5.9237	0.1738	1	5.3122
W02	2784.4278	2706.9939	4	0.6658	0.7998	5.9237	0.1738	1	5.3122
W02	2785.4278	2707.9935	7		0.8041	9.44	0.1859	1	6.7799
W02	2786.4278	2708.9932	7	0.3627	0.8041	9.44	0.1859	1	6.7799
W02	2787.4278	2709.9928	7	0.3627	0.8041		0.1859	1	6.7799
W02	2788.4278	2710.9924	7		0.8041	9.44	0.1859	1	6.7799
W02	2789.4278	2711.9921	7	0.3627	0.8041	9.44	0.1859	1	6.7799
W02	2790.4278	2712.9917	7	0.4015	0.8583	8.8935	0.1764	1	5.6068
W02	2791.4278	2713.9914	7	0.4015		8.8935	0.1764	1	5.6068
W02	2792.4278	2714.991	7	0.4015		8.8935	0.1764	1	5.6068
W02	2793.4278	2715.9906	7	0.4015	0.8583	8.8935	0.1764	1	5.6068
W02	2794.4278	2716.9903	7	0.4015	0.8583	8.8935	0.1764	1	5.6068
W02	2795.4278	2717.9899	7	0.479	0.9414	7.8941	0.1597	1	
W02	2796.4278	2718.9896	7	0.479	0.9414	7.8941	0.1597	1	3.8998
W02	2797.4278	2719.9892	7	0.479	0.9414	7.8941	0.1597	1	3.8998
W02	2798.4278	2720.9888	7		0.9414	7.8941	0.1597	1	3.8998
W02	2799.4278	2721.9885	7	0.479	0.9414	7.8941	0.1597	1	3.8998
W02	2800.4278	2722.9881	7	0.5798	0.9607		0.1756	1	5.5124
W02	2801.4278	2723.9877	7	0.5798	0.9607	6.7607	0.1756	1	5.5124
W02	2802.4278	2724.9874	7	0.5798	0.9607	6.7607	0.1756	1	5.5124
W02	2803.4278	2725.987	7	0.5798	0.9607	6.7607	0.1756	1	
W02	2804.4278	2726.9866	7	0.5798	0.9607	6.7607	0.1756	1	5.5124
W02	2805.4278	2727.9863	7	0.2823	0.5874	10.6821	0.2225	1	94.0471
W02	2806.4278	2728.9859	7		0.5874	10.6821	0.2225	1	
W02	2807.4278	2729.9855	7	0.2823	0.5874	10.6821		1	94.0471
W02	2808.4278	2730.9852	7	0.2823	0.5874	10.6821	0.2225	1	94.0471
W02	2809.4278	2731.9848	7	0.2823	0.5874	10.6821	0.2225	1	94.0471
W02	2810.4278	2732.9844	7	0.3626	1	9.4423	0.18	1	6.0274
W02	2811.4278	2733.9841		0.3626	1	9.4423	0.18	1	6.0274
W02	2812.4278	2734.9837	7	0.3626	1	9.4423	0.18	1	6.0274
W02	2813.4278	2735.9833	7	0.3626	1	9.4423	0.18	1	6.0274
W02	2814.4278	2736.983	7	0.3626	1	9.4423	0.18	1	6.0274
W02	2815.4278	2737.9826	7	0.4862	1	7.8075	0.1602	0	0.7323
W02	2816.4278	2738.9822	7	0.4862	1	7.8075	0.1602	0	0.7323
W02	2817.4278	2739.9819	7	0.4862	1	7.8075	0.1602	0	0.7323
W02	2818.4278	2740.9815	7	0.4862	1	7.8075	0.1602	0	0.7323
W02	2819.4278	2741.9811	7	0.4862	1	7.8075	0.1602	0	0.7323
W02	2820.4278	2742.9808	7	0.5337	1	7.2573	0.1421	0	0.4976
W02	2821.4278	2743.9804	7	0.5337	1	7.2573	0.1421	0	0.4976
W02	2822.4278	2744.98	7	0.5337		7.2573	0.1421	0	0.4976
W02	2823.4278	2745.9797	7	0.5337	1	7.2573	0.1421	0	0.4976
W02	2824.4278	2746.9793	7	0.5337	1		0.1421	0	0.4976
W02	2825.4278	2747.9789	7	0.4793	1	7.8911	0.1272	0	0.3481
W02	2826.4278	2748.9785	7	0.4793	1	7.8911	0.1272	0	0.3481
W02	2827.4278	2749.9782	7	0.4793	1	7.8911	0.1272	0	0.3481
W02	2828.4278	2750.9778	7	0.4793	1	7.8911	0.1272	0	0.3481
W02	2829.4278	2751.9774	7	0.4793	1	7.8911	0.1272	0	0.3481
W02	2830.4278	2752.9771	7	0.5484	1	7.0952	0.1587	0	0.711
W02	2831.4278	2753.9767	7	0.5484		7.0952	0.1587	0	0.711
W02	2832.4278	2754.9763		0.5484	1	7.0952	0.1587	0	
W02	2833.4278	2755.9759	7	0.5484	1	7.0952	0.1587	0	0.711
W02	2834.4278	2756.9756	7	0.5484	1	7.0952	0.1587	0	0.711
W02	2835.4278	2757.9752	7		1	8.4986	0.1832	1	6.43
W02	2836.4278	2758.9748	7		1	8.4986	0.1832	1	6.43
W02	2837.4278	2759.9745	7	0.431	1	8.4986	0.1832	1	6.43
W02	2838.4278	2760.9741	7	0.431	1	8.4986	0.1832	1	
W02	2839.4278	2761.9737	7	0.431	1		0.1832	1	6.43
W02	2840.4278	2762.9733	7	0.1739	1	16.7393	0.2088	1	73.5066
W02	2841.4278	2763.973	7	0.1739		16.7393	0.2088	1	73.5066
W02	2842.4278	2764.9726	7	0.1739	1	16.7393	0.2088	1	73.5066
W02	2843.4278	2765.9722	7	0.1739	1	16.7393	0.2088	1	73.5066
W02	2844.4278	2766.9718	7	0.1739	1	16.7393	0.2088	1	73.5066
W02	2845.4278	2767.9715	7	0.2247	1	11.6722	0.1777	1	39.2951
W02	2846.4278	2768.9711	7	0.2247	1	11.6722	0.1777	1	39.2951
W02	2847.4278	2769.9707	7	0.2247	1	11.6722	0.1777	1	
W02	2848.4278	2770.9703	7	0.2247	1	11.6722	0.1777	1	39.2951
W02	2849.4278	2771.97	7	0.2247	1	11.6722		1	39.2951
W02	2850.4278	2772.9696	7	0.6004	1	6.5503	0.1444	0	0.5242
W02	2851.4278	2773.9692	7	0.6004	1	6.5503	0.1444	0	0.5242
W02	2852.4278	2774.9688	7	0.6004	1	6.5503	0.1444	0	0.5242
W02	2853.4278	2775.9684	7	0.6004	1	6.5503	0.1444	0	0.5242
W02	2854.4278	2776.9681			1	6.5503	0.1444	0	0.5242
W02	2855.4278	2777.9677	7	0.5714	1	6.8487	0.1526	0	
W02	2856.4278	2778.9673	7	0.5714	1	6.8487	0.1526	0	0.6267
W02	2857.4278	2779.9669	7	0.5714	1	6.8487	0.1526	0	0.6267
W02	2858.4278	2780.9665	7	0.5714	1	6.8487	0.1526	0	0.6267
W02	2859.4278	2781.9662	7	0.5714	1		0.1526	0	0.6267
W02	2860.4278	2782.9658	7	0.3421	1	9.7444	0.1882	1	7.0933
W02	2861.4278	2783.9654	7	0.3421	1	9.7444		1	7.0933
W02	2862.4278	2784.965	7	0.3421	1	9.7444		1	7.0933
W02	2863.4278	2785.9647	7	0.3421	1	9.7444		1	7.0933
W02	2864.4278	2786.9643		0.3421	1	9.7444	0.1882	1	7.0933
W02	2865.4278	2787.9639	7	0.4238	1	8.5941	0.1782	1	5.8105
W02	2866.4278	2788.9635	7	0.4238	1	8.5941	0.1782	1	
W02	2867.4278	2789.9631	7	0.4238	1	8.5941	0.1782	1	5.8105
W02	2868.4278	2790.9627	7		1	8.5941	0.1782	1	5.8105
W02	2869.4278	2791.9624	7	0.4238	1	8.5941	0.1782	1	5.8105
W02	2870.4278	2792.962	7	0.2416		11.3717		1	57.0529
W02	2871.4278	2793.9616	7	0.2416	1	11.3717	0.1956	1	57.0529
W02	2872.4278	2794.9612		0.2416	1		0.1956	1	57.0529
W02	2873.4278	2795.9608	7	0.2416	1	11.3717	0.1956	1	57.0529
W02	2874.4278	2796.9604	7	0.3377	1	9.8108	0.1873	1	6.972
W02	2875.4278	2797.9601		0.3377	1	9.8108	0.1873	1	6.972
W02	2876.4278	2798.9597	7	0.3377	1	9.8108	0.1873	1	6.972
W02	2877.4278	2799.9593		0.3377	1	9.8108	0.1873	1	6.972
W02	2878.4278	2800.9589		0.3377	1	9.8108	0.1873	1	6.972
W02	2879.4278	2801.9585	7	0.3879	1	9.0817	0.1717	1	
W02	2880.4278	2802.9581	7	0.3879	1	9.0817	0.1717	1	
W02	2881.4278	2803.9578	7	0.3879	1	9.0817	0.1717	1	5.0815
W02	2882.4278	2804.9574	7	0.3879	1	9.0817	0.1717	1	
W02	2883.4278	2805.957	7	0.3879	1	9.0817	0.1717	1	5.0815
W02	2884.4278	2806.9566	7	0.546	1	7.1223	0.1431	0	0.5092
W02	2885.4278	2807.9562	7		1	7.1223	0.1431	0	0.5092
W02	2886.4278	2808.9558	7	0.546	1	7.1223	0.1431	0	0.5092
W02	2887.4278	2809.9554	7	0.546	1	7.1223	0.1431	0	0.5092
W02	2888.4278	2810.9551	7	0.546	1	7.1223	0.1431	0	0.5092
W02	2889.4278	2811.9547	7	0.6247	1	6.3106	0.1558	0	0.6692
W02	2890.4278	2812.9543	7	0.6247	1	6.3106	0.1558	0	0.6692
W02	2891.4278	2813.9539	7	0.6247	1	6.3106	0.1558	0	0.6692
W02	2892.4278	2814.9535	7	0.6247	1	6.3106	0.1558	0	0.6692
W02	2893.4278	2815.9531	7	0.6247	1	6.3106	0.1558	0	0.6692
W02	2894.4278	2816.9527	7	0.6753	1	5.8379	0.1623	0	0.7638
W02	2895.4278	2817.9523	7	0.6753	1	5.8379	0.1623	0	0.7638
W02	2896.4278	2818.9519	7		1	5.8379	0.1623	0	0.7638
W02	2897.4278	2819.9516	7	0.6753	1	5.8379	0.1623	0	0.7638
W02	2898.4278	2820.9512	7	0.6753	1	5.8379	0.1623	0	0.7638
W02	2899.4278	2821.9508	7	0.3475	1	9.663	0.1759	1	5.54
W02	2900.4278	2822.9504		0.3475	1	9.663	0.1759	1	5.54
W02	2901.4278	2823.95	7	0.3475	1	9.663	0.1759	1	5.54
W02	2902.4278	2824.9496	7	0.3475	1		0.1759	1	5.54
W02	2903.4278	2825.9492	7		1	9.663	0.1759	1	5.54
W02	2904.4278	2826.9488	7	0.3375	1	9.8136	0.1777	1	
W02	2905.4278	2827.9484	7	0.3375	1	9.8136	0.1777	1	5.7552
W02	2906.4278	2828.948	7	0.3375		9.8136	0.1777	1	5.7552
W02	2907.4278	2829.9477	7	0.3375	1	9.8136	0.1777	1	5.7552
W02	2908.4278	2830.9473	7	0.3375	1	9.8136	0.1777	1	5.7552
W02	2909.4278	2831.9469	7	0.4694	1	8.0118	0.1445	0	0.5255
W02	2910.4278	2832.9465	7	0.4694	1	8.0118	0.1445	0	0.5255
W02	2911.4278	2833.9461	7	0.4694	1	8.0118	0.1445	0	0.5255
W02	2912.4278	2834.9457	7	0.4694	1	8.0118	0.1445	0	0.5255
W02	2913.4278	2835.9453	7	0.4694	1	8.0118	0.1445	0	0.5255
W02	2914.4278	2836.9449		0.496	1	7.6903	0.1446	0	0.5262
W02	2915.4278	2837.9445	7	0.496	1	7.6903	0.1446	0	0.5262
W02	2916.4278	2838.9441	7	0.496	1	7.6903	0.1446	0	0.5262
W02	2917.4278	2839.9437	7	0.496	1		0.1446	0	0.5262
W02	2918.4278	2840.9433	7	0.496	1	7.6903	0.1446	0	0.5262
W02	2919.4278	2841.9429	7	0.3889	1	9.0668	0.1789	1	5.8963
W02	2920.4278	2842.9425	7	0.3889	1	9.0668	0.1789	1	5.8963
W02	2921.4278	2843.9421	7	0.3889	1	9.0668	0.1789	1	5.8963
W02	2922.4278	2844.9417	7	0.3889	1	9.0668	0.1789	1	5.8963
W02	2923.4278	2845.9413	7	0.3889	1	9.0668	0.1789	1	5.8963
W02	2924.4278	2846.9409	7	0.295	1	10.4762	0.164	1	4.29
W02	2925.4278	2847.9405	7	0.295	1	10.4762	0.164	1	4.29
W02	2926.4278	2848.9401	7		1	10.4762	0.164	1	4.29
W02	2927.4278	2849.9398	7	0.295	1	10.4762		1	4.29
W02	2928.4278	2850.9394	7	0.295	1	10.4762	0.164	1	4.29
W02	2929.4278	2851.939	7	0.4855	1	7.8154	0.1311	0	0.3837
W02	2930.4278	2852.9386	7	0.4855	1	7.8154	0.1311	0	0.3837
W02	2931.4278	2853.9382	7	0.4855	1	7.8154	0.1311	0	0.3837
W02	2932.4278	2854.9378	7	0.4855	1		0.1311	0	0.3837
W02	2933.4278	2855.9374	7	0.4855	1	7.8154	0.1311	0	0.3837
W02	2934.4278	2856.937	7		1	6.7974	0.1545	0	0.6522
W02	2935.4278	2857.9366	7	0.5763			0.1545	0	0.6522
W02	2936.4278	2858.9362	7	0.5763	1	6.7974	0.1545	0	0.6522
W02	2937.4278	2859.9358	7	0.5763	1	6.7974	0.1545	0	0.6522
W02	2938.4278	2860.9354		0.5763	1	6.7974	0.1545	0	
W02	2939.4278	2861.935	7	0.5391	1	7.1981	0.1651	0	0.8077
W02	2940.4278	2862.9346	7	0.5391	1	7.1981	0.1651	0	0.8077
W02	2941.4278	2863.9342	9	0.3701		9.3333	0.1899	1	7.3339
W02	2942.4278	2864.9338	9	0.3701	1	9.3333	0.1899	1	7.3339
W02	2943.4278	2865.9334	9	0.3701	1	9.3333	0.1899	1	7.3339
W02	2944.4278	2866.933	9	0.3701	1		0.1899	1	7.3339
W02	2945.4278	2867.9325	9	0.3701	1	9.3333	0.1899	1	
W02	2946.4278	2868.9321	9	0.4136	1	8.73	0.1796	1	
W02	2947.4278	2869.9317	9	0.4136	1	8.73	0.1796	1	5.9849
W02	2948.4278	2870.9313	9	0.4136	1	8.73	0.1796	1	5.9849
W02	2949.4278	2871.9309	9	0.4136		8.73	0.1796	1	5.9849
W02	2950.4278	2872.9305	9	0.4136	1	8.73	0.1796	1	5.9849
W02	2951.4278	2873.9301	9	0.3913	1	9.034	0.15	0	0.5924
W02	2952.4278	2874.9297	9		1	9.034	0.15	0	0.5924
W02	2953.4278	2875.9293	9		1	9.034	0.15	0	0.5924
W02	2954.4278	2876.9289	9	0.3913	1	9.034	0.15	0	0.5924
W02	2955.4278	2877.9285	9	0.3913	1	9.034	0.15	0	0.5924
W02	2956.4278	2878.9281		0.5127	1	7.4955	0.176	1	5.5569
W02	2957.4278	2879.9277	9	0.5127	1	7.4955	0.176	1	5.5569
W02	2958.4278	2880.9273	9	0.5127	1	7.4955	0.176	1	5.5569
W02	2959.4278	2881.9269	9	0.5127	1	7.4955	0.176	1	5.5569
W02	2960.4278	2882.9265	9	0.5127	1	7.4955	0.176	1	5.5569
W02	2961.4278	2883.9261		0.575	1	6.8117	0.1642	0	0.7929
W02	2962.4278	2884.9257	9	0.575	1	6.8117	0.1642	0	0.7929
W02	2963.4278	2885.9253	9	0.575		6.8117	0.1642	0	0.7929
W02	2964.4278	2886.9249	9	0.575	1		0.1642	0	0.7929
W02	2965.4278	2887.9244	9	0.575	1	6.8117	0.1642	0	0.7929
W02	2966.4278	2888.924	9	0.4669	1	8.0424	0.1667	1	4.5585
W02	2967.4278	2889.9236	9	0.4669	1	8.0424	0.1667	1	4.5585
W02	2968.4278	2890.9232	9	0.4669	1	8.0424	0.1667	1	4.5585
W02	2969.4278	2891.9228	9	0.4669	1	8.0424	0.1667	1	4.5585
W02	2970.4278	2892.9224	9	0.4669	1	8.0424	0.1667	1	4.5585
W02	2971.4278	2893.922		0.4418	1	8.359	0.1624	1	4.145
W02	2972.4278	2894.9216	9	0.4418	1	8.359	0.1624	1	4.145
W02	2973.4278	2895.9212	9	0.4418		8.359	0.1624	1	4.145
W02	2974.4278	2896.9208	9	0.4418	1	8.359	0.1624	1	
W02	2975.4278	2897.9203	9	0.4418	1	8.359	0.1624	1	4.145
W02	2976.4278	2898.9199	9	0.3876	1	9.0862	0.1943	1	7.9691
W02	2977.4278	2899.9195	9	0.3876	1	9.0862	0.1943	1	
W02	2978.4278	2900.9191		0.3876		9.0862	0.1943	1	7.9691
W02	2979.4278	2901.9187	9	0.3876	1	9.0862	0.1943	1	7.9691
W02	2980.4278	2902.9183	9	0.3876	1	9.0862	0.1943	1	7.9691
W02	2981.4278	2903.9179	9	0.3049		10.3178	0.1837	1	6.4998
W02	2982.4278	2904.9175	9	0.3049	1	10.3178	0.1837	1	
W02	2983.4278	2905.9171	9	0.3049	1	10.3178	0.1837	1	
W02	2984.4278	2906.9166	9	0.3049	1	10.3178	0.1837	1	6.4998
W02	2985.4278	2907.9162	9		1	10.3178	0.1837	1	6.4998
W02	2986.4278	2908.9158	9	0.4322	1	8.4833	0.1545	0	0.6516
W02	2987.4278	2909.9154	9		1	8.4833	0.1545	0	0.6516
W02	2988.4278	2910.915	9	0.4322	1	8.4833	0.1545	0	0.6516
W02	2989.4278	2911.9146	9	0.4322	1	8.4833	0.1545	0	0.6516
W02	2990.4278	2912.9142	9	0.4322	1		0.1545	0	0.6516
W02	2991.4278	2913.9137		0.4645	1	8.0725	0.1589	1	3.8268
W02	2992.4278	2914.9133	9	0.4645	1	8.0725	0.1589	1	3.8268
W02	2993.4278	2915.9129	9	0.4645	1	8.0725	0.1589	1	3.8268
W02	2994.4278	2916.9125	9	0.4645	1	8.0725	0.1589	1	3.8268
W02	2995.4278	2917.9121	9	0.4645	1	8.0725	0.1589	1	3.8268
W02	2996.4278	2918.9117	9	0.6133	1	6.4219	0.1618	0	0.7567
W02	2997.4278	2919.9112	9	0.6133	1	6.4219	0.1618	0	0.7567
W02	2998.4278	2920.9108	9	0.6133	1	6.4219	0.1618	0	0.7567
W02	2999.4278	2921.9104	9	0.6133	1		0.1618	0	0.7567
W02	3000.4278	2922.91	9		1	6.4219	0.1618	0	0.7567
W02	3001.4278	2923.9096	9	0.493	1	7.7267	0.1819	1	6.2723
W02	3002.4278	2924.9092	9	0.493	1		0.1819	1	6.2723
W02	3003.4278	2925.9087	9	0.493	1	7.7267	0.1819	1	6.2723
W02	3004.4278	2926.9083	9	0.493	1	7.7267	0.1819	1	6.2723
W02	3005.4278	2927.9079	9	0.493	1	7.7267	0.1819	1	6.2723
W02	3006.4278	2928.9075	9	0.3115		10.2134	0.1783	1	5.8264
W02	3007.4278	2929.9071	9	0.3115	1	10.2134	0.1783	1	5.8264
W02	3008.4278	2930.9066	9	0.3115	1	10.2134	0.1783	1	5.8264
W02	3009.4278	2931.9062	9	0.3115	1	10.2134	0.1783	1	5.8264
W02	3010.4278	2932.9058	9	0.3115	1	10.2134	0.1783	1	5.8264
W02	3011.4278	2933.9054	9	0.5484	1	7.0953	0.166	0	0.8216
W02	3012.4278	2934.905	9	0.5484	1	7.0953	0.166	0	0.8216
W02	3013.4278	2935.9045	9	0.5484	1	7.0953	0.166	0	0.8216
W02	3014.4278	2936.9041		0.5484		7.0953		0	0.8216
W02	3015.4278	2937.9037	9	0.5484	1	7.0953	0.166	0	0.8216
W02	3016.4278	2938.9033	9	0.4803	1			1	4.7491
W02	3017.4278	2939.9028	9	0.4803	1	7.8786	0.1686	1	4.7491
W02	3018.4278	2940.9024	9	0.4803	1	7.8786	0.1686	1	4.7491
W02	3019.4278	2941.902	9	0.4803	1	7.8786	0.1686	1	4.7491
W02	3020.4278	2942.9016		0.4803	1	7.8786	0.1686	1	4.7491
W02	3021.4278	2943.9012	9	0.5821	1	6.7373	0.1169	0	0.2647
W02	3022.4278	2944.9007	9	0.5821	1	6.7373	0.1169	0	0.2647
W02	3023.4278	2945.9003	9	0.5821	1	6.7373	0.1169	0	0.2647
W02	3024.4278	2946.8999	9	0.5821	1	6.7373	0.1169	0	0.2647
W02	3025.4278	2947.8995	9	0.5821	1	6.7373		0	0.2647
W02	3026.4278	2948.899	9		1	5.8028	0.1482	0	0.5703
W02	3027.4278	2949.8986	9	0.6792		5.8028	0.1482	0	0.5703
W02	3028.4278	2950.8982	9	0.6792	1	5.8028	0.1482	0	0.5703
W02	3029.4278	2951.8978	9	0.6792	1	5.8028	0.1482	0	0.5703
W02	3030.4278	2952.8973	9	0.6792	1	5.8028	0.1482	0	0.5703
W02	3031.4278	2953.8969	9	0.6551	1	6.0216	0.1523	0	0.6218
W02	3032.4278	2954.8965	9	0.6551	1	6.0216	0.1523	0	0.6218
W02	3033.4278	2955.8961		0.7211	1		0.1501	0	0.5934
W02	3034.4278	2956.8956		0.7211	1	5.4409		0	0.5934
W02	3035.4278	2957.8952	10	0.7211	1	5.4409	0.1501	0	0.5934
W02	3036.4278	2958.8948	10	0.7211	1	5.4409	0.1501	0	0.5934
W02	3037.4278	2959.8943	10	0.7211	1		0.1501	0	0.5934
W02	3038.4278	2960.8939	10	0.695	1	5.6633	0.1609	0	0.7437
W02	3039.4278	2961.8935	10	0.695	1	5.6633	0.1609	0	0.7437
W02	3040.4278	2962.8931	10	0.695	1	5.6633	0.1609	0	0.7437
W02	3041.4278	2963.8926	10	0.695	1	5.6633	0.1609	0	0.7437
W02	3042.4278	2964.8922	10	0.695	1	5.6633		0	0.7437
W02	3043.4278	2965.8918	10	0.707	1	5.5599	0.1637	0	0.7856
W02	3044.4278	2966.8913	10	0.707	1	5.5599	0.1637	0	0.7856
W02	3045.4278	2967.8909	10	0.707	1	5.5599	0.1637	0	0.7856
W02	3046.4278	2968.8905	10	0.707	1	5.5599	0.1637	0	0.7856
W02	3047.4278	2969.89	10	0.707	1	5.5599	0.1637	0	0.7856
W02	3048.4278	2970.8896	10	0.7226	1	5.4283	0.1319	0	0.3913
W02	3049.4278	2971.8892	10	0.7226	1	5.4283	0.1319	0	0.3913
W02	3050.4278	2972.8888	10	0.7226	1	5.4283	0.1319	0	0.3913
W02	3051.4278	2973.8883	10	0.7226	1	5.4283	0.1319	0	0.3913
W02	3052.4278	2974.8879	10	0.7226	1	5.4283	0.1319	0	0.3913
W02	3053.4278	2975.8875			1	5.4457	0.1432	0	0.5098
W02	3054.4278	2976.887	10	0.7205	1	5.4457	0.1432	0	0.5098
W02	3055.4278	2977.8866	10	0.7205	1	5.4457	0.1432	0	0.5098
W02	3056.4278	2978.8862	10	0.7205	1	5.4457	0.1432	0	0.5098
W02	3057.4278	2979.8857	10	0.7205	1	5.4457	0.1432	0	0.5098
W02	3058.4278	2980.8853	10	0.6442	1	6.1239	0.1536	0	0.6396
W02	3059.4278	2981.8849	10	0.6442	1	6.1239	0.1536	0	0.6396
W02	3060.4278	2982.8844	10	0.6442	1	6.1239	0.1536	0	0.6396
W02	3061.4278	2983.884	10	0.6442	1	6.1239		0	0.6396
W02	3062.4278	2984.8836	10	0.6442	1	6.1239	0.1536	0	0.6396
W02	3063.4278	2985.8831	10	0.634	1	6.2207	0.1572	0	0.6888
W02	3064.4278	2986.8827	10		1	6.2207	0.1572	0	
W02	3065.4278	2987.8822	10	0.634	1	6.2207	0.1572	0	0.6888
W02	3066.4278	2988.8818	10	0.634	1	6.2207	0.1572	0	0.6888
W02	3067.4278	2989.8814	10	0.634	1	6.2207	0.1572	0	0.6888
W02	3068.4278	2990.8809	10	0.6456	1	6.1108	0.1528	0	0.6286
W02	3069.4278	2991.8805	10	0.6456	1	6.1108	0.1528	0	0.6286
W02	3070.4278	2992.8801	10	0.6456	1	6.1108	0.1528	0	0.6286
W02	3071.4278	2993.8796	10	0.6456	1	6.1108	0.1528	0	0.6286
W02	3072.4278	2994.8792	10	0.6456	1	6.1108	0.1528	0	0.6286
W02	3073.4278	2995.8787	10	0.6431	1	6.1341	0.1514	0	0.6111
W02	3074.4278	2996.8783	10	0.6431	1	6.1341	0.1514	0	0.6111
W02	3075.4278	2997.8779	10	0.6431	1	6.1341	0.1514	0	0.6111
W02	3076.4278	2998.8774	10	0.6431	1		0.1514	0	0.6111
W02	3077.4278	2999.877	10	0.6431	1	6.1341	0.1514	0	0.6111
W02	3078.4278	3000.8766	10	0.6277	1	6.2811	0.1566	0	0.6815
W02	3079.4278	3001.8761	10	0.6277	1	6.2811	0.1566	0	0.6815
W02	3080.4278	3002.8757	10	0.6277	1	6.2811	0.1566	0	0.6815
W02	3081.4278	3003.8752	10	0.6277	1	6.2811	0.1566	0	0.6815
W02	3082.4278	3004.8748	10	0.5255	1	7.3498	0.1354	0	0.4259
W02	3083.4278	3005.8743	10	0.5255	1		0.1354	0	0.4259
W02	3084.4278	3006.8739	10	0.5255	1	7.3498	0.1354	0	0.4259
W02	3085.4278	3007.8735	10	0.5255	1	7.3498	0.1354	0	0.4259
W02	3086.4278	3008.873	10	0.5255	1	7.3498	0.1354	0	0.4259
W02	3087.4278	3009.8726	10	0.5475	1	7.1057		0	0.3693
W02	3088.4278	3010.8721	10	0.5475	1	7.1057	0.1296	0	0.3693
W02	3089.4278	3011.8717	10	0.5475	1	7.1057		0	0.3693
W02	3090.4278	3012.8713	10	0.5475	1	7.1057	0.1296	0	0.3693
W02	3091.4278	3013.8708	10	0.5475	1	7.1057	0.1296	0	0.3693
W02	3092.4278	3014.8704	10	0.5577	1	6.9953	0.1447	0	0.5273
W02	3093.4278	3015.8699	10	0.5577	1	6.9953	0.1447	0	0.5273
W02	3094.4278	3016.8695	10	0.5577	1	6.9953	0.1447	0	0.5273
W02	3095.4278	3017.869	10		1	6.9953	0.1447	0	0.5273
W02	3096.4278	3018.8686	10	0.5577	1	6.9953	0.1447	0	0.5273
W02	3097.4278	3019.8681	10	0.6872	1	5.732	0.1651	0	0.8071
W02	3098.4278	3020.8677	10	0.6872	1		0.1651	0	0.8071
W02	3099.4278	3021.8673	10	0.6872	1	5.732	0.1651	0	0.8071
W02	3100.4278	3022.8668	10		1		0.1651	0	0.8071
W02	3101.4278	3023.8664	10	0.6872	1		0.1651	0	0.8071
W02	3102.4278	3024.8659	10	0.7158	1	5.4852	0.1605	0	0.7366
W02	3103.4278	3025.8655	10	0.7158	1	5.4852	0.1605	0	0.7366
W02	3104.4278	3026.865	10	0.7158	1	5.4852	0.1605	0	0.7366
W02	3105.4278	3027.8646	10	0.7158	1	5.4852	0.1605	0	0.7366
W02	3106.4278	3028.8641	10	0.7158	1	5.4852	0.1605	0	0.7366
W02	3107.4278	3029.8637	10	0.6895	1	5.712	0.1619	0	0.7577
W02	3108.4278	3030.8632	10	0.6895	1	5.712	0.1619	0	0.7577
W02	3109.4278	3031.8628		0.6895	1	5.712	0.1619	0	0.7577
W02	3110.4278	3032.8623	10	0.6895		5.712	0.1619	0	0.7577
W02	3111.4278	3033.8619	10	0.6895	1	5.712	0.1619	0	
W02	3112.4278	3034.8614	10		1	4.8245	0.167	0	0.8383
W02	3113.4278	3035.861		0.7993	1	4.8245	0.167	0	0.8383
W02	3114.4278	3036.8605	10	0.7993	1	4.8245	0.167	0	0.8383
W02	3115.4278	3037.8601	10	0.7993	1	4.8245	0.167	0	0.8383
W02	3116.4278	3038.8596	10	0.7993	1	4.8245	0.167	0	0.8383
W02	3117.4278	3039.8592	10	0.8207	1	4.6685	0.1674	0	0.8447
W02	3118.4278	3040.8587	10	0.8207	1		0.1674	0	0.8447
W02	3119.4278	3041.8583	10	0.8207	1	4.6685	0.1674	0	0.8447
W02	3120.4278	3042.8578		0.8207	1	4.6685	0.1674	0	0.8447
W02	3121.4278	3043.8574	10	0.8207	1	4.6685	0.1674	0	0.8447
W02	3122.4278	3044.8569	10	0.7984	1	4.8309	0.1604	0	0.735
W02	3123.4278	3045.8565	10	0.7984	1	4.8309	0.1604	0	
W02	3124.4278	3046.856		0.7984	1	4.8309	0.1604	0	0.735
W02	3125.4278	3047.8556	10	0.7984	1	4.8309	0.1604	0	0.735
W02	3126.4278	3048.8551	10	0.7984	1	4.8309	0.1604	0	0.735
W02	3127.4278	3049.8547		0.8196	1	4.6762	0.1664	0	0.8282
W02	3128.4278	3050.8542	10	0.8196	1	4.6762	0.1664	0	0.8282
W02	3129.4278	3051.8537	10	0.8196	1	4.6762	0.1664	0	0.8282
W02	3130.4278	3052.8533	10	0.8196	1	4.6762	0.1664	0	0.8282
W02	3131.4278	3053.8528	10	0.8196	1	4.6762	0.1664	0	0.8282
W02	3132.4278	3054.8524	10	0.7592	1	5.1317	0.1544	0	0.6503
W02	3133.4278	3055.8519	10	0.7592	1	5.1317	0.1544	0	0.6503
W02	3134.4278	3056.8515	10	0.7592	1	5.1317	0.1544	0	0.6503
W02	3135.4278	3057.851	10	0.7592	1	5.1317	0.1544	0	0.6503
W02	3136.4278	3058.8506	10	0.7592	1	5.1317	0.1544	0	0.6503
W02	3137.4278	3059.8501	10	0.7864	1	4.9214	0.1558	0	0.669
W02	3138.4278	3060.8496	10	0.7864	1	4.9214	0.1558	0	0.669
W02	3139.4278	3061.8492	10	0.7864	1	4.9214	0.1558	0	0.669
W02	3140.4278	3062.8487	10	0.7864	1	4.9214	0.1558	0	
W02	3141.4278	3063.8483	10	0.7864	1		0.1558	0	0.669
W02	3142.4278	3064.8478	10	0.7877	1	4.9113	0.1503	0	0.5958
W02	3143.4278	3065.8474	10		1	4.9113	0.1503	0	0.5958
W02	3144.4278	3066.8469	10	0.7877	1	4.9113	0.1503	0	0.5958
W02	3145.4278	3067.8464	10	0.7877	1	4.9113	0.1503	0	0.5958
W02	3146.4278	3068.846	10	0.7877	1	4.9113	0.1503	0	0.5958
W02	3147.4278	3069.8455	10	0.7855		4.9283	0.1753	0	0.9795
W02	3148.4278	3070.8451	10	0.7855	1	4.9283		0	0.9795
W02	3149.4278	3071.8446	10	0.7855	1	4.9283	0.1753	0	0.9795
W02	3150.4278	3072.8441		0.7855	1	4.9283	0.1753	0	0.9795
W02	3151.4278	3073.8437	10	0.7855	1	4.9283	0.1753	0	0.9795
W02	3152.4278	3074.8432		0.7857		4.9269	0.1762	0	0.9964
W02	3153.4278	3075.8428	10	0.7857	1	4.9269	0.1762	0	0.9964
W02	3154.4278	3076.8423		0.7857	1		0.1762	0	0.9964
W02	3155.4278	3077.8418	11	0.7105	1	5.53	0.155	0	0.6589
W02	3156.4278	3078.8414	11	0.7105	1	5.53	0.155	0	0.6589
W02	3157.4278	3079.8409	11	0.7105	1	5.53	0.155	0	0.6589
W02	3158.4278	3080.8404	11	0.7105	1	5.53	0.155	0	0.6589
W02	3159.4278	3081.84	11	0.7105	1	5.53	0.155	0	0.6589
W02	3160.4278	3082.8395	11	0.6884	1	5.7211	0.1583	0	0.7044
W02	3161.4278	3083.8391	11	0.6884	1	5.7211	0.1583	0	0.7044
W02	3162.4278	3084.8386	11	0.6884	1	5.7211	0.1583	0	0.7044
W02	3163.4278	3085.8381	11	0.6884	1	5.7211	0.1583	0	0.7044
W02	3164.4278	3086.8377	11	0.6884	1	5.7211	0.1583	0	0.7044
W02	3165.4278	3087.8372	11	0.6728	1	5.8602	0.167	0	0.8387
W02	3166.4278	3088.8367	11	0.6728		5.8602	0.167	0	0.8387
W02	3167.4278	3089.8363	11	0.6728	1	5.8602	0.167	0	0.8387
W02	3168.4278	3090.8358	11	0.6728	1	5.8602	0.167	0	0.8387
W02	3169.4278	3091.8353	11	0.6728	1	5.8602	0.167	0	0.8387
W02	3170.4278	3092.8349	11	0.629	1	6.2685	0.1587	0	0.7114
W02	3171.4278	3093.8344	11	0.629	1	6.2685	0.1587	0	0.7114
W02	3172.4278	3094.8339		0.629	1	6.2685	0.1587	0	0.7114
W02	3173.4278	3095.8335	11	0.629	1	6.2685	0.1587	0	0.7114
W02	3174.4278	3096.833	11	0.629	1	6.2685	0.1587	0	0.7114
W02	3175.4278	3097.8325	11	0.7169	1	5.4765	0.1565	0	0.6796
W02	3176.4278	3098.8321	11	0.7169	1	5.4765	0.1565	0	0.6796
W02	3177.4278	3099.8316	11	0.7169	1	5.4765		0	0.6796
W02	3178.4278	3100.8311	11	0.7169	1	5.4765	0.1565	0	0.6796
W02	3179.4278	3101.8307	11	0.7169	1	5.4765	0.1565	0	0.6796
W02	3180.4278	3102.8302	11	0.7137	1	5.5032	0.1725	1	5.1691
W02	3181.4278	3103.8297	11	0.7137	1	5.5032	0.1725	1	5.1691
W02	3182.4278	3104.8293	11	0.7137	1		0.1725	1	5.1691
W02	3183.4278	3105.8288			1	5.5032	0.1725	1	5.1691
W02	3184.4278	3106.8283	11	0.7032	1	5.5929		0	0.668
W02	3185.4278	3107.8278	11	0.7032	1	5.5929	0.1557	0	0.668
W02	3186.4278	3108.8274		0.7032	1	5.5929	0.1557	0	0.668
W02	3187.4278	3109.8269	11	0.7032	1	5.5929	0.1557	0	0.668
W02	3188.4278	3110.8264	11	0.7032	1	5.5929	0.1557	0	0.668
W02	3189.4278	3111.826	11	0.7247	1	5.4111		0	0.6234
W02	3190.4278	3112.8255	11	0.7247	1	5.4111	0.1524	0	0.6234
W02	3191.4278	3113.825	11	0.7247	1	5.4111	0.1524	0	0.6234
W02	3192.4278	3114.8245	11	0.7247	1	5.4111	0.1524	0	0.6234
W02	3193.4278	3115.8241	11		1	5.4111	0.1524	0	0.6234
W02	3194.4278	3116.8236	11	0.6751	1	5.8397	0.1429	0	0.5071
W02	3195.4278	3117.8231	11	0.6751	1	5.8397	0.1429	0	0.5071
W02	3196.4278	3118.8226	11	0.6751	1	5.8397	0.1429	0	0.5071
W02	3197.4278	3119.8222	11	0.6751	1	5.8397	0.1429	0	0.5071
W02	3198.4278	3120.8217	11	0.6751	1	5.8397	0.1429	0	0.5071
W02	3199.4278	3121.8212	11	0.6907	1	5.7015	0.1464	0	0.5475
W02	3200.4278	3122.8207	11		1	5.7015	0.1464	0	0.5475
W02	3201.4278	3123.8203	11		1	5.7015	0.1464	0	0.5475
W02	3202.4278	3124.8198		0.6907	1	5.7015	0.1464	0	0.5475
W02	3203.4278	3125.8193	11		1	5.7015	0.1464	0	0.5475
W02	3204.4278	3126.8188	11	0.6827	1	5.7717	0.1495	0	0.5857
W02	3205.4278	3127.8184	11		1	5.7717	0.1495	0	0.5857
W02	3206.4278	3128.8179	11	0.6827	1	5.7717	0.1495	0	0.5857
W02	3207.4278	3129.8174	11	0.6827		5.7717	0.1495	0	0.5857
W02	3208.4278	3130.8169	11		1	5.7717		0	
W02	3209.4278	3131.8165	11	0.707	1	5.5602	0.1419	0	
W02	3210.4278	3132.816	11	0.707	1	5.5602	0.1419	0	0.4951
W02	3211.4278	3133.8155	11	0.707	1	5.5602	0.1419	0	0.4951
W02	3212.4278	3134.815	11	0.707	1	5.5602	0.1419	0	0.4951
W02	3213.4278	3135.8145	11	0.707	1	5.5602	0.1419	0	0.4951
W02	3214.4278	3136.8141	11	0.7094	1	5.54	0.1341	0	
W02	3215.4278	3137.8136	11		1	5.54	0.1341	0	0.4131
W02	3216.4278	3138.8131	11	0.7094	1	5.54	0.1341	0	0.4131
W02	3217.4278	3139.8126	11		1	5.54	0.1341	0	0.4131
W02	3218.4278	3140.8121	11	0.7094	1	5.54	0.1341	0	0.4131
W02	3219.4278	3141.8117	11	0.6899	1	5.7085	0.1281	0	0.3556
W02	3220.4278	3142.8112		0.6899	1	5.7085	0.1281	0	0.3556
W02	3221.4278	3143.8107	11	0.6899	1	5.7085	0.1281	0	0.3556
W02	3222.4278	3144.8102	11	0.6899	1	5.7085	0.1281	0	0.3556
W02	3223.4278	3145.8097	11	0.6899	1	5.7085	0.1281	0	0.3556
W02	3224.4278	3146.8093	11	0.6676	1	5.9073	0.1277	0	0.3527
W02	3225.4278	3147.8088	11	0.6676	1		0.1277	0	0.3527
W02	3226.4278	3148.8083		0.6676	1	5.9073	0.1277	0	0.3527
W02	3227.4278	3149.8078	11	0.6676	1	5.9073	0.1277	0	0.3527
W02	3228.4278	3150.8073	11		1	5.9073	0.1277	0	0.3527
W02	3229.4278	3151.8068	11	0.6299	1	6.2604	0.1383	0	0.4554
W02	3230.4278	3152.8064	11	0.6299	1	6.2604	0.1383	0	0.4554
W02	3231.4278	3153.8059	11	0.6299	1	6.2604	0.1383	0	0.4554
W02	3232.4278	3154.8054	11	0.6299	1	6.2604	0.1383	0	0.4554
W02	3233.4278	3155.8049	11	0.6299	1	6.2604	0.1383	0	0.4554
W02	3234.4278	3156.8044	11	0.6715	1	5.8721	0.1488	0	0.5771
W02	3235.4278	3157.8039	11	0.6715	1	5.8721	0.1488	0	0.5771
W02	3236.4278	3158.8034	11	0.6715	1	5.8721		0	0.5771
W02	3237.4278	3159.803	11	0.6715	1	5.8721	0.1488	0	0.5771
W02	3238.4278	3160.8025	11	0.6715	1	5.8721	0.1488	0	0.5771
W02	3239.4278	3161.802	11	0.6398	1	6.1658		0	0.6332
W02	3240.4278	3162.8015	11	0.6398	1	6.1658		0	0.6332
W02	3241.4278	3163.801	11	0.6398	1	6.1658	0.1531	0	0.6332
W02	3242.4278	3164.8005	11	0.6398	1	6.1658	0.1531	0	0.6332
W02	3243.4278	3165.8	11	0.6398	1	6.1658	0.1531	0	0.6332
W02	3244.4278	3166.7995	11	0.7101	1	5.5334	0.1494	0	0.5853
W02	3245.4278	3167.7991	11	0.7101		5.5334	0.1494	0	0.5853
W02	3246.4278	3168.7986	11	0.7101	1	5.5334	0.1494	0	0.5853
W02	3247.4278	3169.7981	11	0.7101	1	5.5334	0.1494	0	0.5853
W02	3248.4278	3170.7976	11	0.7101	1	5.5334	0.1494	0	0.5853
W02	3249.4278	3171.7971	11		1	6.0926	0.1327	0	0.3993
W02	3250.4278	3172.7966	11	0.6475	1	6.0926	0.1327	0	0.3993
W02	3251.4278	3173.7961	11	0.6475	1	6.0926	0.1327	0	0.3993
W02	3252.4278	3174.7956	11	0.6475	1	6.0926	0.1327	0	0.3993
W02	3253.4278	3175.7951	11	0.6475	1	6.0926	0.1327	0	0.3993
W02	3254.4278	3176.7946	11	0.6519	1	6.0515	0.1363	0	0.4347
W02	3255.4278	3177.7942	11	0.6519	1	6.0515	0.1363	0	0.4347
W02	3256.4278	3178.7937	11	0.6519	1	6.0515	0.1363	0	0.4347
W02	3257.4278	3179.7932	11	0.6519	1	6.0515	0.1363	0	0.4347
W02	3258.4278	3180.7927	11	0.6519	1	6.0515	0.1363	0	0.4347
W02	3259.4278	3181.7922	11	0.6429	1	6.1361	0.1264	0	
W02	3260.4278	3182.7917	11	0.6429	1	6.1361	0.1264	0	0.3407
W02	3261.4278	3183.7912	11		1	6.1361	0.1264	0	0.3407
W02	3262.4278	3184.7907	11	0.6429	1	6.1361	0.1264	0	0.3407
W02	3263.4278	3185.7902	11	0.6429	1	6.1361	0.1264	0	0.3407
W02	3264.4278	3186.7897	11	0.6949	1	5.6645	0.124	0	0.3201
W02	3265.4278	3187.7892	11	0.6949	1	5.6645	0.124	0	0.3201
W02	3266.4278	3188.7887	11	0.6949	1	5.6645	0.124	0	0.3201
W02	3267.4278	3189.7882	11	0.6949	1	5.6645	0.124	0	0.3201
W02	3268.4278	3190.7877	11	0.6949	1		0.124	0	
W02	3269.4278	3191.7872	11	0.6737	1	5.8521	0.1267	0	0.3432
W02	3270.4278	3192.7867	11		1	5.8521	0.1267	0	0.3432
W02	3271.4278	3193.7862	11	0.6737	1	5.8521	0.1267	0	0.3432
W02	3272.4278	3194.7857	11	0.6737	1	5.8521	0.1267	0	0.3432
W02	3273.4278	3195.7853	11	0.6737	1	5.8521	0.1267	0	0.3432
W02	3274.4278	3196.7848	11	0.6976	1	5.6414	0.1282	0	0.3567
W02	3275.4278	3197.7843	11	0.6976	1	5.6414	0.1282	0	0.3567
W02	3276.4278	3198.7838	11	0.6976	1	5.6414	0.1282	0	0.3567
W02	3277.4278	3199.7833	11		1	5.6414	0.1282	0	0.3567
W02	3278.4278	3200.7828	11	0.6976	1		0.1282	0	0.3567
W02	3279.4278	3201.7823	11	0.7446	1	5.2479	0.1232	0	0.3139
W02	3280.4278	3202.7818	11	0.7446	1	5.2479	0.1232	0	0.3139
W02	3281.4278	3203.7813	11	0.7446	1	5.2479	0.1232	0	0.3139
W02	3282.4278	3204.7808	11	0.7446	1	5.2479	0.1232	0	0.3139
W02	3283.4278	3205.7803	11	0.7446	1	5.2479	0.1232	0	0.3139
W02	3284.4278	3206.7798	11	0.7078		5.5536	0.1284	0	0.3588
W02	3285.4278	3207.7793	11	0.7078	1		0.1284	0	0.3588
W02	3286.4278	3208.7788	11	0.7078	1	5.5536	0.1284	0	0.3588
W02	3287.4278	3209.7783	11	0.7078	1	5.5536	0.1284	0	0.3588
W02	3288.4278	3210.7778	11	0.7078	1	5.5536	0.1284	0	0.3588
W02	3289.4278	3211.7773	11	0.7077	1	5.5546	0.1449	0	0.5303
W02	3290.4278	3212.7768	11	0.7077	1	5.5546	0.1449	0	0.5303
W02	3291.4278	3213.7763	11	0.7077	1	5.5546		0	0.5303
W02	3292.4278	3214.7757	11	0.7077	1	5.5546	0.1449	0	0.5303
W02	3293.4278	3215.7752	11	0.7077	1	5.5546	0.1449	0	0.5303
W02	3294.4278	3216.7747	11	0.7097	1	5.5372	0.1412	0	0.4878
W02	3295.4278	3217.7742		0.7097	1	5.5372	0.1412	0	0.4878
W02	3296.4278	3218.7737	11	0.7097	1	5.5372		0	0.4878
W02	3297.4278	3219.7732	11	0.7097	1		0.1412	0	0.4878
W02	3298.4278	3220.7727	11	0.7097	1	5.5372	0.1412	0	0.4878
W02	3299.4278	3221.7722		0.6519	1	6.0519	0.1361	0	0.433
W02	3300.4278	3222.7717		0.6519	1	6.0519	0.1361	0	0.433
W02	3301.4278	3223.7712	11	0.6519	1	6.0519	0.1361	0	0.433
W02	3302.4278	3224.7707	11	0.6519	1	6.0519	0.1361	0	0.433
W02	3303.4278	3225.7702	11	0.6519	1	6.0519	0.1361	0	0.433
W02	3304.4278	3226.7697		0.6407	1	6.1571	0.1362	0	0.4338
W02	3305.4278	3227.7692	11	0.6407	1	6.1571	0.1362	0	0.4338
W02	3306.4278	3228.7687	11		1	6.1571	0.1362	0	0.4338
W02	3307.4278	3229.7682	11	0.6407	1	6.1571	0.1362	0	0.4338
W02	3308.4278	3230.7677	11	0.6407	1	6.1571	0.1362	0	0.4338
W02	3309.4278	3231.7672	11	0.5913	1	6.6428	0.1282	0	0.3571
W02	3310.4278	3232.7666	11	0.5913	1	6.6428	0.1282	0	0.3571
W02	3311.4278	3233.7661	11	0.5913	1	6.6428	0.1282	0	0.3571
W02	3312.4278	3234.7656	11	0.5913	1	6.6428	0.1282	0	0.3571
W02	3313.4278	3235.7651	11	0.5913	1	6.6428	0.1282	0	0.3571
W02	3314.4278	3236.7646	11	0.6338		6.2228		0	0.518
W02	3315.4278	3237.7641	11	0.6338	1	6.2228	0.1439	0	0.518
W02	3316.4278	3238.7636	11	0.6338	1	6.2228	0.1439	0	0.518
W02	3317.4278	3239.7631	11	0.6338	1	6.2228	0.1439	0	0.518
W02	3318.4278	3240.7626	11	0.6338	1	6.2228	0.1439	0	0.518
W02	3319.4278	3241.7621	11	0.6833	1	5.7663	0.1479	0	0.5658
W02	3320.4278	3242.7615	11	0.6833	1	5.7663	0.1479	0	
W02	3321.4278	3243.761	11	0.6833	1	5.7663	0.1479	0	0.5658
W02	3322.4278	3244.7605	11	0.6833	1	5.7663	0.1479	0	0.5658
W02	3323.4278	3245.76	11	0.6833	1	5.7663		0	
W02	3324.4278	3246.7595		0.7257	1	5.4024	0.1357	0	
W02	3325.4278	3247.759	11	0.7257	1	5.4024	0.1357	0	0.4285
W02	3326.4278	3248.7585	11		1	5.4024	0.1357	0	0.4285
W02	3327.4278	3249.758	11	0.7257	1	5.4024	0.1357	0	0.4285
W02	3328.4278	3250.7574	11	0.7443	1	5.2499	0.1403	0	0.478
W02	3329.4278	3251.7569	11		1	5.2499	0.1403	0	0.478
W02	3330.4278	3252.7564	11	0.7443	1	5.2499	0.1403	0	0.478
W02	3331.4278	3253.7559	11	0.7443	1	5.2499	0.1403	0	0.478
W02	3332.4278	3254.7554	11	0.7443	1			0	0.478
W02	3333.4278	3255.7549	11	0.735	1	5.3257	0.1443	0	0.5231
W02	3334.4278	3256.7544	11	0.735	1	5.3257	0.1443	0	0.5231
W02	3335.4278	3257.7538	11	0.735	1	5.3257	0.1443	0	0.5231
W02	3336.4278	3258.7533	11	0.735	1	5.3257	0.1443	0	0.5231
W02	3337.4278	3259.7528	11		1	5.3257	0.1443	0	0.5231
W02	3338.4278	3260.7523		0.7401	1	5.2846	0.1384	0	0.4569
W02	3339.4278	3261.7518	11		1		0.1384	0	0.4569
W02	3340.4278	3262.7512	11		1	5.2846	0.1384	0	0.4569
W02	3341.4278	3263.7507	11	0.7401	1	5.2846	0.1384	0	0.4569
W02	3342.4278	3264.7502	11	0.7401	1	5.2846	0.1384	0	0.4569
W02	3343.4278	3265.7497	11	0.7502	1		0.1303	0	0.3757
W02	3344.4278	3266.7492	11	0.7502	1	5.2029	0.1303	0	0.3757
W02	3345.4278	3267.7487	11	0.7502	1	5.2029	0.1303	0	0.3757
W02	3346.4278	3268.7481	11	0.7502	1	5.2029		0	0.3757
W02	3347.4278	3269.7476	11	0.7502	1	5.2029	0.1303	0	0.3757
W02	3348.4278	3270.7471	11	0.7441	1	5.2523	0.131	0	0.3826
W02	3349.4278	3271.7466	11	0.7441	1	5.2523	0.131	0	0.3826
W02	3350.4278	3272.7461	11	0.7441	1	5.2523	0.131	0	
W02	3351.4278	3273.7455	11	0.7441	1	5.2523	0.131	0	0.3826
W02	3352.4278	3274.745	11	0.7441	1	5.2523	0.131	0	0.3826
W02	3353.4278	3275.7445	11	0.7111	1	5.5256	0.1297	0	
W02	3354.4278	3276.744	11	0.7111	1	5.5256	0.1297	0	
W02	3355.4278	3277.7434	11	0.7111	1	5.5256		0	0.3705
W02	3356.4278	3278.7429	11	0.7111	1	5.5256	0.1297	0	0.3705
W02	3357.4278	3279.7424	11	0.7111		5.5256	0.1297	0	0.3705
W02	3358.4278	3280.7419		0.7375	1	5.3054	0.1259	0	0.337
W02	3359.4278	3281.7414		0.7375	1	5.3054	0.1259	0	0.337
W02	3360.4278	3282.7408	11	0.7375	1	5.3054	0.1259	0	0.337
W02	3361.4278	3283.7403	11	0.7375	1	5.3054	0.1259	0	0.337
W02	3362.4278	3284.7398	11	0.7375	1		0.1259	0	0.337
W02	3363.4278	3285.7393	11	0.6918	1	5.692	0.131	0	0.3829
W02	3364.4278	3286.7387		0.6918	1	5.692	0.131	0	0.3829
W02	3365.4278	3287.7382	11	0.6918	1	5.692	0.131	0	0.3829
W02	3366.4278	3288.7377	11	0.6918	1	5.692	0.131	0	0.3829
W02	3367.4278	3289.7372	11	0.6918	1	5.692		0	0.3829
W02	3368.4278	3290.7366	11	0.6696	1	5.8896	0.1133	0	0.2397
W02	3369.4278	3291.7361	11	0.6696	1	5.8896	0.1133	0	0.2397
W02	3370.4278	3292.7356	11	0.6696	1	5.8896	0.1133	0	0.2397
W02	3371.4278	3293.735	11	0.6696	1	5.8896	0.1133	0	
W02	3372.4278	3294.7345	11	0.6696	1	5.8896	0.1133	0	0.2397
W02	3373.4278	3295.734	11	0.6379		6.183	0.1239	0	0.3196
W02	3374.4278	3296.7335	11	0.6379	1	6.183	0.1239	0	0.3196
W02	3375.4278	3297.7329	11		1	6.183	0.1239	0	0.3196
W02	3376.4278	3298.7324	11	0.6379	1	6.183	0.1239	0	0.3196
W02	3377.4278	3299.7319		0.6379	1	6.183	0.1239	0	0.3196
W02	3378.4278	3300.7313	11	0.667	1	5.9131	0.1208	0	0.2944
W02	3379.4278	3301.7308	11	0.667	1	5.9131	0.1208	0	0.2944
W02	3380.4278	3302.7303	11	0.667	1	5.9131	0.1208	0	0.2944
W02	3381.4278	3303.7298	11	0.667			0.1208	0	
W02	3382.4278	3304.7292	11	0.667	1	5.9131	0.1208	0	0.2944
W02	3383.4278	3305.7287	11	0.6796	1	5.7998	0.1346	0	0.4176
W02	3384.4278	3306.7282	11	0.6796	1		0.1346	0	0.4176
W02	3385.4278	3307.7276	11	0.6796	1	5.7998	0.1346	0	0.4176
W02	3386.4278	3308.7271	11	0.6796	1		0.1346	0	0.4176
W02	3387.4278	3309.7266	11	0.6796	1	5.7998	0.1346	0	0.4176
W02	3388.4278	3310.726	11	0.6742		5.8475	0.1233	0	0.3143
W02	3389.4278	3311.7255	11	0.6742	1	5.8475	0.1233	0	0.3143
W02	3390.4278	3312.725	11		1	5.8475	0.1233	0	0.3143
W02	3391.4278	3313.7244	11	0.6742	1	5.8475	0.1233	0	0.3143
W02	3392.4278	3314.7239	11	0.6742		5.8475	0.1233	0	0.3143
W02	3393.4278	3315.7234	11	0.7252	1	5.4066	0.1276	0	0.3511
W02	3394.4278	3316.7228	11	0.7252	1	5.4066	0.1276	0	0.3511
W02	3395.4278	3317.7223	11	0.7252	1	5.4066	0.1276	0	0.3511
W02	3396.4278	3318.7218	11	0.7252	1	5.4066	0.1276	0	0.3511
W02	3397.4278	3319.7212	11	0.7291	1	5.3745	0.1323	0	0.3946
W02	3398.4278	3320.7207	11	0.7291	1	5.3745	0.1323	0	0.3946
W02	3399.4278	3321.7202	12			5.9354	0.1236	0	0.3174
W02	3400.4278	3322.7196	12	0.6645	1		0.1236	0	
W02	3401.4278	3323.7191	12	0.6645	1	5.9354	0.1236	0	0.3174
W02	3402.4278	3324.7185	12	0.6645	1	5.9354	0.1236	0	0.3174
W02	3403.4278	3325.718		0.6645	1	5.9354	0.1236	0	0.3174
W02	3404.4278	3326.7175	12	0.6465	1	6.1025	0.1153	0	0.2537
W02	3405.4278	3327.7169	12	0.6465	1	6.1025	0.1153	0	0.2537
W02	3406.4278	3328.7164	12	0.6465	1	6.1025		0	0.2537
W02	3407.4278	3329.7159	12	0.6465	1	6.1025	0.1153	0	0.2537
W02	3408.4278	3330.7153	12	0.6465	1	6.1025	0.1153	0	0.2537
W02	3409.4278	3331.7148	12	0.6455		6.1113	0.1135	0	0.241
W02	3410.4278	3332.7142	12	0.6455	1	6.1113	0.1135	0	0.241
W02	3411.4278	3333.7137	12	0.6455	1	6.1113	0.1135	0	0.241
W02	3412.4278	3334.7132	12	0.6455	1	6.1113	0.1135	0	0.241
W02	3413.4278	3335.7126	12	0.6455	1	6.1113	0.1135	0	0.241
W02	3414.4278	3336.7121	12	0.6563		6.0109	0.1062	0	0.1944
W02	3415.4278	3337.7115			1	6.0109	0.1062	0	0.1944
W02	3416.4278	3338.711	12	0.6563	1	6.0109	0.1062	0	0.1944
W02	3417.4278	3339.7105	12	0.6563	1	6.0109	0.1062	0	0.1944
W02	3418.4278	3340.7099	12	0.6563	1	6.0109	0.1062	0	0.1944
W02	3419.4278	3341.7094	12	0.6486	1	6.0827	0.108	0	0.2053
W02	3420.4278	3342.7088	12	0.6486	1	6.0827	0.108	0	0.2053
W02	3421.4278	3343.7083	12	0.6486	1	6.0827	0.108	0	0.2053
W02	3422.4278	3344.7077	12	0.6486	1	6.0827	0.108	0	0.2053
W02	3423.4278	3345.7072	12	0.6486	1	6.0827	0.108	0	0.2053
W02	3424.4278	3346.7067	12	0.6124	1	6.4306	0.0978	0	0.1491
W02	3425.4278	3347.7061	12	0.6124	1	6.4306	0.0978	0	0.1491
W02	3426.4278	3348.7056	12	0.6124	1	6.4306	0.0978	0	0.1491
W02	3427.4278	3349.705	12	0.6124	1	6.4306	0.0978	0	0.1491
W02	3428.4278	3350.7045	12	0.6124	1	6.4306	0.0978	0	0.1491
W02	3429.4278	3351.7039	12	0.6303	1	6.2557	0.1082	0	0.2066
W02	3430.4278	3352.7034	12	0.6303	1	6.2557	0.1082	0	0.2066
W02	3431.4278	3353.7028	12	0.6303	1	6.2557	0.1082	0	0.2066
W02	3432.4278	3354.7023	12	0.6303	1	6.2557	0.1082	0	0.2066
W02	3433.4278	3355.7017	12	0.6303		6.2557	0.1082	0	0.2066
W02	3434.4278	3356.7012	12	0.5979	1	6.5755	0.0963	0	0.1416
W02	3435.4278	3357.7006	12	0.5979	1	6.5755	0.0963	0	0.1416
W02	3436.4278	3358.7001	12	0.5979	1	6.5755	0.0963	0	0.1416
W02	3437.4278	3359.6996	12			6.5755	0.0963	0	0.1416
W02	3438.4278	3360.699	12	0.5979	1	6.5755	0.0963	0	0.1416
W02	3439.4278	3361.6985	12	0.6192	1	6.3641	0.1067	0	0.1975
W02	3440.4278	3362.6979	12	0.6192	1	6.3641	0.1067	0	0.1975
W02	3441.4278	3363.6974	12	0.6192	1	6.3641	0.1067	0	0.1975
W02	3442.4278	3364.6968	12	0.6192	1	6.3641		0	0.1975
W02	3443.4278	3365.6963	12	0.6192	1	6.3641	0.1067	0	0.1975
W02	3444.4278	3366.6957	12		1	6.3937	0.1096	0	0.2151
W02	3445.4278	3367.6952	12	0.6161	1	6.3937	0.1096	0	0.2151
W02	3446.4278	3368.6946	12	0.6161	1	6.3937	0.1096	0	0.2151
W02	3447.4278	3369.6941	12	0.6161	1	6.3937	0.1096	0	0.2151
W02	3448.4278	3370.6935			1	6.2451	0.12	0	0.2882
W02	3449.4278	3371.6929	12	0.6314	1	6.2451	0.12	0	0.2882
W02	3450.4278	3372.6924	12	0.6314	1	6.2451	0.12	0	0.2882
W02	3451.4278	3373.6918	12	0.6314	1	6.2451	0.12	0	0.2882
W02	3452.4278	3374.6913	12	0.6314	1	6.2451		0	0.2882
W02	3453.4278	3375.6907	12	0.679	1	5.8048	0.1171	0	0.2665
W02	3454.4278	3376.6902	12	0.679	1	5.8048	0.1171	0	0.2665
W02	3455.4278	3377.6896	12	0.679	1	5.8048	0.1171	0	0.2665
W02	3456.4278	3378.6891	12	0.679	1		0.1171	0	0.2665
W02	3457.4278	3379.6885	12	0.679	1	5.8048	0.1171	0	0.2665
W02	3458.4278	3380.688	12	0.6678	1	5.9058		0	0.2972
W02	3459.4278	3381.6874	12	0.6678	1	5.9058	0.1211	0	0.2972
W02	3460.4278	3382.6869	12	0.6678	1	5.9058	0.1211	0	0.2972
W02	3461.4278	3383.6863	12	0.6678	1	5.9058	0.1211	0	0.2972
W02	3462.4278	3384.6857	12	0.6678		5.9058	0.1211	0	0.2972
W02	3463.4278	3385.6852	12	0.6074	1	6.48	0.1199	0	0.2874
W02	3464.4278	3386.6846	12	0.6074	1	6.48	0.1199	0	
W02	3465.4278	3387.6841	12	0.6074	1	6.48	0.1199	0	0.2874
W02	3466.4278	3388.6835	12	0.6074	1	6.48	0.1199	0	0.2874
W02	3467.4278	3389.683	12	0.6074	1	6.48	0.1199	0	0.2874
W02	3468.4278	3390.6824	12	0.6249	1	6.3081	0.121	0	0.2958
W02	3469.4278	3391.6818	12	0.6249	1	6.3081	0.121	0	0.2958
W02	3470.4278	3392.6813	12	0.6249	1	6.3081	0.121	0	0.2958
W02	3471.4278	3393.6807	12	0.6249	1	6.3081	0.121	0	0.2958
W02	3472.4278	3394.6802	12	0.6249	1	6.3081	0.121	0	0.2958
W02	3473.4278	3395.6796	12	0.5886	1	6.6701	0.1329	0	0.4012
W02	3474.4278	3396.679	12	0.5886	1	6.6701	0.1329	0	0.4012
W02	3475.4278	3397.6785	12		1	6.6701	0.1329	0	0.4012
W02	3476.4278	3398.6779	12	0.5886		6.6701	0.1329	0	0.4012
W02	3477.4278	3399.6774		0.5886	1	6.6701	0.1329	0	0.4012
W02	3478.4278	3400.6768	12	0.6529	1	6.0422	0.1458	0	0.5401
W02	3479.4278	3401.6762	12	0.6529	1	6.0422	0.1458	0	0.5401
W02	3480.4278	3402.6757	12	0.6529	1	6.0422	0.1458	0	0.5401
W02	3481.4278	3403.6751	12	0.6529	1	6.0422	0.1458	0	0.5401
W02	3482.4278	3404.6746	12	0.6529	1	6.0422	0.1458	0	0.5401
W02	3483.4278	3405.674	12	0.6903	1	5.7045	0.1456	0	
W02	3484.4278	3406.6734	12	0.6903	1	5.7045	0.1456	0	0.5382
W02	3485.4278	3407.6729	12		1	5.7045	0.1456	0	0.5382
W02	3486.4278	3408.6723	12	0.6903	1	5.7045	0.1456	0	0.5382
W02	3487.4278	3409.6717			1	5.7045	0.1456	0	0.5382
W02	3488.4278	3410.6712	12	0.6627	1	5.9519	0.1427	0	0.5045
W02	3489.4278	3411.6706	12	0.6627	1	5.9519	0.1427	0	0.5045
W02	3490.4278	3412.67	12	0.6627	1	5.9519	0.1427	0	0.5045
W02	3491.4278	3413.6695	12		1	5.9519	0.1427	0	0.5045
W02	3492.4278	3414.6689	12	0.6627	1	5.9519	0.1427	0	0.5045
W02	3493.4278	3415.6683	12	0.581	1	6.7488	0.1267	0	0.3438
W02	3494.4278	3416.6678	12	0.581	1	6.7488	0.1267	0	0.3438
W02	3495.4278	3417.6672	12	0.581	1	6.7488	0.1267	0	0.3438
W02	3496.4278	3418.6666	12	0.581	1	6.7488	0.1267	0	0.3438
W02	3497.4278	3419.6661	12	0.581	1	6.7488		0	0.3438
W02	3498.4278	3420.6655	12	0.6139	1	6.4157	0.1355	0	0.4268
W02	3499.4278	3421.6649	12	0.6139	1	6.4157	0.1355	0	0.4268
W02	3500.4278	3422.6644	12	0.6139	1	6.4157	0.1355	0	0.4268
W02	3501.4278	3423.6638	12	0.6139	1	6.4157	0.1355	0	0.4268
W02	3502.4278	3424.6632	12	0.6139	1	6.4157	0.1355	0	0.4268
W02	3503.4278	3425.6627	12	0.6677	1	5.9064	0.1147	0	0.2489
W02	3504.4278	3426.6621	12	0.6677	1	5.9064	0.1147	0	0.2489
W02	3505.4278	3427.6615	12	0.6677		5.9064	0.1147	0	0.2489
W02	3506.4278	3428.661	12	0.6677	1	5.9064	0.1147	0	0.2489
W02	3507.4278	3429.6604	12	0.6677	1	5.9064	0.1147	0	0.2489
W02	3508.4278	3430.6598	12	0.6473	1	6.0945	0.1218	0	0.3027
W02	3509.4278	3431.6592	12	0.6473		6.0945	0.1218	0	0.3027
W02	3510.4278	3432.6587	12	0.6473	1	6.0945	0.1218	0	0.3027
W02	3511.4278	3433.6581	12	0.6473	1	6.0945	0.1218	0	0.3027
W02	3512.4278	3434.6575	12	0.6473	1	6.0945	0.1218	0	0.3027
W02	3513.4278	3435.657	12	0.4953		7.6992	0.147	0	0.5551
W02	3514.4278	3436.6564	12	0.4953	1	7.6992	0.147	0	0.5551
W02	3515.4278	3437.6558	12	0.4953	1	7.6992	0.147	0	0.5551
W02	3516.4278	3438.6552	12	0.4953	1	7.6992	0.147	0	0.5551
W02	3517.4278	3439.6547	12	0.4953	1		0.147	0	0.5551
W02	3518.4278	3440.6541	12	0.5921	1	6.6345	0.1221	0	0.305
W02	3519.4278	3441.6535	12	0.5921	1	6.6345	0.1221	0	0.305
W02	3520.4278	3442.6529	12	0.5921	1	6.6345	0.1221	0	0.305
W02	3521.4278	3443.6524	12	0.5921	1	6.6345	0.1221	0	0.305
W02	3522.4278	3444.6518	12	0.5921	1	6.6345	0.1221	0	0.305
W02	3523.4278	3445.6512	12	0.6638	1	5.9423	0.1306	0	0.3788
W02	3524.4278	3446.6506	12	0.6638	1	5.9423	0.1306	0	0.3788
W02	3525.4278	3447.6501	12	0.6638	1		0.1306	0	0.3788
W02	3526.4278	3448.6495	12	0.6638	1	5.9423	0.1306	0	
W02	3527.4278	3449.6489	12	0.6638	1	5.9423	0.1306	0	0.3788
W02	3528.4278	3450.6483	12	0.7484	1	5.2175	0.1242	0	0.3218
W02	3529.4278	3451.6477	12	0.7484	1	5.2175	0.1242	0	0.3218
W02	3530.4278	3452.6472	12	0.7484	1	5.2175	0.1242	0	0.3218
W02	3531.4278	3453.6466	12	0.7484	1	5.2175	0.1242	0	0.3218
W02	3532.4278	3454.646	12	0.7484	1	5.2175		0	0.3218
W02	3533.4278	3455.6454	12	0.7015	1	5.607	0.1074	0	0.2017
W02	3534.4278	3456.6449	12	0.7015	1	5.607	0.1074	0	0.2017
W02	3535.4278	3457.6443	12	0.7015	1	5.607	0.1074	0	0.2017
W02	3536.4278	3458.6437	12	0.7015	1	5.607	0.1074	0	0.2017
W02	3537.4278	3459.6431	12	0.7015	1	5.607	0.1074	0	0.2017
W02	3538.4278	3460.6425	12	0.7585	1	5.1369	0.1213	0	0.2986
W02	3539.4278	3461.6419	12	0.7585	1	5.1369	0.1213	0	0.2986
W02	3540.4278	3462.6414	12	0.7585	1	5.1369	0.1213	0	0.2986
W02	3541.4278	3463.6408	12	0.7585	1	5.1369	0.1213	0	0.2986
W02	3542.4278	3464.6402	12	0.7585	1	5.1369	0.1213	0	0.2986
W02	3543.4278	3465.6396	12	0.7536	1	5.1756	0.1335	0	0.4066
W02	3544.4278	3466.639	12	0.7536	1	5.1756		0	0.4066
W02	3545.4278	3467.6385	12	0.7536	1	5.1756	0.1335	0	
W02	3546.4278	3468.6379	12		1	5.1756	0.1335	0	0.4066
W02	3547.4278	3469.6373	12	0.7536	1	5.1756	0.1335	0	0.4066
W02	3548.4278	3470.6367	12	0.7899	1	4.8946	0.1344	0	0.4154
W02	3549.4278	3471.6361	12	0.7899	1	4.8946	0.1344	0	0.4154
W02	3550.4278	3472.6355	12	0.7899	1	4.8946	0.1344	0	0.4154
W02	3551.4278	3473.6349	12	0.7899	1	4.8946	0.1344	0	0.4154
W02	3552.4278	3474.6344	12	0.7899	1	4.8946	0.1344	0	0.4154
W02	3553.4278	3475.6338	12		1	5.0607		0	0.3535
W02	3554.4278	3476.6332	12	0.7682	1	5.0607	0.1278	0	0.3535
W02	3555.4278	3477.6326	12	0.7682		5.0607		0	0.3535
W02	3556.4278	3478.632	12	0.7682	1	5.0607	0.1278	0	0.3535
W02	3557.4278	3479.6314	12	0.7682	1	5.0607	0.1278	0	0.3535
W02	3558.4278	3480.6308	12	0.7711	1	5.038	0.123	0	0.3119
W02	3559.4278	3481.6303	12	0.7711	1	5.038		0	0.3119
W02	3560.4278	3482.6297	12	0.7711	1	5.038	0.123	0	0.3119
W02	3561.4278	3483.6291	12	0.7711	1	5.038	0.123	0	0.3119
W02	3562.4278	3484.6285	12	0.8164	1	4.6996	0.1179	0	0.272
W02	3563.4278	3485.6279	12	0.8164	1	4.6996		0	0.272
W02	3564.4278	3486.6273	12	0.8164	1	4.6996	0.1179	0	0.272
W02	3565.4278	3487.6267			1	4.6996	0.1179	0	0.272
W02	3566.4278	3488.6261	12	0.8164	1	4.6996	0.1179	0	0.272
W02	3567.4278	3489.6255	12	0.8145	1	4.7129	0.1199	0	0.2875
W02	3568.4278	3490.625	12	0.8145	1	4.7129	0.1199	0	0.2875
W02	3569.4278	3491.6244	12	0.8145	1	4.7129	0.1199	0	0.2875
W02	3570.4278	3492.6238	12	0.8145	1	4.7129	0.1199	0	0.2875
W02	3571.4278	3493.6232	12	0.8145	1	4.7129		0	0.2875
W02	3572.4278	3494.6226	12	0.7698		5.0482	0.0674	0	0.0448
W02	3573.4278	3495.622	12	0.7698	1	5.0482	0.0674	0	0.0448
W02	3574.4278	3496.6214	12	0.7698	1	5.0482		0	0.0448
W02	3575.4278	3497.6208	12	0.7698	1	5.0482	0.0674	0	0.0448
W02	3576.4278	3498.6202	12	0.7698	1	5.0482	0.0674	0	0.0448
W02	3577.4278	3499.6196	12	0.7838	1	4.9408	0.1187	0	0.2782
W02	3578.4278	3500.619	12	0.7838	1	4.9408	0.1187	0	0.2782
W02	3579.4278	3501.6184	12	0.7838		4.9408	0.1187	0	0.2782
W02	3580.4278	3502.6178	12	0.7838	1		0.1187	0	0.2782
W02	3581.4278	3503.6172	12	0.7838	1	4.9408	0.1187	0	0.2782
W02	3582.4278	3504.6166	12	0.8523	1	4.447	0.1343	0	0.4149
W02	3583.4278	3505.6161	12	0.8523	1	4.447	0.1343	0	
W02	3584.4278	3506.6155		0.8523	1	4.447	0.1343	0	
W02	3585.4278	3507.6149	12	0.8523	1	4.447	0.1343	0	0.4149
W02	3586.4278	3508.6143	12	0.8523	1	4.447	0.1343	0	0.4149
W02	3587.4278	3509.6137	12	0.809	1	4.7532	0.1292	0	0.3661
W02	3588.4278	3510.6131	12	0.809	1	4.7532	0.1292	0	0.3661
W02	3589.4278	3511.6125	12	0.809	1	4.7532	0.1292	0	0.3661
W02	3590.4278	3512.6119	12	0.809	1	4.7532	0.1292	0	0.3661
W02	3591.4278	3513.6113	12	0.809	1	4.7532	0.1292	0	0.3661
W02	3592.4278	3514.6107	12	0.8188	1	4.6821	0.1287	0	0.3612
W02	3593.4278	3515.6101	12	0.8188	1	4.6821	0.1287	0	0.3612
W02	3594.4278	3516.6095	12	0.8188	1	4.6821	0.1287	0	0.3612
W02	3595.4278	3517.6089	12	0.8188	1		0.1287	0	0.3612
W02	3596.4278	3518.6083	12	0.8188	1	4.6821	0.1287	0	0.3612
W02	3597.4278	3519.6077	12	0.7639	1	5.0942	0.1249	0	0.3283
W02	3598.4278	3520.6071		0.7639	1	5.0942	0.1249	0	0.3283
W02	3599.4278	3521.6065	12	0.7639	1	5.0942	0.1249	0	0.3283
W02	3600.4278	3522.6059	12	0.7639	1	5.0942	0.1249	0	0.3283
W02	3601.4278	3523.6053	12	0.7639	1	5.0942	0.1249	0	0.3283
W02	3602.4278	3524.6047	12	0.7698	1	5.0487	0.1193	0	0.283
W02	3603.4278	3525.6041	12	0.7698	1	5.0487	0.1193	0	0.283
W02	3604.4278	3526.6035	12	0.7698	1	5.0487	0.1193	0	0.283
W02	3605.4278	3527.6029	12	0.7698	1	5.0487	0.1193	0	0.283
W02	3606.4278	3528.6023	12	0.7698	1	5.0487	0.1193	0	0.283
W02	3607.4278	3529.6017	12	0.8445	1	4.5006	0.112	0	0.2306
W02	3608.4278	3530.601	12		1	4.5006	0.112	0	0.2306
W02	3609.4278	3531.6004	12	0.8445	1	4.5006	0.112	0	0.2306
W02	3610.4278	3532.5998	12	0.8445	1	4.5006	0.112	0	0.2306
W02	3611.4278	3533.5992	12	0.8445	1	4.5006	0.112	0	0.2306
W02	3612.4278	3534.5986	12	0.7644		5.0902	0.1256	0	0.3338
W02	3613.4278	3535.598	12	0.7644	1	5.0902	0.1256	0	0.3338
W02	3614.4278	3536.5974	12	0.7644	1	5.0902	0.1256	0	0.3338
W02	3615.4278	3537.5968	12	0.7644	1	5.0902	0.1256	0	0.3338
W02	3616.4278	3538.5962	12		1	5.0902		0	0.3338
W02	3617.4278	3539.5956	12		1	5.1088	0.1198	0	0.2866
W02	3618.4278	3540.595	12	0.7621	1	5.1088	0.1198	0	0.2866
W02	3619.4278	3541.5944	12	0.7621	1	5.1088	0.1198	0	0.2866
W02	3620.4278	3542.5938	13	0.5428	1	7.1571	0.0932	0	0.1274
W02	3621.4278	3543.5932	13	0.5428	1	7.1571	0.0932	0	0.1274
W02	3622.4278	3544.5926	13	0.5428	1	7.1571	0.0932	0	0.1274
W02	3623.4278	3545.5919	13	0.5428	1	7.1571	0.0932	0	0.1274
W02	3624.4278	3546.5913	13	0.5428	1	7.1571	0.0932	0	0.1274
W02	3625.4278	3547.5907	13	0.4778	1	7.9096	0.0933	0	0.1279
W02	3626.4278	3548.5901	13	0.4778	1	7.9096	0.0933	0	0.1279
W02	3627.4278	3549.5895	13	0.4778	1	7.9096	0.0933	0	0.1279
W02	3628.4278	3550.5889	13	0.4778	1		0.0933	0	
W02	3629.4278	3551.5883	13	0.4778	1	7.9096	0.0933	0	0.1279
W02	3630.4278	3552.5877	13	0.64	1	6.1637	0.1202	0	0.2896
W02	3631.4278	3553.5871	13	0.64	1	6.1637	0.1202	0	0.2896
W02	3632.4278	3554.5865	13	0.64	1	6.1637	0.1202	0	0.2896
W02	3633.4278	3555.5858	13	0.64		6.1637	0.1202	0	0.2896
W02	3634.4278	3556.5852	13	0.64	1	6.1637	0.1202	0	0.2896
W02	3635.4278	3557.5846	13	0.6294	1	6.2651	0.1285	0	0.3597
W02	3636.4278	3558.584	13	0.6294	1	6.2651	0.1285	0	0.3597
W02	3637.4278	3559.5834		0.6294	1	6.2651	0.1285	0	0.3597
W02	3638.4278	3560.5828	13	0.6294	1	6.2651	0.1285	0	0.3597
W02	3639.4278	3561.5822	13	0.6294	1	6.2651	0.1285	0	0.3597
W02	3640.4278	3562.5815	13	0.5171	1	7.445	0.1363	0	0.4349
W02	3641.4278	3563.5809	13	0.5171	1	7.445	0.1363	0	0.4349
W02	3642.4278	3564.5803	13	0.5171	1	7.445	0.1363	0	0.4349
W02	3643.4278	3565.5797	13	0.5171	1	7.445	0.1363	0	0.4349
W02	3644.4278	3566.5791	13	0.5171	1	7.445	0.1363	0	0.4349
W02	3645.4278	3567.5785	13	0.5102	1	7.5247	0.122	0	0.3039
W02	3646.4278	3568.5778	13	0.5102		7.5247	0.122	0	0.3039
W02	3647.4278	3569.5772	13	0.5102	1	7.5247	0.122	0	0.3039
W02	3648.4278	3570.5766	13	0.5102	1	7.5247	0.122	0	0.3039
W02	3649.4278	3571.576	13	0.5102	1	7.5247	0.122	0	0.3039
W02	3650.4278	3572.5754	13	0.4422	1	8.354	0.1617	1	4.078
W02	3651.4278	3573.5748	13	0.4422	1	8.354	0.1617	1	4.078
W02	3652.4278	3574.5741		0.4422	1	8.354	0.1617	1	
W02	3653.4278	3575.5735	13	0.4422		8.354	0.1617	1	4.078
W02	3654.4278	3576.5729	13	0.4422	1	8.354	0.1617	1	4.078
W02	3655.4278	3577.5723	13	0.4577	1	8.1574	0.1325	0	0.3972
W02	3656.4278	3578.5717	13	0.4577	1	8.1574	0.1325	0	0.3972
W02	3657.4278	3579.571	13	0.4577	1	8.1574	0.1325	0	0.3972
W02	3658.4278	3580.5704	13	0.4577	1	8.1574	0.1325	0	0.3972
W02	3659.4278	3581.5698	13	0.4577	1	8.1574	0.1325	0	0.3972
W02	3660.4278	3582.5692	13	0.5522	1	7.0546	0.1423	0	0.4998
W02	3661.4278	3583.5686	13	0.5522		7.0546	0.1423	0	0.4998
W02	3662.4278	3584.5679	13	0.5522	1	7.0546	0.1423	0	0.4998
W02	3663.4278	3585.5673			1	7.0546	0.1423	0	0.4998
W02	3664.4278	3586.5667	13	0.5522	1	7.0546	0.1423	0	0.4998
W02	3665.4278	3587.5661	13	0.6526	1	6.0452	0.1196	0	0.2854
W02	3666.4278	3588.5654	13	0.6526	1	6.0452	0.1196	0	0.2854
W02	3667.4278	3589.5648	13	0.6526	1	6.0452	0.1196	0	0.2854
W02	3668.4278	3590.5642	13	0.6526	1	6.0452	0.1196	0	0.2854
W02	3669.4278	3591.5636		0.6526			0.1196	0	0.2854
W02	3670.4278	3592.5629	13	0.7344	1	5.3309	0.1244	0	0.3239
W02	3671.4278	3593.5623	13	0.7344	1	5.3309		0	0.3239
W02	3672.4278	3594.5617	13	0.7344	1	5.3309		0	0.3239
W02	3673.4278	3595.5611	13	0.7344	1	5.3309	0.1244	0	0.3239
W02	3674.4278	3596.5604	13		1	5.3309	0.1244	0	0.3239
W02	3675.4278	3597.5598		0.7759	1	5.0015	0.1186	0	0.2778
W02	3676.4278	3598.5592	13	0.7759	1	5.0015	0.1186	0	0.2778
W02	3677.4278	3599.5586	13		1		0.1186	0	0.2778
W02	3678.4278	3600.5579	13	0.7759	1	5.0015	0.1186	0	0.2778
W02	3679.4278	3601.5573	13		1	5.0015	0.1186	0	
W02	3680.4278	3602.5567	13	0.8028	1	4.799	0.1244	0	0.3239
W02	3681.4278	3603.556	13	0.8028	1	4.799	0.1244	0	0.3239
W02	3682.4278	3604.5554	13	0.8028	1	4.799	0.1244	0	0.3239
W02	3683.4278	3605.5548	13	0.8028	1	4.799	0.1244	0	0.3239
W02	3684.4278	3606.5542	13	0.8028	1	4.799	0.1244	0	0.3239
W02	3685.4278	3607.5535	13		1	4.7116	0.1248	0	0.3273
W02	3686.4278	3608.5529	13		1	4.7116	0.1248	0	0.3273
W02	3687.4278	3609.5523	13	0.8147	1	4.7116	0.1248	0	0.3273
W02	3688.4278	3610.5516	13	0.8147	1	4.7116	0.1248	0	0.3273
W02	3689.4278	3611.551	13	0.8147	1	4.7116	0.1248	0	0.3273
W02	3690.4278	3612.5504	13	0.8153	1		0.1268	0	0.3441
W02	3691.4278	3613.5497	13	0.8153		4.7076	0.1268	0	0.3441
W02	3692.4278	3614.5491		0.8153	1	4.7076	0.1268	0	0.3441
W02	3693.4278	3615.5485	13	0.8153	1	4.7076	0.1268	0	0.3441
W02	3694.4278	3616.5478		0.8091	1	4.7521	0.1371	0	0.4434
W02	3695.4278	3617.5472	13		1	4.7521	0.1371	0	0.4434
W02	3696.4278	3618.5466	13	0.8091	1	4.7521	0.1371	0	0.4434
W02	3697.4278	3619.5459	13	0.8091	1	4.7521	0.1371	0	0.4434
W02	3698.4278	3620.5453	13	0.8091	1	4.7521	0.1371	0	0.4434
W02	3699.4278	3621.5447	13	0.8626	1	4.3773	0.1397	0	0.4707
W02	3700.4278	3622.544	13	0.8626	1	4.3773	0.1397	0	0.4707
W02	3701.4278	3623.5434	13	0.8626	1	4.3773	0.1397	0	0.4707
W02	3702.4278	3624.5428	13	0.8626	1	4.3773	0.1397	0	0.4707
W02	3703.4278	3625.5421	13	0.8626	1	4.3773	0.1397	0	0.4707
W02	3704.4278	3626.5415	13	0.7146	1	5.4956	0.1066	0	0.1969
W02	3705.4278	3627.5409	13	0.7146	1	5.4956	0.1066	0	0.1969
W02	3706.4278	3628.5402	13	0.7146	1	5.4956	0.1066	0	0.1969
W02	3707.4278	3629.5396	13	0.7146	1	5.4956	0.1066	0	0.1969
W02	3708.4278	3630.5389	13	0.7146	1	5.4956	0.1066	0	0.1969
W02	3709.4278	3631.5383		0.6751	1	5.8394	0.1044	0	0.1841
W02	3710.4278	3632.5377	13	0.6751	1	5.8394	0.1044	0	0.1841
W02	3711.4278	3633.537	13	0.6751	1	5.8394	0.1044	0	0.1841
W02	3712.4278	3634.5364	13	0.6751	1	5.8394	0.1044	0	0.1841
W02	3713.4278	3635.5357	13	0.6751		5.8394	0.1044	0	0.1841
W02	3714.4278	3636.5351	13	0.6848	1	5.7532	0.1268	0	0.3442
W02	3715.4278	3637.5345	13	0.6848	1	5.7532	0.1268	0	0.3442
W02	3716.4278	3638.5338	13	0.6848	1	5.7532	0.1268	0	0.3442
W02	3717.4278	3639.5332	13	0.6848	1	5.7532	0.1268	0	0.3442
W02	3718.4278	3640.5325	13	0.6848	1	5.7532	0.1268	0	0.3442
W02	3719.4278	3641.5319	13	0.6464	1	6.1032	0.1367	0	0.4391
W02	3720.4278	3642.5313	13	0.6464	1	6.1032	0.1367	0	0.4391
W02	3721.4278	3643.5306	13	0.6464	1		0.1367	0	0.4391
W02	3722.4278	3644.53	13	0.6464	1	6.1032	0.1367	0	0.4391
W02	3723.4278	3645.5293	13	0.6464	1	6.1032	0.1367	0	0.4391
W02	3724.4278	3646.5287	13	0.5895	1	6.6607	0.129	0	0.3644
W02	3725.4278	3647.528	13	0.5895		6.6607		0	0.3644
W02	3726.4278	3648.5274	13	0.5895	1	6.6607	0.129	0	0.3644
W02	3727.4278	3649.5268	13	0.5895	1	6.6607	0.129	0	0.3644
W02	3728.4278	3650.5261	13	0.5895	1	6.6607	0.129	0	0.3644
W02	3729.4278	3651.5255	13	0.7015	1	5.6073	0.1366	0	0.4382
W02	3730.4278	3652.5248		0.7015	1	5.6073	0.1366	0	0.4382
W02	3731.4278	3653.5242		0.7015	1	5.6073	0.1366	0	0.4382
W02	3732.4278	3654.5235	13	0.7015		5.6073	0.1366	0	0.4382
W02	3733.4278	3655.5229		0.7015	1	5.6073	0.1366	0	0.4382
W02	3734.4278	3656.5222	13	0.7373	1	5.307	0.1327	0	0.3985
W02	3735.4278	3657.5216	13	0.7373	1	5.307		0	0.3985
W02	3736.4278	3658.5209	13	0.7373	1	5.307	0.1327	0	0.3985
W02	3737.4278	3659.5203	13	0.7373	1	5.307	0.1327	0	0.3985
W02	3738.4278	3660.5196	13	0.7373	1	5.307	0.1327	0	0.3985
W02	3739.4278	3661.519	13	0.7306	1	5.3622	0.1282	0	0.3567
W02	3740.4278	3662.5183	13	0.7306	1	5.3622	0.1282	0	0.3567
W02	3741.4278	3663.5177	13	0.7306	1	5.3622	0.1282	0	0.3567
W02	3742.4278	3664.517	13	0.7306	1	5.3622	0.1282	0	0.3567
W02	3743.4278	3665.5164	13		1	5.3622	0.1282	0	0.3567
W02	3744.4278	3666.5157	13	0.7536	1	5.1757	0.1184	0	0.2759
W02	3745.4278	3667.5151	13	0.7536	1	5.1757	0.1184	0	0.2759
W02	3746.4278	3668.5144	13	0.7536	1	5.1757	0.1184	0	0.2759
W02	3747.4278	3669.5138	13	0.7536	1	5.1757	0.1184	0	0.2759
W02	3748.4278	3670.5131	13	0.7536		5.1757	0.1184	0	0.2759
W02	3749.4278	3671.5125	13	0.717	1	5.475	0.1214	0	0.2994
W02	3750.4278	3672.5118	13	0.717	1	5.475	0.1214	0	0.2994
W02	3751.4278	3673.5112	13	0.717	1	5.475	0.1214	0	0.2994
W02	3752.4278	3674.5105		0.717	1	5.475	0.1214	0	0.2994
W02	3753.4278	3675.5099	13	0.717	1	5.475	0.1214	0	0.2994
W02	3754.4278	3676.5092	13	0.7721	1	5.0308	0.1264	0	0.3409
W02	3755.4278	3677.5086	13	0.7721	1	5.0308	0.1264	0	
W02	3756.4278	3678.5079	13	0.7721	1	5.0308		0	0.3409
W02	3757.4278	3679.5073	13		1	5.0308	0.1264	0	0.3409
W02	3758.4278	3680.5066	13	0.7721	1	5.0308	0.1264	0	
W02	3759.4278	3681.5059	13	0.7506	1	5.1998	0.1346	0	0.4181
W02	3760.4278	3682.5053	13	0.7506	1		0.1346	0	0.4181
W02	3761.4278	3683.5046	13	0.7506	1	5.1998	0.1346	0	0.4181
W02	3762.4278	3684.504	13	0.7506	1	5.1998	0.1346	0	0.4181
W02	3763.4278	3685.5033	13	0.7506	1		0.1346	0	0.4181
W02	3764.4278	3686.5027		0.59	1		0.1087	0	0.2093
W02	3765.4278	3687.502	13	0.59	1		0.1087	0	0.2093
W02	3766.4278	3688.5013		0.59	1	6.6561		0	0.2093
W02	3767.4278	3689.5007	13	0.59	1	6.6561	0.1087	0	
W02	3768.4278	3690.5	13	0.59	1	6.6561	0.1087	0	0.2093
W02	3769.4278	3691.4994	13	0.5975	1	6.5797	0.0796	0	0.0767
W02	3770.4278	3692.4987	13	0.5975	1	6.5797	0.0796	0	0.0767
W02	3771.4278	3693.498	13	0.5975	1	6.5797	0.0796	0	0.0767
W02	3772.4278	3694.4974	13	0.5975	1	6.5797	0.0796	0	0.0767
W02	3773.4278	3695.4967	13	0.5975	1	6.5797	0.0796	0	0.0767
W02	3774.4278	3696.4961	13	0.5713	1	6.8501	0.1207	0	0.2934
W02	3775.4278	3697.4954	13	0.5713	1	6.8501	0.1207	0	0.2934
W02	3776.4278	3698.4947	13	0.5713	1	6.8501	0.1207	0	0.2934
W02	3777.4278	3699.4941	13	0.5713	1	6.8501	0.1207	0	0.2934
W02	3778.4278	3700.4934	13	0.5713	1	6.8501	0.1207	0	0.2934
W02	3779.4278	3701.4928	13	0.6009	1	6.5455	0.1064	0	0.1957
W02	3780.4278	3702.4921	13	0.6009	1	6.5455	0.1064	0	0.1957
W02	3781.4278	3703.4914	13	0.6009	1	6.5455	0.1064	0	0.1957
W02	3782.4278	3704.4908	13	0.6009	1	6.5455	0.1064	0	0.1957
W02	3783.4278	3705.4901	13	0.6009	1	6.5455		0	0.1957
W02	3784.4278	3706.4894	13	0.6419	1	6.1458	0.1013	0	
W02	3785.4278	3707.4888	13	0.6419	1	6.1458	0.1013	0	0.1666
W02	3786.4278	3708.4881	13	0.6419	1	6.1458	0.1013	0	0.1666
W02	3787.4278	3709.4874	13	0.6419	1	6.1458	0.1013	0	0.1666
W02	3788.4278	3710.4868	13		1	6.1458	0.1013	0	0.1666
W02	3789.4278	3711.4861	13	0.6395	1	6.1679	0.1103	0	0.2198
W02	3790.4278	3712.4854	13	0.6395	1	6.1679	0.1103	0	0.2198
W02	3791.4278	3713.4848		0.6395	1	6.1679	0.1103	0	0.2198
W02	3792.4278	3714.4841	13	0.6395	1	6.1679	0.1103	0	0.2198
W02	3793.4278	3715.4834	13	0.6395	1	6.1679	0.1103	0	0.2198
W02	3794.4278	3716.4828	13	0.6405		6.1589	0.1246	0	0.3257
W02	3795.4278	3717.4821	13		1	6.1589	0.1246	0	0.3257
W02	3796.4278	3718.4814	13	0.6405	1	6.1589	0.1246	0	0.3257
W02	3797.4278	3719.4808	13	0.6405	1	6.1589	0.1246	0	0.3257
W02	3798.4278	3720.4801	13	0.6405	1	6.1589	0.1246	0	0.3257
W02	3799.4278	3721.4794	13	0.3377	1	9.8093	0.1434	0	0.512
W02	3800.4278	3722.4788	13	0.3377	1	9.8093	0.1434	0	0.512
W02	3801.4278	3723.4781	13	0.3377	1	9.8093	0.1434	0	0.512
W02	3802.4278	3724.4774	13	0.3377	1	9.8093	0.1434	0	0.512
W02	3803.4278	3725.4767	13	0.3377	1	9.8093	0.1434	0	0.512
W02	3804.4278	3726.4761	13	0.001	1	89.1335	0.145	0	0.5312
W02	3805.4278	3727.4754	13	0.001	1	89.1335	0.145	0	0.5312
W02	3806.4278	3728.4747	13	0.001		89.1335	0.145	0	0.5312
W02	3807.4278	3729.4741	13	0.001	1	89.1335	0.145	0	0.5312
W02	3808.4278	3730.4734	13	0.2448	1	11.3163	0.145	0	0.5312
W02	3809.4278	3731.4727	13	0.2448	1	11.3163	0.145	0	0.5312
W02	3810.4278	3732.472	13	0.2448	1	11.3163	0.145	0	0.5312
W02	3811.4278	3733.4714	13	0.2448	1	11.3163	0.145	0	0.5312
W02	3812.4278	3734.4707	13	0.2448	1	11.3163	0.145	0	
W02	3813.4278	3735.47	13	0.3694	1	9.343	0.1441	0	0.52
W02	3814.4278	3736.4693	13	0.3694	1	9.343	0.1441	0	0.52
W02	3815.4278	3737.4687	13	0.3694	1	9.343	0.1441	0	0.52
W02	3816.4278	3738.468	13	0.3694	1	9.343	0.1441	0	0.52
W02	3817.4278	3739.4673	13	0.3694	1	9.343		0	0.52
W02	3818.4278	3740.4666	13	0.3875	1	9.0867	0.1359	0	0.4304
W02	3819.4278	3741.466	13	0.3875	1		0.1359	0	0.4304
W02	3820.4278	3742.4653	13	0.3875	1	9.0867	0.1359	0	0.4304
W02	3821.4278	3743.4646	13	0.3875	1	9.0867	0.1359	0	
W02	3822.4278	3744.4639	13	0.3875	1	9.0867	0.1359	0	0.4304
W02	3823.4278	3745.4633	13		1	7.0671	0.1359	0	0.4304
W02	3824.4278	3746.4626	13	0.551	1	7.0671	0.1359	0	0.4304
W02	3825.4278	3747.4619		0.551	1	7.0671	0.1359	0	0.4304
W02	3826.4278	3748.4612	13	0.551	1	7.0671	0.1359	0	
W02	3827.4278	3749.4605	13	0.551	1	7.0671	0.1359	0	0.4304
W02	3828.4278	3750.4599		0.551	1	7.0671	0.1359	0	
W02	3829.4278	3751.4592	13	0.551	1	7.0671	0.1359	0	0.4304
W02	3830.4278	3752.4585	13	0.551	1	7.0671	0.1359	0	
W02	3831.4278	3753.4578	13	0.551	1	7.0671	0.1359	0	0.4304
W02	3832.4278	3754.4571	13	0.551	1	7.0671	0.1359	0	0.4304
W02	3833.4278	3755.4565	13	0.5874	1	6.683	0.1488	0	0.5778
W02	3834.4278	3756.4558	13	0.5874	1	6.683	0.1488	0	0.5778
W02	3835.4278	3757.4551	13	0.5874	1	6.683	0.1488	0	0.5778
W02	3836.4278	3758.4544	13	0.5874	1	6.683	0.1488	0	0.5778
W02	3837.4278	3759.4537	13	0.5874	1	6.683	0.1488	0	0.5778
W02	3838.4278	3760.453	13	0.5846	1	6.7116	0.1644	1	4.3352
W02	3839.4278	3761.4524	13		1	6.7116	0.1644	1	4.3352
W02	3840.4278	3762.4517	13	0.5846		6.7116	0.1644	1	4.3352
W02	3841.4278	3763.451	13	0.5846		6.7116	0.1644	1	4.3352
W02	3842.4278	3764.4503	13	0.5846	1	6.7116	0.1644	1	4.3352
W02	3843.4278	3765.4496	13	0.5814	1	6.745	0.154	0	0.6447
W02	3844.4278	3766.4489	13	0.5814	1	6.745	0.154	0	0.6447
W02	3845.4278	3767.4482	13		1	6.745	0.154	0	
W02	3846.4278	3768.4476	13	0.5814	1	6.745	0.154	0	0.6447
W02	3847.4278	3769.4469	13	0.5814		6.745	0.154	0	0.6447
W02	3848.4278	3770.4462	13	0.5618	1	6.9507	0.1596	0	0.7242
W02	3849.4278	3771.4455	13	0.5618	1	6.9507	0.1596	0	0.7242
W02	3850.4278	3772.4448	13	0.5618	1	6.9507	0.1596	0	0.7242
W02	3851.4278	3773.4441	13	0.5618	1	6.9507	0.1596	0	0.7242
W02	3852.4278	3774.4434	13	0.5618	1	6.9507	0.1596	0	0.7242
W02	3853.4278	3775.4427	13	0.4965	1	7.6845	0.1631	1	4.2071
W02	3854.4278	3776.4421	13	0.4965	1	7.6845	0.1631	1	4.2071
W02	3855.4278	3777.4414	13	0.4965	1	7.6845	0.1631	1	4.2071
W02	3856.4278	3778.4407	13		1	7.6845	0.1631	1	4.2071
W02	3857.4278	3779.44	13	0.4965	1	7.6845	0.1631	1	4.2071
W02	3858.4278	3780.4393	13	0.4899	1	7.7636	0.1601	1	3.9311
W02	3859.4278	3781.4386	13	0.4899		7.7636	0.1601	1	3.9311
W02	3860.4278	3782.4379	13	0.4899	1	7.7636	0.1601	1	3.9311
W02	3861.4278	3783.4372	13	0.4899	1	7.7636	0.1601	1	3.9311
W02	3862.4278	3784.4365	13	0.4899	1	7.7636	0.1601	1	3.9311
W02	3863.4278	3785.4358	13	0.4652	1	8.0637	0.148	0	0.5675
W02	3864.4278	3786.4351	13	0.4652	1	8.0637	0.148	0	0.5675
W02	3865.4278	3787.4344	13	0.4652	1	8.0637	0.148	0	0.5675
W02	3866.4278	3788.4338	13	0.4652	1	8.0637	0.148	0	0.5675
W02	3867.4278	3789.4331	13	0.4652	1	8.0637	0.148	0	0.5675
W02	3868.4278	3790.4324	13	0.5387	1	7.2026	0.1616	1	4.0648
W02	3869.4278	3791.4317	13	0.5387	1	7.2026	0.1616	1	4.0648
W02	3870.4278	3792.431	13	0.5387	1	7.2026	0.1616	1	4.0648
W02	3871.4278	3793.4303		0.5387	1	7.2026	0.1616	1	4.0648
W02	3872.4278	3794.4296	13	0.5387	1	7.2026	0.1616	1	4.0648
W02	3873.4278	3795.4289	13	0.4479	1	8.2806	0.164	1	4.2969
W02	3874.4278	3796.4282	13	0.4479	1	8.2806	0.164	1	4.2969
W02	3875.4278	3797.4275	13	0.4479	1	8.2806	0.164	1	4.2969
W02	3876.4278	3798.4268	13	0.4479	1	8.2806	0.164	1	4.2969
W02	3877.4278	3799.4261	13	0.4479	1	8.2806	0.164	1	4.2969
W02	3878.4278	3800.4254	13		1		0.1463	0	0.5466
W02	3879.4278	3801.4247	13	0.5118	1	7.506	0.1463	0	0.5466
W02	3880.4278	3802.424	13	0.5118	1	7.506	0.1463	0	0.5466
W02	3881.4278	3803.4233	13	0.5118	1	7.506	0.1463	0	0.5466
W02	3882.4278	3804.4226	13		1	7.506	0.1463	0	0.5466
W02	3883.4278	3805.4219	13	0.6125	1	6.4296	0.1855	1	6.7347
W02	3884.4278	3806.4212	13	0.6125	1	6.4296	0.1855	1	6.7347
W02	3885.4278	3807.4205	13	0.6125	1	6.4296	0.1855	1	6.7347
W02	3886.4278	3808.4198	13	0.6125	1	6.4296	0.1855	1	6.7347
W02	3887.4278	3809.4191	13	0.6125	1	6.4296	0.1855	1	6.7347
W02	3888.4278	3810.4184	13	0.5559	1	7.0141	0.1863	1	6.8432
W02	3889.4278	3811.4177	13	0.5559	1	7.0141	0.1863	1	6.8432
W02	3890.4278	3812.417	13	0.5559	1	7.0141	0.1863	1	6.8432
W02	3891.4278	3813.4163	13	0.5559	1	7.0141	0.1863	1	6.8432
W02	3892.4278	3814.4156	13	0.5559	1	7.0141		1	6.8432
W02	3893.4278	3815.4149	13	0.5994	1	6.5607	0.2086	1	10.3355
W02	3894.4278	3816.4142	13	0.5994	1	6.5607	0.2086	1	10.3355
W02	3895.4278	3817.4135	13	0.5994	1	6.5607	0.2086	1	10.3355
W02	3896.4278	3818.4128	13	0.5994	1	6.5607	0.2086	1	10.3355
W02	3897.4278	3819.4121		0.5994	1	6.5607	0.2086	1	10.3355
W02	3898.4278	3820.4114	13	0.6003	1	6.5515	0.2012	1	9.0607
W02	3899.4278	3821.4107	13	0.6003	1	6.5515	0.2012	1	9.0607
W02	3900.4278	3822.4099	13	0.6003		6.5515	0.2012	1	9.0607
W02	3901.4278	3823.4092	13	0.6003	1	6.5515		1	9.0607
W02	3902.4278	3824.4085	13	0.6003	1	6.5515	0.2012	1	9.0607
W02	3903.4278	3825.4078	13	0.6135	1	6.4197	0.1997	0	1.4931
W02	3904.4278	3826.4071	13	0.6135	1	6.4197	0.1997	0	1.4931
W02	3905.4278	3827.4063	13	0.6135	1		0.1997	0	1.4931
W02	3906.4278	3828.4056	13	0.6135	1	6.4197	0.1997	0	1.4931
W02	3907.4278	3829.4049	13		1	6.4197	0.1997	0	1.4931
W02	3908.4278	3830.4042	13	0.6213	1	6.3433		1	12.0944
W02	3909.4278	3831.4034	13	0.6213	1	6.3433	0.2178	1	12.0944
W02	3910.4278	3832.4027	13	0.6213	1		0.2178	1	12.0944
W02	3911.4278	3833.402	13	0.6213	1	6.3433	0.2178	1	
W02	3912.4278	3834.4012	13	0.6213	1	6.3433	0.2178	1	12.0944
W02	3913.4278	3835.4005	13	0.6523	1	6.0485	0.1911	1	7.5029
W02	3914.4278	3836.3997	13	0.6523	1	6.0485	0.1911	1	7.5029
W02	3915.4278	3837.399	13	0.6523	1	6.0485	0.1911	1	7.5029
W02	3916.4278	3838.3983	13	0.6523	1	6.0485	0.1911	1	7.5029
W02	3917.4278	3839.3975	13	0.6523		6.0485	0.1911	1	7.5029
W02	3918.4278	3840.3968	14	0.5884	1	6.6724	0.1496	0	0.5877
W02	3919.4278	3841.396		0.5884	1		0.1496	0	0.5877
W02	3920.4278	3842.3953	14	0.5884	1	6.6724	0.1496	0	0.5877
W02	3921.4278	3843.3945	14	0.5884	1	6.6724	0.1496	0	0.5877
W02	3922.4278	3844.3938	14	0.5884		6.6724	0.1496	0	0.5877
W02	3923.4278	3845.393	14	0.6029	1	6.5256	0.1965	1	8.3088
W02	3924.4278	3846.3922	14	0.6029	1	6.5256	0.1965	1	8.3088
W02	3925.4278	3847.3915	14	0.6029		6.5256	0.1965	1	8.3088
W02	3926.4278	3848.3907	14	0.6029	1	6.5256	0.1965	1	8.3088
W02	3927.4278	3849.3899	14	0.6029	1	6.5256	0.1965	1	8.3088
W02	3928.4278	3850.3892	14	0.522	1	7.3899	0.171	1	5.0049
W02	3929.4278	3851.3884	14	0.522	1		0.171	1	5.0049
W02	3930.4278	3852.3876	14	0.522	1	7.3899	0.171	1	5.0049
W02	3931.4278	3853.3869	14	0.522	1	7.3899	0.171	1	
W02	3932.4278	3854.3861	14	0.522	1	7.3899	0.171	1	5.0049
W02	3933.4278	3855.3853	14	0.6153		6.4023	0.1919	1	7.6163
W02	3934.4278	3856.3845	14	0.6153	1	6.4023	0.1919	1	7.6163
W02	3935.4278	3857.3837	14	0.6153		6.4023	0.1919	1	7.6163
W02	3936.4278	3858.383	14	0.6153	1	6.4023	0.1919	1	7.6163
W02	3937.4278	3859.3822	14	0.6153	1	6.4023	0.1919	1	7.6163
W02	3938.4278	3860.3814	14	0.6636	1	5.9437	0.1822	1	6.3056
W02	3939.4278	3861.3806	14	0.6636	1	5.9437	0.1822	1	6.3056
W02	3940.4278	3862.3798	14	0.6636	1	5.9437	0.1822	1	6.3056
W02	3941.4278	3863.379	14	0.6636	1	5.9437	0.1822	1	6.3056
W02	3942.4278	3864.3782	14	0.6636	1	5.9437	0.1822	1	6.3056
W02	3943.4278	3865.3774	14	0.5895	1	6.6607	0.1874	1	6.9842
W02	3944.4278	3866.3766		0.5895	1	6.6607	0.1874	1	6.9842
W02	3945.4278	3867.3758	14	0.5895	1	6.6607	0.1874	1	6.9842
W02	3946.4278	3868.375	14	0.5895	1	6.6607	0.1874	1	6.9842
W02	3947.4278	3869.3742	14	0.5895	1		0.1874	1	6.9842
W02	3948.4278	3870.3734	14	0.6228		6.3285	0.1727	0	0.9332
W02	3949.4278	3871.3726	14	0.6228	1	6.3285	0.1727	0	0.9332
W02	3950.4278	3872.3718	14	0.6228	1	6.3285	0.1727	0	0.9332
W02	3951.4278	3873.371	14	0.6228	1	6.3285	0.1727	0	0.9332
W02	3952.4278	3874.3701	14	0.6228	1	6.3285	0.1727	0	0.9332
W02	3953.4278	3875.3693	14	0.5848	1	6.7099	0.1521	0	0.62
W02	3954.4278	3876.3685	14	0.5848	1	6.7099	0.1521	0	0.62
W02	3955.4278	3877.3677	14	0.5848	1	6.7099	0.1521	0	0.62
W02	3956.4278	3878.3669	14	0.5848	1	6.7099	0.1521	0	0.62
W02	3957.4278	3879.366		0.5848	1	6.7099	0.1521	0	0.62
W02	3958.4278	3880.3652		0.589	1	6.6661		0	0.6143
W02	3959.4278	3881.3644	14	0.589	1		0.1517	0	0.6143
W02	3960.4278	3882.3635	14	0.589	1	6.6661	0.1517	0	0.6143
W02	3961.4278	3883.3627	14	0.589	1	6.6661	0.1517	0	0.6143
W02	3962.4278	3884.3619	14	0.589	1	6.6661	0.1517	0	0.6143
W02	3963.4278	3885.361	14	0.6248	1	6.3092	0.1716	1	5.0685
W02	3964.4278	3886.3602	14	0.6248	1	6.3092	0.1716	1	5.0685
W02	3965.4278	3887.3593	14	0.6248	1	6.3092	0.1716	1	5.0685
W02	3966.4278	3888.3585	14	0.6248	1	6.3092	0.1716	1	5.0685
W02	3967.4278	3889.3577	14	0.6248	1	6.3092	0.1716	1	5.0685
W02	3968.4278	3890.3568	14	0.6212	1	6.3441	0.1467	0	0.5512
W02	3969.4278	3891.356	14	0.6212	1	6.3441	0.1467	0	0.5512
W02	3970.4278	3892.3551		0.6212		6.3441	0.1467	0	0.5512
W02	3971.4278	3893.3542	14	0.6212	1	6.3441	0.1467	0	0.5512
W02	3972.4278	3894.3534	14	0.6212	1	6.3441	0.1467	0	
W02	3973.4278	3895.3525	14	0.6547	1	6.0259	0.1392	0	0.4651
W02	3974.4278	3896.3517	14	0.6547	1	6.0259	0.1392	0	0.4651
W02	3975.4278	3897.3508	14	0.6547	1	6.0259	0.1392	0	0.4651
W02	3976.4278	3898.3499	14	0.6547	1	6.0259	0.1392	0	0.4651
W02	3977.4278	3899.3491	14	0.6075		6.4792	0.1645	0	0.798
W02	3978.4278	3900.3482	14	0.6075	1	6.4792	0.1645	0	0.798
W02	3979.4278	3901.3473	14	0.6075	1	6.4792	0.1645	0	
W02	3980.4278	3902.3465	14	0.6075	1	6.4792	0.1645	0	0.798
W02	3981.4278	3903.3456	14	0.6075		6.4792	0.1645	0	0.798
W02	3982.4278	3904.3447		0.5786	1	6.7735	0.1398	0	0.4723
W02	3983.4278	3905.3438	14	0.5786	1	6.7735	0.1398	0	0.4723
W02	3984.4278	3906.3429	14	0.5786	1	6.7735	0.1398	0	0.4723
W02	3985.4278	3907.342	14	0.5786	1	6.7735	0.1398	0	0.4723
W02	3986.4278	3908.3412	14	0.5786	1	6.7735	0.1398	0	0.4723
W02	3987.4278	3909.3403	14	0.5329		7.2665	0.1443	0	0.5232
W02	3988.4278	3910.3394	14	0.5329	1	7.2665	0.1443	0	0.5232
W02	3989.4278	3911.3385	14	0.5329	1	7.2665	0.1443	0	0.5232
W02	3990.4278	3912.3376	14	0.5329	1	7.2665	0.1443	0	0.5232
W02	3991.4278	3913.3367	14	0.5329	1	7.2665	0.1443	0	0.5232
W02	3992.4278	3914.3358		0.5551	1	7.0224	0.1707	1	4.9677
W02	3993.4278	3915.3349	14	0.5551	1	7.0224	0.1707	1	4.9677
W02	3994.4278	3916.334	14	0.5551	1	7.0224		1	4.9677
W02	3995.4278	3917.3331	14	0.5551	1	7.0224	0.1707	1	4.9677
W02	3996.4278	3918.3322	14	0.5551	1	7.0224	0.1707	1	4.9677
W02	3997.4278	3919.3312		0.5211	1	7.3994	0.2305	1	107.8917
W02	3998.4278	3920.3303	14	0.5211	1	7.3994	0.2305	1	107.8917
W02	3999.4278	3921.3294	14	0.5211	1	7.3994	0.2305	1	107.8917
W02	4000.4278	3922.3285	14	0.5211	1	7.3994	0.2305	1	107.8917
W02	4001.4278	3923.3276	14	0.5211	1	7.3994	0.2305	1	107.8917
W02	4002.4278	3924.3266	14	0.4613	1	8.1119	0.1907	1	7.439
W02	4003.4278	3925.3257	14	0.4613	1	8.1119	0.1907	1	7.439
W02	4004.4278	3926.3248	14	0.4613	1	8.1119	0.1907	1	7.439
W02	4005.4278	3927.3238	14	0.4613	1	8.1119	0.1907	1	7.439
W02	4006.4278	3928.3229	14	0.4613	1	8.1119	0.1907	1	7.439
W02	4007.4278	3929.3219	14	0.485	1	7.8219	0.1856	1	6.7482
W02	4008.4278	3930.321	14	0.485		7.8219	0.1856	1	6.7482
W02	4009.4278	3931.3201	14	0.485		7.8219	0.1856	1	6.7482
W02	4010.4278	3932.3191	14	0.485	1	7.8219	0.1856	1	6.7482
W02	4011.4278	3933.3182	14	0.485	1	7.8219	0.1856	1	6.7482
W02	4012.4278	3934.3172	14	0.338		9.8052	0.1061	0	0.1937
W02	4013.4278	3935.3162	14	0.338	1	9.8052	0.1061	0	0.1937
W02	4014.4278	3936.3153	14	0.338	1	9.8052	0.1061	0	0.1937
W02	4015.4278	3937.3143	14	0.338	1	9.8052	0.1061	0	0.1937
W02	4016.4278	3938.3134	14		1	9.8052	0.1061	0	0.1937
W02	4017.4278	3939.3124	14	0.4049	1	8.8473	0.0764	0	0.067
W02	4018.4278	3940.3114	14		1	8.8473	0.0764	0	0.067
W02	4019.4278	3941.3105	14	0.4049	1	8.8473	0.0764	0	0.067
W02	4020.4278	3942.3095	14	0.4049	1		0.0764	0	0.067
W02	4021.4278	3943.3085	14	0.4049	1	8.8473	0.0764	0	0.067
W02	4022.4278	3944.3075		0.5716	1	6.8468	0.1557	0	0.6683
W02	4023.4278	3945.3065	14	0.5716	1	6.8468	0.1557	0	0.6683
W02	4024.4278	3946.3055	14	0.5716	1	6.8468	0.1557	0	0.6683
W02	4025.4278	3947.3046		0.5716	1	6.8468	0.1557	0	0.6683
W02	4026.4278	3948.3036	14	0.5716	1	6.8468	0.1557	0	0.6683
W02	4027.4278	3949.3026	14	0.5032	1	7.6061	0.1357	1	2.1535
W02	4028.4278	3950.3016	14	0.5032	1	7.6061	0.1357	1	2.1535
W02	4029.4278	3951.3006	14	0.5032	1	7.6061	0.1357	1	2.1535
W02	4030.4278	3952.2996	14	0.5032	1	7.6061	0.1357	1	2.1535
W02	4031.4278	3953.2986	14	0.5032	1	7.6061	0.1357	1	2.1535
W02	4032.4278	3954.2976	14	0.6024	1	6.5304	0.1307	0	0.3795
W02	4033.4278	3955.2966	14	0.6024	1		0.1307	0	0.3795
W02	4034.4278	3956.2955	14	0.6024	1	6.5304	0.1307	0	0.3795
W02	4035.4278	3957.2945	14		1	6.5304	0.1307	0	0.3795
W02	4036.4278	3958.2935	14	0.6024	1	6.5304	0.1307	0	0.3795
W02	4037.4278	3959.2925	14	0.566	1	6.9062	0.1098	0	0.2163
W02	4038.4278	3960.2915	14	0.566	1	6.9062	0.1098	0	0.2163
W02	4039.4278	3961.2904	14	0.566	1	6.9062	0.1098	0	0.2163
W02	4040.4278	3962.2894	14	0.566	1	6.9062	0.1098	0	0.2163
W02	4041.4278	3963.2884	14	0.566	1	6.9062	0.1098	0	0.2163
W02	4042.4278	3964.2873	14	0.5966	1	6.5892	0.1535	0	0.6385
W02	4043.4278	3965.2863	14	0.5966	1	6.5892	0.1535	0	0.6385
W02	4044.4278	3966.2853	14	0.5966	1	6.5892	0.1535	0	0.6385
W02	4045.4278	3967.2842	14	0.5966	1	6.5892	0.1535	0	0.6385
W02	4046.4278	3968.2832	14	0.5966	1	6.5892	0.1535	0	0.6385
W02	4047.4278	3969.2821	14	0.4784	1	7.9016	0.2306	1	108.1084
W02	4048.4278	3970.2811			1	7.9016	0.2306	1	108.1084
W02	4049.4278	3971.28	14	0.4784	1	7.9016		1	108.1084
W03	1958.5745	1872.1745	0	0.6362	1	6.1995		0	
W03	1959.5745	1873.1745	0	0.6362	1	6.1995	0.1305	0	0.3783
W03	1960.5745	1874.1745			1	6.1995	0.1305	0	0.3783
W03	1961.5745	1875.1745	0	0.6362	1	6.1995	0.1305	0	0.3783
W03	1962.5745	1876.1745	0	0.6362	1	6.1995	0.1305	0	0.3783
W03	1963.5745	1877.1745	0	0.587	0.9928	6.687	0.1469	0	0.5536
W03	1964.5745	1878.1745	0	0.587	0.9928		0.1469	0	0.5536
W03	1965.5745	1879.1745	0		0.9928	6.687	0.1469	0	0.5536
W03	1966.5745	1880.1745	0	0.587	0.9928	6.687	0.1469	0	0.5536
W03	1967.5745	1881.1745	0	0.587	0.9928	6.687	0.1469	0	0.5536
W03	1968.5745	1882.1745	0	0.6741	0.9696	5.849	0.1531	0	0.6333
W03	1969.5745	1883.1745	0	0.6741	0.9696	5.849	0.1531	0	0.6333
W03	1970.5745	1884.1745	0	0.6741	0.9696	5.849		0	0.6333
W03	1971.5745	1885.1745	0	0.6741	0.9696	5.849	0.1531	0	0.6333
W03	1972.5745	1886.1745	0	0.6741	0.9696	5.849	0.1531	0	
W03	1973.5745	1887.1745	0	0.6389	0.5713	6.1741	0.1719	1	5.0959
W03	1974.5745	1888.1745		0.6389	0.5713	6.1741	0.1719	1	5.0959
W03	1975.5745	1889.1745	0	0.6389	0.5713	6.1741	0.1719	1	5.0959
W03	1976.5745	1890.1745	0	0.6389	0.5713	6.1741	0.1719	1	5.0959
W03	1977.5745	1891.1745	0	0.6389	0.5713	6.1741	0.1719	1	5.0959
W03	1978.5745	1892.1745	0	0.6371	1	6.1913	0.1433	0	0.5108
W03	1979.5745	1893.1745	0	0.6371	1	6.1913	0.1433	0	0.5108
W03	1980.5745	1894.1745	0	0.6371	1	6.1913	0.1433	0	0.5108
W03	1981.5745	1895.1745	0	0.6371	1	6.1913	0.1433	0	0.5108
W03	1982.5745	1896.1745	0	0.6371	1	6.1913	0.1433	0	0.5108
W03	1983.5745	1897.1745	0	0.6249	1	6.3082	0.1332	0	0.404
W03	1984.5745	1898.1745	0	0.6249	1	6.3082	0.1332	0	0.404
W03	1985.5745	1899.1745	0	0.6249	1	6.3082		0	0.404
W03	1986.5745	1900.1745		0.6249	1	6.3082	0.1332	0	0.404
W03	1987.5745	1901.1745	0	0.6249	1	6.3082	0.1332	0	0.404
W03	1988.5745	1902.1745	0	0.6448	0.9824	6.1178	0.1496	0	0.588
W03	1989.5745	1903.1745	0	0.6448	0.9824	6.1178	0.1496	0	0.588
W03	1990.5745	1904.1745	0	0.6448	0.9824	6.1178		0	0.588
W03	1991.5745	1905.1745	0	0.6448	0.9824	6.1178	0.1496	0	0.588
W03	1992.5745	1906.1745	0	0.6448	0.9824	6.1178	0.1496	0	0.588
W03	1993.5745	1907.1745	0		0.8882	5.8589	0.1785	0	1.0385
W03	1994.5745	1908.1745	0	0.673	0.8882	5.8589	0.1785	0	1.0385
W03	1995.5745	1909.1745	0	0.673	0.8882	5.8589	0.1785	0	1.0385
W03	1996.5745	1910.1745	0	0.673	0.8882	5.8589	0.1785	0	1.0385
W03	1997.5745	1911.1745	0	0.673	0.8882	5.8589	0.1785	0	
W03	1998.5745	1912.1745	0	0.7065	0.9451	5.5641	0.1602	0	0.7333
W03	1999.5745	1913.1745	0	0.7065	0.9451	5.5641	0.1602	0	0.7333
W03	2000.5745	1914.1745	0	0.7065	0.9451	5.5641	0.1602	0	0.7333
W03	2001.5745	1915.1745	0	0.7065	0.9451	5.5641	0.1602	0	0.7333
W03	2002.5745	1916.1745	0	0.7065	0.9451	5.5641	0.1602	0	
W03	2003.5745	1917.1745	0	0.7483	1	5.2181	0.1425	0	0.5019
W03	2004.5745	1918.1745	0	0.7483	1	5.2181	0.1425	0	0.5019
W03	2005.5745	1919.1745	0	0.7483	1	5.2181	0.1425	0	0.5019
W03	2006.5745	1920.1745	0	0.7483	1	5.2181	0.1425	0	0.5019
W03	2007.5745	1921.1745	0	0.7483	1	5.2181	0.1425	0	0.5019
W03	2008.5745	1922.1745	0	0.7638	1	5.0955	0.1424	0	0.5006
W03	2009.5745	1923.1745	0	0.7638	1	5.0955	0.1424	0	0.5006
W03	2010.5745	1924.1745		0.7638	1	5.0955		0	0.5006
W03	2011.5745	1925.1745	0	0.7638		5.0955	0.1424	0	0.5006
W03	2012.5745	1926.1745		0.7638	1		0.1424	0	0.5006
W03	2013.5745	1927.1745	0	0.71	0.9926	5.5346	0.1469	0	0.5544
W03	2014.5745	1928.1745	0	0.71	0.9926	5.5346	0.1469	0	0.5544
W03	2015.5745	1929.1745	0	0.71		5.5346	0.1469	0	0.5544
W03	2016.5745	1930.1745	0	0.71	0.9926	5.5346	0.1469	0	0.5544
W03	2017.5745	1931.1745	0	0.71	0.9926	5.5346	0.1469	0	0.5544
W03	2018.5745	1932.1745	0	0.6517	0.9945	6.0536	0.1464	0	0.5481
W03	2019.5745	1933.1745	0	0.6517	0.9945	6.0536	0.1464	0	0.5481
W03	2020.5745	1934.1745	0	0.6517	0.9945	6.0536	0.1464	0	0.5481
W03	2021.5745	1935.1745	0	0.6517	0.9945	6.0536		0	0.5481
W03	2022.5745	1936.1745	0	0.6517	0.9945	6.0536	0.1464	0	0.5481
W03	2023.5745	1937.1745	0	0.672	1	5.8678	0.1398	0	
W03	2024.5745	1938.1745	0	0.672	1	5.8678	0.1398	0	0.4721
W03	2025.5745	1939.1745	0	0.672	1	5.8678	0.1398	0	
W03	2026.5745	1940.1745	0	0.672	1	5.8678	0.1398	0	0.4721
W03	2027.5745	1941.1745	0	0.672	1	5.8678	0.1398	0	0.4721
W03	2028.5745	1942.1745	0	0.6232	1	6.3245	0.1435	0	0.5132
W03	2029.5745	1943.1745	0	0.6232	1	6.3245	0.1435	0	0.5132
W03	2030.5745	1944.1745	0	0.6232	1	6.3245	0.1435	0	0.5132
W03	2031.5745	1945.1745	0	0.6232	1	6.3245	0.1435	0	0.5132
W03	2032.5745	1946.1745	0		1	6.3245	0.1435	0	0.5132
W03	2033.5745	1947.1745	0	0.5198	0.9957	7.4149	0.1461	0	0.5444
W03	2034.5745	1948.1745	0	0.5198	0.9957	7.4149	0.1461	0	0.5444
W03	2035.5745	1949.1745	0	0.5198	0.9957	7.4149	0.1461	0	0.5444
W03	2036.5745	1950.1745	0	0.5198	0.9957		0.1461	0	0.5444
W03	2037.5745	1951.1745	0	0.5198	0.9957	7.4149	0.1461	0	0.5444
W03	2038.5745	1952.1745	0	0.5641	1	6.9263	0.1447	0	0.5276
W03	2039.5745	1953.1745	0	0.5641	1	6.9263		0	0.5276
W03	2040.5745	1954.1745		0.5641		6.9263	0.1447	0	0.5276
W03	2041.5745	1955.1745	0	0.5641	1	6.9263	0.1447	0	0.5276
W03	2042.5745	1956.1745	0	0.5641	1	6.9263	0.1447	0	0.5276
W03	2043.5745	1957.1745	0	0.5578	1	6.9942	0.1316	0	0.3879
W03	2044.5745	1958.1745	0	0.5578	1	6.9942	0.1316	0	0.3879
W03	2045.5745	1959.1745	0	0.5578	1	6.9942		0	0.3879
W03	2046.5745	1960.1745	0	0.5578	1	6.9942	0.1316	0	0.3879
W03	2047.5745	1961.1745	0	0.5578	1	6.9942	0.1316	0	0.3879
W03	2048.5745	1962.1745	0	0.5924	1	6.6317	0.1374	0	0.4469
W03	2049.5745	1963.1745	0	0.5924	1	6.6317	0.1374	0	0.4469
W03	2050.5745	1964.1745	0	0.5924	1	6.6317	0.1374	0	0.4469
W03	2051.5745	1965.1745	0	0.5924	1	6.6317	0.1374	0	0.4469
W03	2052.5745	1966.1745	0	0.5924	1	6.6317	0.1374	0	0.4469
W03	2053.5745	1967.1745	0	0.6742	1			0	0.4436
W03	2054.5745	1968.1745		0.6742	1	5.8475	0.1371	0	0.4436
W03	2055.5745	1969.1745	0	0.6742	1	5.8475	0.1371	0	0.4436
W03	2056.5745	1970.1745	0	0.6742	1	5.8475	0.1371	0	0.4436
W03	2057.5745	1971.1745	0	0.6742	1	5.8475	0.1371	0	0.4436
W03	2058.5745	1972.1745	0	0.6127	1		0.1024	0	0.1728
W03	2059.5745	1973.1745	0	0.6127	1	6.428		0	0.1728
W03	2060.5745	1974.1745	0	0.6127	1	6.428	0.1024	0	0.1728
W03	2061.5745	1975.1745	0	0.6127	1	6.428	0.1024	0	0.1728
W03	2062.5745	1976.1745	0	0.6127	1	6.428	0.1024	0	0.1728
W03	2063.5745	1977.1745	0	0.6303	1	6.2559	0.1402	0	0.4765
W03	2064.5745	1978.1745	0	0.6303	1	6.2559	0.1402	0	0.4765
W03	2065.5745	1979.1745	0	0.6303	1	6.2559	0.1402	0	0.4765
W03	2066.5745	1980.1745	0	0.6303	1	6.2559	0.1402	0	
W03	2067.5745	1981.1745	0	0.6303	1	6.2559	0.1402	0	0.4765
W03	2068.5745	1982.1745	0	0.6599	1	5.978	0.1302	0	0.3752
W03	2069.5745	1983.1745	0	0.6599	1	5.978	0.1302	0	0.3752
W03	2070.5745	1984.1745	0	0.6599	1	5.978	0.1302	0	0.3752
W03	2071.5745	1985.1745	0	0.6599	1	5.978	0.1302	0	0.3752
W03	2072.5745	1986.1745	0	0.6599	1		0.1302	0	0.3752
W03	2073.5745	1987.1745	0	0.6362	1	6.1992	0.1324	0	
W03	2074.5745	1988.1745	0	0.6362	1	6.1992	0.1324	0	0.3956
W03	2075.5745	1989.1745	0	0.6362	1	6.1992	0.1324	0	0.3956
W03	2076.5745	1990.1745	0	0.6362	1	6.1992	0.1324	0	0.3956
W03	2077.5745	1991.1745	0	0.6362	1	6.1992	0.1324	0	0.3956
W03	2078.5745	1992.1745	0	0.6772	1	5.8212	0.1437	0	0.516
W03	2079.5745	1993.1745	0	0.6772	1	5.8212	0.1437	0	0.516
W03	2080.5745	1994.1745	0	0.6772	1	5.8212		0	0.516
W03	2081.5745	1995.1745	0	0.6772	1	5.8212	0.1437	0	0.516
W03	2082.5745	1996.1745	0	0.6772	1	5.8212	0.1437	0	
W03	2083.5745	1997.1745	0	0.6473	0.9452	6.0948	0.1604	0	0.7355
W03	2084.5745	1998.1745	0	0.6473	0.9452	6.0948	0.1604	0	0.7355
W03	2085.5745	1999.1745	0	0.6473		6.0948	0.1604	0	0.7355
W03	2086.5745	2000.1745	0	0.6473		6.0948	0.1604	0	0.7355
W03	2087.5745	2001.1745	0	0.6473	0.9452	6.0948	0.1604	0	0.7355
W03	2088.5745	2002.1745	0	0.6689	0.9577	5.8953	0.1567	0	0.6822
W03	2089.5745	2003.1745	0	0.6689	0.9577	5.8953	0.1567	0	0.6822
W03	2090.5745	2004.1745	0	0.6689	0.9577	5.8953	0.1567	0	0.6822
W03	2091.5745	2005.1745	0	0.6689	0.9577	5.8953	0.1567	0	0.6822
W03	2092.5745	2006.1745	0	0.6689		5.8953	0.1567	0	
W03	2093.5745	2007.1745	0	0.3704	0.3032	9.329	0.1928	1	53.9437
W03	2094.5745	2008.1745	0	0.3704	0.3032	9.329	0.1928	1	53.9437
W03	2095.5745	2009.1745	0	0.3704	0.3032	9.329	0.1928	1	53.9437
W03	2096.5745	2010.1745	0	0.3704	0.3032	9.329	0.1928	1	53.9437
W03	2097.5745	2011.1745	0	0.3704	0.3032	9.329	0.1928	1	53.9437
W03	2098.5745	2012.1745		0.2402	0.2545	11.3964	0.2375	1	121.2756
W03	2099.5745	2013.1745	0	0.2402	0.2545	11.3964	0.2375	1	121.2756
W03	2100.5745	2014.1745	0	0.2402	0.2545	11.3964	0.2375	1	121.2756
W03	2101.5745	2015.1745	0	0.2402	0.2545	11.3964	0.2375	1	121.2756
W03	2102.5745	2016.1745	0	0.2402	0.2545	11.3964	0.2375	1	121.2756
W03	2103.5745	2017.1745	0	0.246	0.2559	11.2959	0.236	1	118.3992
W03	2104.5745	2018.1745	0	0.246	0.2559	11.2959	0.236	1	118.3992
W03	2105.5745	2019.1745	1	0.2657	0.2755	10.9583	0.2164	1	84.5122
W03	2106.5745	2020.1745	1	0.2657	0.2755	10.9583	0.2164	1	84.5122
W03	2107.5745	2021.1745	1	0.2657	0.2755	10.9583		1	84.5122
W03	2108.5745	2022.1745	1	0.2657	0.2755	10.9583	0.2164	1	84.5122
W03	2109.5745	2023.1745	1	0.2657	0.2755	10.9583	0.2164	1	84.5122
W03	2110.5745	2024.1745	1	0.3658	0.286	9.3949	0.2071	1	71.2228
W03	2111.5745	2025.1745	1	0.3658	0.286	9.3949	0.2071	1	71.2228
W03	2112.5745	2026.1745		0.3658	0.286	9.3949	0.2071	1	71.2228
W03	2113.5745	2027.1745		0.3658	0.286	9.3949	0.2071	1	71.2228
W03	2114.5745	2028.1745	1	0.3658	0.286	9.3949	0.2071	1	71.2228
W03	2115.5745	2029.1745	1	0.3139	0.2627	10.1751	0.2292	1	105.5573
W03	2116.5745	2030.1745	1	0.3139	0.2627	10.1751	0.2292	1	105.5573
W03	2117.5745	2031.1745	1	0.3139	0.2627	10.1751	0.2292	1	105.5573
W03	2118.5745	2032.1745	1	0.3139	0.2627	10.1751	0.2292	1	105.5573
W03	2119.5745	2033.1745	1	0.3139	0.2627	10.1751	0.2292	1	105.5573
W03	2120.5745	2034.1745	1	0.441	0.5253	8.3689	0.1947	1	8.0373
W03	2121.5745	2035.1745	1	0.441	0.5253	8.3689	0.1947	1	8.0373
W03	2122.5745	2036.1745	1	0.441	0.5253	8.3689	0.1947	1	8.0373
W03	2123.5745	2037.1745	1	0.441	0.5253	8.3689	0.1947	1	8.0373
W03	2124.5745	2038.1745	1		0.5253	8.3689	0.1947	1	8.0373
W03	2125.5745	2039.1745	1		0.2888	9.2109	0.205	1	68.4781
W03	2126.5745	2040.1745	1	0.3787	0.2888	9.2109	0.205	1	68.4781
W03	2127.5745	2041.1745	1	0.3787	0.2888	9.2109	0.205	1	68.4781
W03	2128.5745	2042.1745	1	0.3787	0.2888	9.2109	0.205	1	68.4781
W03	2129.5745	2043.1745	1	0.3787	0.2888	9.2109	0.205	1	68.4781
W03	2130.5745	2044.1745	1	0.5298	1	7.3014	0.145	0	0.5311
W03	2131.5745	2045.1745	1	0.5298	1	7.3014	0.145	0	0.5311
W03	2132.5745	2046.1745	1	0.5298	1	7.3014	0.145	0	0.5311
W03	2133.5745	2047.1745	1	0.5298	1	7.3014	0.145	0	0.5311
W03	2134.5745	2048.1745	1	0.5298	1		0.145	0	0.5311
W03	2135.5745	2049.1745	1	0.4572	0.951	8.164	0.1588	0	0.7123
W03	2136.5745	2050.1745	1	0.4572	0.951	8.164	0.1588	0	0.7123
W03	2137.5745	2051.1745	1	0.4572	0.951	8.164	0.1588	0	0.7123
W03	2138.5745	2052.1745	1	0.4572	0.951	8.164		0	0.7123
W03	2139.5745	2053.1745	1	0.4572	0.951	8.164	0.1588	0	0.7123
W03	2140.5745	2054.1745	1	0.6824	0.9474	5.7742		0	0.7281
W03	2141.5745	2055.1745	1	0.6824	0.9474	5.7742	0.1599	0	0.7281
W03	2142.5745	2056.1745	1	0.6824	0.9474	5.7742	0.1599	0	0.7281
W03	2143.5745	2057.1745	1	0.6824	0.9474	5.7742	0.1599	0	0.7281
W03	2144.5745	2058.1745	1	0.6824	0.9474		0.1599	0	0.7281
W03	2145.5745	2059.1745	1	0.6381	0.9389	6.1811	0.1625	0	0.7674
W03	2146.5745	2060.1745	1	0.6381	0.9389	6.1811	0.1625	0	0.7674
W03	2147.5745	2061.1745	1	0.6381	0.9389	6.1811	0.1625	0	0.7674
W03	2148.5745	2062.1745	1	0.6381	0.9389	6.1811	0.1625	0	
W03	2149.5745	2063.1745	1	0.6381	0.9389	6.1811	0.1625	0	0.7674
W03	2150.5745	2064.1745	1		0.9304	6.4449	0.1652	0	0.8091
W03	2151.5745	2065.1745	1	0.611	0.9304	6.4449	0.1652	0	0.8091
W03	2152.5745	2066.1745	1	0.611	0.9304	6.4449	0.1652	0	0.8091
W03	2153.5745	2067.1745	1	0.611	0.9304	6.4449	0.1652	0	0.8091
W03	2154.5745	2068.1745	1	0.611	0.9304	6.4449	0.1652	0	0.8091
W03	2155.5745	2069.1745	1	0.6256	0.9424	6.3014	0.1615	0	0.7518
W03	2156.5745	2070.1745		0.6256	0.9424	6.3014	0.1615	0	0.7518
W03	2157.5745	2071.1745	1	0.6256			0.1615	0	0.7518
W03	2158.5745	2072.1745	1	0.6256	0.9424	6.3014	0.1615	0	0.7518
W03	2159.5745	2073.1745	1	0.6256	0.9424	6.3014	0.1615	0	0.7518
W03	2160.5745	2074.1745	1	0.6527	1	6.0445	0.1447	0	
W03	2161.5745	2075.1745	1	0.6527	1	6.0445	0.1447	0	0.5274
W03	2162.5745	2076.1745		0.6527	1	6.0445	0.1447	0	0.5274
W03	2163.5745	2077.1745	1	0.6527	1	6.0445	0.1447	0	
W03	2164.5745	2078.1745	1	0.6527	1	6.0445	0.1447	0	0.5274
W03	2165.5745	2079.1745	1	0.7054	0.9591	5.5743	0.1565	0	0.6788
W03	2166.5745	2080.1745	1	0.7054	0.9591	5.5743	0.1565	0	0.6788
W03	2167.5745	2081.1745	1	0.7054	0.9591	5.5743	0.1565	0	0.6788
W03	2168.5745	2082.1745	1	0.7054	0.9591	5.5743	0.1565	0	0.6788
W03	2169.5745	2083.1745	1	0.7054	0.9591	5.5743		0	0.6788
W03	2170.5745	2084.1745	1	0.6953	0.9498	5.6613	0.1593	0	0.719
W03	2171.5745	2085.1745	1	0.6953		5.6613	0.1593	0	0.719
W03	2172.5745	2086.1745	1	0.6953	0.9498	5.6613	0.1593	0	0.719
W03	2173.5745	2087.1745	1	0.6953	0.9498	5.6613	0.1593	0	0.719
W03	2174.5745	2088.1745	1	0.6953	0.9498	5.6613	0.1593	0	0.719
W03	2175.5745	2089.1745	1	0.6413	0.5582	6.1514	0.1803	1	6.0636
W03	2176.5745	2090.1745	1	0.6413	0.5582	6.1514	0.1803	1	6.0636
W03	2177.5745	2091.1745	1	0.6413	0.5582	6.1514	0.1803	1	6.0636
W03	2178.5745	2092.1745	1	0.6413	0.5582	6.1514	0.1803	1	6.0636
W03	2179.5745	2093.1745	1	0.6413	0.5582	6.1514	0.1803	1	6.0636
W03	2180.5745	2094.1745	1	0.4967	1	7.6822	0.1235	0	0.3164
W03	2181.5745	2095.1745	1	0.4967	1	7.6822	0.1235	0	0.3164
W03	2182.5745	2096.1745	1	0.4967	1	7.6822	0.1235	0	0.3164
W03	2183.5745	2097.1745	1	0.4967	1	7.6822		0	0.3164
W03	2184.5745	2098.1745	1	0.4967	1	7.6822	0.1235	0	0.3164
W03	2185.5745	2099.1745	1	0.4547	0.6227	8.1946	0.1553	1	3.5197
W03	2186.5745	2100.1745	1	0.4547	0.6227	8.1946	0.1553	1	3.5197
W03	2187.5745	2101.1745	1	0.4547	0.6227	8.1946	0.1553	1	3.5197
W03	2188.5745	2102.1745	1	0.4547	0.6227	8.1946	0.1553	1	3.5197
W03	2189.5745	2103.1745		0.4547	0.6227	8.1946	0.1553	1	3.5197
W03	2190.5745	2104.1745	1	0.7058	0.9352	5.5702		0	0.7879
W03	2191.5745	2105.1745	1	0.7058	0.9352	5.5702	0.1638	0	0.7879
W03	2192.5745	2106.1745	1	0.7058	0.9352	5.5702	0.1638	0	0.7879
W03	2193.5745	2107.1745	1	0.7058	0.9352	5.5702	0.1638	0	0.7879
W03	2194.5745	2108.1745	1		0.9352	5.5702	0.1638	0	0.7879
W03	2195.5745	2109.1745	1	0.4903	0.5038	7.758	0.2076	1	10.1519
W03	2196.5745	2110.1745	1	0.4903	0.5038	7.758	0.2076	1	10.1519
W03	2197.5745	2111.1745	1	0.4903		7.758	0.2076	1	
W03	2198.5745	2112.1745	1	0.4903	0.5038	7.758	0.2076	1	10.1519
W03	2199.5745	2113.1745	1	0.4903	0.5038	7.758	0.2076	1	10.1519
W03	2200.5745	2114.1745	1	0.6048	0.9338	6.5062	0.1643	0	0.7957
W03	2201.5745	2115.1745	1		0.9338	6.5062	0.1643	0	0.7957
W03	2202.5745	2116.1745	1	0.6048	0.9338	6.5062	0.1643	0	0.7957
W03	2203.5745	2117.1745	1	0.6048	0.9338	6.5062		0	0.7957
W03	2204.5745	2118.1745	1	0.6048	0.9338	6.5062	0.1643	0	0.7957
W03	2205.5745	2119.1745		0.5976	0.6037	6.5782	0.1624	1	4.1421
W03	2206.5745	2120.1745	1	0.5976		6.5782	0.1624	1	4.1421
W03	2207.5745	2121.1745	1	0.5976	0.6037	6.5782	0.1624	1	4.1421
W03	2208.5745	2122.1745	1	0.5976	0.6037		0.1624	1	4.1421
W03	2209.5745	2123.1745	1	0.5976	0.6037	6.5782	0.1624	1	4.1421
W03	2210.5745	2124.1745	1	0.4488	0.5444	8.2691	0.1872	1	6.9646
W03	2211.5745	2125.1745	1	0.4488	0.5444	8.2691	0.1872	1	6.9646
W03	2212.5745	2126.1745	1	0.4488	0.5444	8.2691	0.1872	1	6.9646
W03	2213.5745	2127.1745	1	0.4488	0.5444	8.2691	0.1872	1	6.9646
W03	2214.5745	2128.1745	1		0.5444		0.1872	1	6.9646
W03	2215.5745	2129.1745	1	0.6444	0.5918	6.1217	0.1671	1	4.598
W03	2216.5745	2130.1745	1	0.6444	0.5918	6.1217	0.1671	1	4.598
W03	2217.5745	2131.1745		0.6444	0.5918	6.1217	0.1671	1	4.598
W03	2218.5745	2132.1745	1	0.6444		6.1217	0.1671	1	4.598
W03	2219.5745	2133.1745	1	0.6444	0.5918	6.1217	0.1671	1	4.598
W03	2220.5745	2134.1745	1	0.6745	0.5761	5.8454	0.1735	1	5.269
W03	2221.5745	2135.1745	1	0.6745	0.5761	5.8454	0.1735	1	5.269
W03	2222.5745	2136.1745	1	0.6745	0.5761	5.8454	0.1735	1	5.269
W03	2223.5745	2137.1745	1	0.6745	0.5761	5.8454	0.1735	1	5.269
W03	2224.5745	2138.1745	1	0.6745	0.5761	5.8454	0.1735	1	5.269
W03	2225.5745	2139.1745	1	0.571	0.5008	6.8537	0.21	1	10.5889
W03	2226.5745	2140.1745	1	0.571	0.5008	6.8537		1	10.5889
W03	2227.5745	2141.1745	1	0.571	0.5008	6.8537	0.21	1	10.5889
W03	2228.5745	2142.1745	1	0.571	0.5008	6.8537	0.21	1	10.5889
W03	2229.5745	2143.1745	1	0.571	0.5008	6.8537	0.21	1	10.5889
W03	2230.5745	2144.1745	1	0.6031	0.5756	6.5237	0.1739	1	5.3162
W03	2231.5745	2145.1745	1	0.6031	0.5756	6.5237	0.1739	1	5.3162
W03	2232.5745	2146.1745	1	0.6031	0.5756	6.5237	0.1739	1	5.3162
W03	2233.5745	2147.1745	1	0.6031	0.5756	6.5237	0.1739	1	5.3162
W03	2234.5745	2148.1745	1		0.5756	6.5237	0.1739	1	5.3162
W03	2235.5745	2149.1745	1	0.6736	0.9313	5.853	0.1653	0	0.8106
W03	2236.5745	2150.1745	1	0.6736	0.9313	5.853	0.1653	0	0.8106
W03	2237.5745	2151.1745	1	0.6736	0.9313	5.853	0.1653	0	0.8106
W03	2238.5745	2152.1745	1	0.6736	0.9313	5.853	0.1653	0	0.8106
W03	2239.5745	2153.1745	1	0.6736	0.9313	5.853	0.1653	0	
W03	2240.5745	2154.1745	1	0.525	0.5932	7.355	0.167	1	4.5888
W03	2241.5745	2155.1745	1	0.525	0.5932	7.355	0.167	1	4.5888
W03	2242.5745	2156.1745	1	0.525	0.5932	7.355	0.167	1	4.5888
W03	2243.5745	2157.1745	1	0.525	0.5932	7.355	0.167	1	4.5888
W03	2244.5745	2158.1745	1	0.525	0.5932	7.355	0.167	1	4.5888
W03	2245.5745	2159.1745	1	0.5483	0.5932	7.0964	0.1671	1	4.5982
W03	2246.5745	2160.1745	1	0.5483	0.5932	7.0964	0.1671	1	4.5982
W03	2247.5745	2161.1745	1	0.5483	0.5932	7.0964	0.1671	1	4.5982
W03	2248.5745	2162.1745	1	0.5483	0.5932	7.0964	0.1671	1	4.5982
W03	2249.5745	2163.1745	1		0.5932	7.0964	0.1671	1	4.5982
W03	2250.5745	2164.1745	1	0.6198	0.9814	6.3579	0.1502	0	0.5946
W03	2251.5745	2165.1745	1	0.6198	0.9814	6.3579	0.1502	0	0.5946
W03	2252.5745	2166.1745	1	0.6198	0.9814	6.3579	0.1502	0	0.5946
W03	2253.5745	2167.1745	1	0.6198	0.9814	6.3579	0.1502	0	0.5946
W03	2254.5745	2168.1745	1	0.6198	0.9814	6.3579	0.1502	0	0.5946
W03	2255.5745	2169.1745	1	0.5919	0.9939	6.6369	0.1467	0	0.5509
W03	2256.5745	2170.1745	1	0.5919		6.6369	0.1467	0	0.5509
W03	2257.5745	2171.1745	1	0.5919		6.6369	0.1467	0	0.5509
W03	2258.5745	2172.1745	1	0.5919	0.9939	6.6369	0.1467	0	0.5509
W03	2259.5745	2173.1745	1	0.5919	0.9939	6.6369	0.1467	0	
W03	2260.5745	2174.1745	1	0.5876	0.592	6.6803	0.1679	1	4.676
W03	2261.5745	2175.1745	1	0.5876	0.592	6.6803	0.1679	1	4.676
W03	2262.5745	2176.1745	1	0.5876	0.592	6.6803	0.1679	1	4.676
W03	2263.5745	2177.1745	1	0.5876		6.6803	0.1679	1	4.676
W03	2264.5745	2178.1745	1	0.5876	0.592	6.6803	0.1679	1	4.676
W03	2265.5745	2179.1745	1	0.6153	0.5897	6.4018	0.1689	1	4.7794
W03	2266.5745	2180.1745	1	0.6153	0.5897	6.4018	0.1689	1	4.7794
W03	2267.5745	2181.1745	1	0.6153	0.5897	6.4018	0.1689	1	4.7794
W03	2268.5745	2182.1745	1	0.6153		6.4018	0.1689	1	4.7794
W03	2269.5745	2183.1745	1	0.6153	0.5897	6.4018	0.1689	1	4.7794
W03	2270.5745	2184.1745	1	0.5736	0.5467	6.8258	0.1875	1	6.9979
W03	2271.5745	2185.1745	1	0.5736	0.5467	6.8258	0.1875	1	6.9979
W03	2272.5745	2186.1745	1	0.5736	0.5467	6.8258	0.1875	1	6.9979
W03	2273.5745	2187.1745	1		0.5467	6.8258	0.1875	1	6.9979
W03	2274.5745	2188.1745	1	0.5736	0.5467	6.8258	0.1875	1	6.9979
W03	2275.5745	2189.1745	1	0.5719	0.9075	6.8443	0.1735	0	0.9485
W03	2276.5745	2190.1745	1	0.5719	0.9075	6.8443	0.1735	0	0.9485
W03	2277.5745	2191.1745	1	0.5719	0.9075	6.8443	0.1735	0	0.9485
W03	2278.5745	2192.1745	1	0.5719	0.9075	6.8443	0.1735	0	0.9485
W03	2279.5745	2193.1745	1	0.5719	0.9075	6.8443	0.1735	0	0.9485
W03	2280.5745	2194.1745	1		0.961	6.8019	0.1562	0	0.6757
W03	2281.5745	2195.1745	1	0.5759	0.961	6.8019	0.1562	0	0.6757
W03	2282.5745	2196.1745	1	0.5759	0.961	6.8019	0.1562	0	0.6757
W03	2283.5745	2197.1745	1	0.5759	0.961	6.8019	0.1562	0	0.6757
W03	2284.5745	2198.1745	1	0.5759		6.8019	0.1562	0	0.6757
W03	2285.5745	2199.1745	1	0.4281	0.5733		0.176	1	5.5592
W03	2286.5745	2200.1745	1	0.4281	0.5733	8.5365	0.176	1	5.5592
W03	2287.5745	2201.1745	1	0.4281	0.5733	8.5365	0.176	1	5.5592
W03	2288.5745	2202.1745	1	0.4281	0.5733	8.5365		1	5.5592
W03	2289.5745	2203.1745	1	0.4281	0.5733		0.176	1	5.5592
W03	2290.5745	2204.1745	1	0.6224	0.9853	6.3328	0.1491	0	0.5811
W03	2291.5745	2205.1745	1	0.6224	0.9853	6.3328	0.1491	0	0.5811
W03	2292.5745	2206.1745	1	0.6224	0.9853	6.3328	0.1491	0	0.5811
W03	2293.5745	2207.1745	1	0.6224	0.9853	6.3328	0.1491	0	0.5811
W03	2294.5745	2208.1745	1	0.6224	0.9853	6.3328	0.1491	0	0.5811
W03	2295.5745	2209.1745	1	0.6214	0.9684	6.3425	0.154	0	0.6456
W03	2296.5745	2210.1745	1	0.6214	0.9684	6.3425	0.154	0	0.6456
W03	2297.5745	2211.1745	1		0.9684		0.154	0	0.6456
W03	2298.5745	2212.1745	1	0.6214	0.9684	6.3425	0.154	0	0.6456
W03	2299.5745	2213.1745		0.6214	0.9684	6.3425	0.154	0	
W03	2300.5745	2214.1745	1	0.7053	0.9252	5.5749	0.1677	0	0.8494
W03	2301.5745	2215.1745	1	0.7053	0.9252	5.5749	0.1677	0	0.8494
W03	2302.5745	2216.1745	1	0.7053	0.9252	5.5749	0.1677	0	0.8494
W03	2303.5745	2217.1745	1	0.7053	0.9252		0.1677	0	0.8494
W03	2304.5745	2218.1745	1	0.7053	0.9252	5.5749	0.1677	0	0.8494
W03	2305.5745	2219.1745	1	0.6922	0.924	5.6885	0.1681	0	0.8564
W03	2306.5745	2220.1745	1	0.6922	0.924	5.6885	0.1681	0	0.8564
W03	2307.5745	2221.1745		0.6922	0.924	5.6885	0.1681	0	0.8564
W03	2308.5745	2222.1745	1	0.6922	0.924	5.6885	0.1681	0	0.8564
W03	2309.5745	2223.1745	1	0.658	0.6055	5.995	0.1637	1	4.2662
W03	2310.5745	2224.1745	1	0.658	0.6055	5.995	0.1637	1	4.2662
W03	2311.5745	2225.1745	4	0.411	0.5444	8.7651	0.1897	1	7.3052
W03	2312.5745	2226.1745	4	0.411	0.5444	8.7651	0.1897	1	7.3052
W03	2313.5745	2227.1745	4	0.411	0.5444	8.7651	0.1897	1	7.3052
W03	2314.5745	2228.1745	4	0.411	0.5444	8.7651	0.1897	1	7.3052
W03	2315.5745	2229.1745	4	0.411	0.5444	8.7651	0.1897	1	7.3052
W03	2316.5745	2230.1745	4	0.5549	0.5878	7.0249	0.1708	1	4.9771
W03	2317.5745	2231.1745	4	0.5549	0.5878	7.0249	0.1708	1	4.9771
W03	2318.5745	2232.1745	4	0.5549	0.5878	7.0249	0.1708	1	4.9771
W03	2319.5745	2233.1745	4	0.5549	0.5878		0.1708	1	4.9771
W03	2320.5745	2234.1745	4	0.5549	0.5878	7.0249	0.1708	1	4.9771
W03	2321.5745	2235.1745	4	0.6006	0.5834	6.5488	0.1727	1	5.1828
W03	2322.5745	2236.1745	4	0.6006	0.5834	6.5488	0.1727	1	5.1828
W03	2323.5745	2237.1745	4	0.6006	0.5834	6.5488	0.1727	1	5.1828
W03	2324.5745	2238.1745	4	0.6006	0.5834	6.5488	0.1727	1	5.1828
W03	2325.5745	2239.1745	4	0.6006	0.5834	6.5488	0.1727	1	5.1828
W03	2326.5745	2240.1745	4	0.3836	0.2663	9.141	0.2321	1	110.9709
W03	2327.5745	2241.1745	4	0.3836	0.2663	9.141	0.2321	1	110.9709
W03	2328.5745	2242.1745	4	0.3836	0.2663	9.141	0.2321	1	
W03	2329.5745	2243.1745	4	0.3836	0.2663	9.141	0.2321	1	110.9709
W03	2330.5745	2244.1745	4	0.3836	0.2663		0.2321	1	110.9709
W03	2331.5745	2245.1745	4	0.1287	0.1511	25.9094	0.2637	1	864.7758
W03	2332.5745	2246.1745	4	0.1287	0.1511	25.9094	0.2637	1	864.7758
W03	2333.5745	2247.1745	4	0.1287	0.1511	25.9094	0.2637	1	864.7758
W03	2334.5745	2248.1745	4	0.1287	0.1511	25.9094	0.2637	1	864.7758
W03	2335.5745	2249.1745	4	0.1287	0.1511	25.9094	0.2637	1	864.7758
W03	2336.5745	2250.1745	4	0.2561	0.2688	11.122	0.23	1	106.9663
W03	2337.5745	2251.1745	4	0.2561	0.2688	11.122	0.23	1	106.9663
W03	2338.5745	2252.1745	4	0.2561	0.2688	11.122	0.23	1	106.9663
W03	2339.5745	2253.1745	4	0.2561	0.2688	11.122	0.23	1	106.9663
W03	2340.5745	2254.1745	4	0.2561	0.2688	11.122	0.23	1	106.9663
W03	2341.5745	2255.1745	4	0.3961	0.298	8.9678		1	66.6451
W03	2342.5745	2256.1745	4	0.3961	0.298	8.9678	0.2036	1	66.6451
W03	2343.5745	2257.1745	4	0.3961	0.298	8.9678	0.2036	1	66.6451
W03	2344.5745	2258.1745	4	0.3961	0.298	8.9678	0.2036	1	66.6451
W03	2345.5745	2259.1745	4	0.3961	0.298	8.9678	0.2036	1	66.6451
W03	2346.5745	2260.1745	4		0.3122	7.9495	0.1927	1	53.8261
W03	2347.5745	2261.1745	4	0.4745	0.3122	7.9495	0.1927	1	53.8261
W03	2348.5745	2262.1745	4	0.4745	0.3122	7.9495	0.1927	1	53.8261
W03	2349.5745	2263.1745	4	0.4745	0.3122	7.9495	0.1927	1	53.8261
W03	2350.5745	2264.1745	4	0.4745	0.3122	7.9495	0.1927	1	53.8261
W03	2351.5745	2265.1745	4	0.4763	0.2724	7.9277	0.227	1	101.7885
W03	2352.5745	2266.1745		0.4763	0.2724	7.9277	0.227	1	101.7885
W03	2353.5745	2267.1745	4	0.4763	0.2724	7.9277	0.227	1	101.7885
W03	2354.5745	2268.1745	4	0.4763	0.2724	7.9277	0.227	1	
W03	2355.5745	2269.1745	4	0.4763	0.2724	7.9277	0.227	1	101.7885
W03	2356.5745	2270.1745	4	0.5097	0.909	7.5304	0.1737	0	0.9523
W03	2357.5745	2271.1745	4	0.5097	0.909	7.5304	0.1737	0	0.9523
W03	2358.5745	2272.1745	4	0.5097	0.909	7.5304	0.1737	0	0.9523
W03	2359.5745	2273.1745	4	0.5097	0.909	7.5304	0.1737	0	0.9523
W03	2360.5745	2274.1745	4	0.5097	0.909	7.5304	0.1737	0	0.9523
W03	2361.5745	2275.1745	4	0.5313	0.8474	7.2845	0.1976	0	1.4437
W03	2362.5745	2276.1745	4	0.5313	0.8474	7.2845	0.1976	0	1.4437
W03	2363.5745	2277.1745	4	0.5313	0.8474	7.2845	0.1976	0	
W03	2364.5745	2278.1745	4	0.5313	0.8474	7.2845	0.1976	0	1.4437
W03	2365.5745	2279.1745	4	0.5313	0.8474	7.2845	0.1976	0	1.4437
W03	2366.5745	2280.1745	4	0.3826	0.5163	9.1563	0.2058	1	9.8374
W03	2367.5745	2281.1745	4	0.3826	0.5163	9.1563	0.2058	1	9.8374
W03	2368.5745	2282.1745	4	0.3826	0.5163	9.1563	0.2058	1	
W03	2369.5745	2283.1745	4		0.5163	9.1563	0.2058	1	9.8374
W03	2370.5745	2284.1745	4	0.3826	0.5163	9.1563	0.2058	1	9.8374
W03	2371.5745	2285.1745	4	0.5005	0.5226	7.6373	0.2027	1	9.2978
W03	2372.5745	2286.1745	4	0.5005	0.5226	7.6373	0.2027	1	9.2978
W03	2373.5745	2287.1745	4	0.5005	0.5226	7.6373	0.2027	1	9.2978
W03	2374.5745	2288.1745	4	0.5005	0.5226	7.6373	0.2027	1	9.2978
W03	2375.5745	2289.1745	4	0.5005	0.5226	7.6373	0.2027	1	9.2978
W03	2376.5745	2290.1745	4	0.35	0.279	9.6262	0.2217	1	92.7948
W03	2377.5745	2291.1745	4	0.35	0.279	9.6262	0.2217	1	92.7948
W03	2378.5745	2292.1745	4	0.35	0.279	9.6262	0.2217	1	92.7948
W03	2379.5745	2293.1745	4	0.35	0.279	9.6262	0.2217	1	92.7948
W03	2380.5745	2294.1745	4	0.35	0.279	9.6262	0.2217	1	92.7948
W03	2381.5745	2295.1745	4	0.3107	0.2747	10.2251	0.2261	1	100.2405
W03	2382.5745	2296.1745	4	0.3107	0.2747	10.2251	0.2261	1	100.2405
W03	2383.5745	2297.1745	4	0.3107	0.2747	10.2251	0.2261	1	100.2405
W03	2384.5745	2298.1745	4	0.3107	0.2747	10.2251	0.2261	1	100.2405
W03	2385.5745	2299.1745	4	0.3107	0.2747	10.2251	0.2261	1	100.2405
W03	2386.5745	2300.1745	4	0.3564	0.2941	9.5319	0.2086	1	73.2827
W03	2387.5745	2301.1745	4	0.3564	0.2941	9.5319	0.2086	1	73.2827
W03	2388.5745	2302.1745	4	0.3564	0.2941	9.5319	0.2086	1	73.2827
W03	2389.5745	2303.1745	4		0.2941	9.5319	0.2086	1	73.2827
W03	2390.5745	2304.1745	4		0.2941	9.5319	0.2086	1	73.2827
W03	2391.5745	2305.1745	4	0.5121	0.5094	7.5023	0.2107	1	10.7157
W03	2392.5745	2306.1745	4	0.5121	0.5094	7.5023	0.2107	1	10.7157
W03	2393.5745	2307.1745	4	0.5121	0.5094	7.5023	0.2107	1	10.7157
W03	2394.5745	2308.1745	4	0.5121	0.5094	7.5023	0.2107	1	10.7157
W03	2395.5745	2309.1745	4	0.5121	0.5094	7.5023	0.2107	1	10.7157
W03	2396.5745	2310.1745	4	0.4435	0.2856		0.2166	1	84.8058
W03	2397.5745	2311.1745	4	0.4435	0.2856	8.337	0.2166	1	84.8058
W03	2398.5745	2312.1745	4	0.4435	0.2856	8.337	0.2166	1	84.8058
W03	2399.5745	2313.1745	4	0.4435	0.2856	8.337	0.2166	1	84.8058
W03	2400.5745	2314.1745	4		0.2856	8.337	0.2166	1	84.8058
W03	2401.5745	2315.1745	4	0.5187	0.9641	7.4273	0.1557	0	0.669
W03	2402.5745	2316.1745	4	0.5187	0.9641	7.4273	0.1557	0	0.669
W03	2403.5745	2317.1745	4	0.5187	0.9641	7.4273	0.1557	0	0.669
W03	2404.5745	2318.1745	4	0.5187	0.9641	7.4273	0.1557	0	0.669
W03	2405.5745	2319.1745	4	0.5187	0.9641	7.4273	0.1557	0	0.669
W03	2406.5745	2320.1745	4	0.4374	0.2999	8.4164	0.2047	1	68.096
W03	2407.5745	2321.1745	4	0.4374	0.2999	8.4164	0.2047	1	68.096
W03	2408.5745	2322.1745	4	0.4374	0.2999	8.4164	0.2047	1	68.096
W03	2409.5745	2323.1745	4	0.4374	0.2999	8.4164	0.2047	1	68.096
W03	2410.5745	2324.1745	4	0.4374	0.2999	8.4164	0.2047	1	68.096
W03	2411.5745	2325.1745		0.5937	0.952	6.6184	0.1597	0	0.7252
W03	2412.5745	2326.1745		0.5937	0.952	6.6184	0.1597	0	0.7252
W03	2413.5745	2327.1745	4	0.5937	0.952	6.6184	0.1597	0	0.7252
W03	2414.5745	2328.1745	4	0.5937	0.952	6.6184	0.1597	0	0.7252
W03	2415.5745	2329.1745	4	0.5937	0.952	6.6184	0.1597	0	0.7252
W03	2416.5745	2330.1745	4	0.6787	0.9754	5.8072	0.1523	0	0.6228
W03	2417.5745	2331.1745	4	0.6787	0.9754	5.8072	0.1523	0	0.6228
W03	2418.5745	2332.1745	4	0.6787	0.9754	5.8072	0.1523	0	0.6228
W03	2419.5745	2333.1745	4	0.6787	0.9754	5.8072	0.1523	0	0.6228
W03	2420.5745	2334.1745	4	0.6787	0.9754	5.8072	0.1523	0	0.6228
W03	2421.5745	2335.1745	4	0.4887	0.3017	7.778	0.2041	1	67.2177
W03	2422.5745	2336.1745	4	0.4887	0.3017	7.778	0.2041	1	67.2177
W03	2423.5745	2337.1745	4	0.4887	0.3017	7.778	0.2041	1	67.2177
W03	2424.5745	2338.1745	4	0.4887	0.3017	7.778	0.2041	1	67.2177
W03	2425.5745	2339.1745	4	0.4887	0.3017	7.778	0.2041	1	67.2177
W03	2426.5745	2340.1745	4	0.4698	0.5937	8.0075	0.1717	1	5.0733
W03	2427.5745	2341.1745	4	0.4698	0.5937	8.0075	0.1717	1	5.0733
W03	2428.5745	2342.1745	4	0.4698	0.5937	8.0075	0.1717	1	5.0733
W03	2429.5745	2343.1745	4	0.4698	0.5937	8.0075	0.1717	1	5.0733
W03	2430.5745	2344.1745	4	0.4698	0.5937	8.0075	0.1717	1	5.0733
W03	2431.5745	2345.1745	4	0.5057	0.6003	7.5767	0.1692	1	4.8133
W03	2432.5745	2346.1745	4		0.6003	7.5767	0.1692	1	
W03	2433.5745	2347.1745	4	0.5057	0.6003		0.1692	1	4.8133
W03	2434.5745	2348.1745	4	0.5057	0.6003	7.5767	0.1692	1	4.8133
W03	2435.5745	2349.1745	4	0.5057	0.6003	7.5767	0.1692	1	4.8133
W03	2436.5745	2350.1745	4	0.5629	0.5834	6.9388	0.1763	1	5.5947
W03	2437.5745	2351.1745	4	0.5629	0.5834	6.9388	0.1763	1	5.5947
W03	2438.5745	2352.1745	4	0.5629	0.5834	6.9388	0.1763	1	5.5947
W03	2439.5745	2353.1745	4	0.5629	0.5834	6.9388	0.1763	1	5.5947
W03	2440.5745	2354.1745	4	0.5629	0.5834	6.9388	0.1763	1	5.5947
W03	2441.5745	2355.1745	4	0.4076	0.2612	8.8105	0.2436	1	133.7984
W03	2442.5745	2356.1745	4	0.4076	0.2612	8.8105	0.2436	1	
W03	2443.5745	2357.1745	4		0.2612		0.2436	1	133.7984
W03	2444.5745	2358.1745	4	0.4076	0.2612	8.8105	0.2436	1	133.7984
W03	2445.5745	2359.1745	4	0.4076	0.2612	8.8105	0.2436	1	133.7984
W03	2446.5745	2360.1745	4	0.4757	0.3007	7.9348	0.2061	1	69.9107
W03	2447.5745	2361.1745	4	0.4757	0.3007	7.9348	0.2061	1	69.9107
W03	2448.5745	2362.1745	4	0.4757	0.3007	7.9348	0.2061	1	69.9107
W03	2449.5745	2363.1745	4	0.4757	0.3007	7.9348	0.2061	1	69.9107
W03	2450.5745	2364.1745	4	0.4757		7.9348	0.2061	1	69.9107
W03	2451.5745	2365.1745	4	0.4708	0.5612	7.9942	0.1868	1	6.9104
W03	2452.5745	2366.1745	4	0.4708	0.5612	7.9942	0.1868	1	6.9104
W03	2453.5745	2367.1745	4	0.4708	0.5612	7.9942	0.1868	1	6.9104
W03	2454.5745	2368.1745	4	0.4708	0.5612	7.9942	0.1868	1	6.9104
W03	2455.5745	2369.1745	4	0.4708	0.5612	7.9942		1	6.9104
W03	2456.5745	2370.1745	4		1	7.0332	0.1172	0	0.2671
W03	2457.5745	2371.1745	4	0.5541	1	7.0332	0.1172	0	
W03	2458.5745	2372.1745	4	0.5541	1	7.0332	0.1172	0	0.2671
W03	2459.5745	2373.1745	4	0.5541		7.0332	0.1172	0	0.2671
W03	2460.5745	2374.1745	4	0.5541	1	7.0332	0.1172	0	0.2671
W03	2461.5745	2375.1745	4	0.55	1	7.0778	0.1417	0	0.4935
W03	2462.5745	2376.1745	4	0.55	1	7.0778	0.1417	0	0.4935
W03	2463.5745	2377.1745	4	0.55	1	7.0778	0.1417	0	0.4935
W03	2464.5745	2378.1745	4	0.55	1		0.1417	0	0.4935
W03	2465.5745	2379.1745	4	0.55	1	7.0778	0.1417	0	0.4935
W03	2466.5745	2380.1745	4	0.5378	0.9853	7.2116	0.1494	0	0.5855
W03	2467.5745	2381.1745	4	0.5378	0.9853	7.2116	0.1494	0	0.5855
W03	2468.5745	2382.1745	4	0.5378	0.9853	7.2116	0.1494	0	0.5855
W03	2469.5745	2383.1745	4	0.5378	0.9853	7.2116	0.1494	0	0.5855
W03	2470.5745	2384.1745	4	0.5378	0.9853	7.2116	0.1494	0	0.5855
W03	2471.5745	2385.1745	4	0.5683	1	6.8819	0.1122	0	0.2318
W03	2472.5745	2386.1745	4	0.5683	1	6.8819	0.1122	0	0.2318
W03	2473.5745	2387.1745	4	0.5683	1	6.8819	0.1122	0	0.2318
W03	2474.5745	2388.1745	4	0.5683	1	6.8819	0.1122	0	0.2318
W03	2475.5745	2389.1745	4	0.5683	1	6.8819	0.1122	0	0.2318
W03	2476.5745	2390.1745	4	0.6862	1	5.7411	0.1364	0	0.4363
W03	2477.5745	2391.1745	4	0.6862	1	5.7411		0	0.4363
W03	2478.5745	2392.1745	4	0.6862	1		0.1364	0	0.4363
W03	2479.5745	2393.1745	4	0.6862	1	5.7411	0.1364	0	0.4363
W03	2480.5745	2394.1745		0.6862	1	5.7411	0.1364	0	0.4363
W03	2481.5745	2395.1745	4	0.6962	0.991	5.6529	0.1477	0	0.564
W03	2482.5745	2396.1745		0.6962	0.991	5.6529	0.1477	0	0.564
W03	2483.5745	2397.1745	4	0.6962	0.991	5.6529	0.1477	0	0.564
W03	2484.5745	2398.1745	4	0.5191	0.6206	7.4229	0.1634	1	4.2393
W03	2485.5745	2399.1745	4	0.5191	0.6206	7.4229	0.1634	1	4.2393
W03	2486.5745	2400.1745	7	0.4783	0.6005	7.9034	0.1714	1	5.0498
W03	2487.5745	2401.1745	7	0.4783	0.6005	7.9034	0.1714	1	5.0498
W03	2488.5745	2402.1745	7	0.4783	0.6005	7.9034	0.1714	1	5.0498
W03	2489.5745	2403.1745	7	0.4783	0.6005	7.9034	0.1714	1	5.0498
W03	2490.5745	2404.1745	7	0.4783	0.6005	7.9034	0.1714	1	5.0498
W03	2491.5745	2405.1745	7	0.3981	0.6156	8.9406	0.1657	1	4.46
W03	2492.5745	2406.1745	7	0.3981	0.6156	8.9406	0.1657	1	4.46
W03	2493.5745	2407.1745	7	0.3981	0.6156	8.9406	0.1657	1	4.46
W03	2494.5745	2408.1745	7	0.3981	0.6156	8.9406	0.1657	1	4.46
W03	2495.5745	2409.1745	7	0.3981	0.6156	8.9406	0.1657	1	4.46
W03	2496.5745	2410.1745	7	0.4986	0.5996	7.6596	0.1723	1	5.1435
W03	2497.5745	2411.1745	7	0.4986	0.5996	7.6596	0.1723	1	5.1435
W03	2498.5745	2412.1745	7	0.4986	0.5996	7.6596	0.1723	1	5.1435
W03	2499.5745	2413.1745		0.4986	0.5996	7.6596	0.1723	1	5.1435
W03	2500.5745	2414.1745	7	0.4986	0.5996		0.1723	1	
W03	2501.5745	2415.1745	7	0.7218	0.9534	5.4348	0.16	0	0.7298
W03	2502.5745	2416.1745		0.7218	0.9534	5.4348	0.16	0	0.7298
W03	2503.5745	2417.1745	7	0.7218	0.9534	5.4348	0.16	0	0.7298
W03	2504.5745	2418.1745	7	0.7218	0.9534	5.4348	0.16	0	0.7298
W03	2505.5745	2419.1745	7	0.7218	0.9534	5.4348	0.16	0	0.7298
W03	2506.5745	2420.1745	7	0.518	0.5449	7.4354	0.1978	1	8.5118
W03	2507.5745	2421.1745	7	0.518	0.5449	7.4354	0.1978	1	8.5118
W03	2508.5745	2422.1745	7	0.518	0.5449	7.4354	0.1978	1	8.5118
W03	2509.5745	2423.1745	7	0.518	0.5449	7.4354	0.1978	1	8.5118
W03	2510.5745	2424.1745	7	0.518		7.4354	0.1978	1	8.5118
W03	2511.5745	2425.1745		0.4686	0.5802	8.0212	0.1814	1	6.2001
W03	2512.5745	2426.1745	7	0.4686	0.5802	8.0212	0.1814	1	6.2001
W03	2513.5745	2427.1745	7	0.4686	0.5802	8.0212	0.1814	1	6.2001
W03	2514.5745	2428.1745	7	0.4686	0.5802	8.0212	0.1814	1	6.2001
W03	2515.5745	2429.1745	7	0.4686	0.5802	8.0212	0.1814	1	6.2001
W03	2516.5745	2430.1745	7	0.5484	0.5624	7.095	0.1899	1	
W03	2517.5745	2431.1745	7	0.5484	0.5624	7.095	0.1899	1	7.3269
W03	2518.5745	2432.1745	7	0.5484	0.5624	7.095	0.1899	1	7.3269
W03	2519.5745	2433.1745	7	0.5484	0.5624	7.095	0.1899	1	7.3269
W03	2520.5745	2434.1745	7	0.5484	0.5624	7.095	0.1899	1	7.3269
W03	2521.5745	2435.1745	7	0.5958		6.5967	0.1534	0	0.6367
W03	2522.5745	2436.1745	7	0.5958	0.9737	6.5967	0.1534	0	0.6367
W03	2523.5745	2437.1745	7	0.5958	0.9737	6.5967	0.1534	0	0.6367
W03	2524.5745	2438.1745	7	0.5958	0.9737	6.5967	0.1534	0	0.6367
W03	2525.5745	2439.1745	7	0.5958	0.9737	6.5967	0.1534	0	0.6367
W03	2526.5745	2440.1745	7	0.6048	1	6.506	0.1333	0	0.405
W03	2527.5745	2441.1745	7	0.6048		6.506	0.1333	0	0.405
W03	2528.5745	2442.1745	7	0.6048	1	6.506	0.1333	0	0.405
W03	2529.5745	2443.1745	7	0.6048	1	6.506	0.1333	0	0.405
W03	2530.5745	2444.1745	7	0.6048	1	6.506	0.1333	0	0.405
W03	2531.5745	2445.1745	7	0.5971	0.6394	6.5841	0.1588	1	3.8184
W03	2532.5745	2446.1745	7	0.5971	0.6394	6.5841	0.1588	1	3.8184
W03	2533.5745	2447.1745	7	0.5971	0.6394	6.5841	0.1588	1	3.8184
W03	2534.5745	2448.1745	7	0.5971	0.6394	6.5841	0.1588	1	
W03	2535.5745	2449.1745	7	0.5971	0.6394	6.5841	0.1588	1	3.8184
W03	2536.5745	2450.1745	7		0.3126	9.1852	0.2028	1	65.5846
W03	2537.5745	2451.1745	7	0.3805	0.3126	9.1852	0.2028	1	65.5846
W03	2538.5745	2452.1745	7	0.3805	0.3126	9.1852	0.2028	1	65.5846
W03	2539.5745	2453.1745	7	0.3805	0.3126	9.1852	0.2028	1	65.5846
W03	2540.5745	2454.1745	7	0.3805	0.3126	9.1852	0.2028	1	
W03	2541.5745	2455.1745	7	0.4017	0.6033	8.8906	0.1733	1	5.2517
W03	2542.5745	2456.1745	7	0.4017	0.6033			1	5.2517
W03	2543.5745	2457.1745	7	0.4017		8.8906	0.1733	1	5.2517
W03	2544.5745	2458.1745	7	0.4017	0.6033	8.8906	0.1733	1	5.2517
W03	2545.5745	2459.1745	7	0.4017	0.6033	8.8906	0.1733	1	5.2517
W03	2546.5745	2460.1745	7	0.4966	0.5697	7.6834	0.1885	1	7.131
W03	2547.5745	2461.1745	7	0.4966		7.6834	0.1885	1	7.131
W03	2548.5745	2462.1745		0.4966	0.5697	7.6834	0.1885	1	7.131
W03	2549.5745	2463.1745	7	0.4966	0.5697	7.6834	0.1885	1	7.131
W03	2550.5745	2464.1745	7	0.4966	0.5697	7.6834	0.1885	1	7.131
W03	2551.5745	2465.1745	7	0.6997	0.6334	5.623	0.1621	1	4.1193
W03	2552.5745	2466.1745		0.6997	0.6334	5.623		1	4.1193
W03	2553.5745	2467.1745	7	0.6997		5.623	0.1621	1	4.1193
W03	2554.5745	2468.1745	7	0.6997	0.6334	5.623	0.1621	1	4.1193
W03	2555.5745	2469.1745	7	0.6997	0.6334		0.1621	1	4.1193
W03	2556.5745	2470.1745	7	0.5732	0.5754	6.8301	0.1866	1	6.8718
W03	2557.5745	2471.1745	7		0.5754	6.8301	0.1866	1	6.8718
W03	2558.5745	2472.1745	7	0.5732	0.5754	6.8301	0.1866	1	
W03	2559.5745	2473.1745	7	0.5732	0.5754		0.1866	1	6.8718
W03	2560.5745	2474.1745	7	0.5732	0.5754	6.8301	0.1866	1	6.8718
W03	2561.5745	2475.1745	7	0.4053	0.5789	8.8411	0.1853	1	6.7079
W03	2562.5745	2476.1745	7		0.5789	8.8411	0.1853	1	6.7079
W03	2563.5745	2477.1745	7	0.4053	0.5789	8.8411	0.1853	1	6.7079
W03	2564.5745	2478.1745	7	0.4053	0.5789	8.8411	0.1853	1	6.7079
W03	2565.5745	2479.1745	7	0.4053	0.5789	8.8411	0.1853	1	6.7079
W03	2566.5745	2480.1745	7	0.3322	0.2823	9.8928	0.2323	1	
W03	2567.5745	2481.1745	7	0.3322	0.2823	9.8928	0.2323	1	111.3058
W03	2568.5745	2482.1745		0.3322	0.2823	9.8928	0.2323	1	111.3058
W03	2569.5745	2483.1745	7	0.3322	0.2823	9.8928	0.2323	1	111.3058
W03	2570.5745	2484.1745	7	0.3322	0.2823	9.8928	0.2323	1	111.3058
W03	2571.5745	2485.1745	7	0.3512	0.5427	9.6092	0.204	1	9.5282
W03	2572.5745	2486.1745	7	0.3512	0.5427	9.6092	0.204	1	9.5282
W03	2573.5745	2487.1745	7	0.3512	0.5427	9.6092	0.204	1	9.5282
W03	2574.5745	2488.1745	7	0.3512	0.5427	9.6092	0.204	1	9.5282
W03	2575.5745	2489.1745	7	0.3512	0.5427	9.6092	0.204	1	9.5282
W03	2576.5745	2490.1745	7	0.4076		8.811	0.189	1	7.2019
W03	2577.5745	2491.1745	7	0.4076	0.5737	8.811	0.189	1	7.2019
W03	2578.5745	2492.1745	7	0.4076	0.5737	8.811	0.189	1	7.2019
W03	2579.5745	2493.1745	7	0.4076	0.5737	8.811	0.189	1	7.2019
W03	2580.5745	2494.1745	7	0.4076	0.5737	8.811	0.189	1	7.2019
W03	2581.5745	2495.1745	7	0.4446	0.3221	8.3227	0.1997	1	61.7658
W03	2582.5745	2496.1745	7	0.4446	0.3221	8.3227	0.1997	1	61.7658
W03	2583.5745	2497.1745	7	0.4446		8.3227	0.1997	1	61.7658
W03	2584.5745	2498.1745	7	0.4446		8.3227	0.1997	1	61.7658
W03	2585.5745	2499.1745		0.4446	0.3221	8.3227	0.1997	1	61.7658
W03	2586.5745	2500.1745	7	0.6135		6.4199	0.1509	0	0.6044
W03	2587.5745	2501.1745	7	0.6135	0.9825	6.4199	0.1509	0	0.6044
W03	2588.5745	2502.1745	7	0.6135	0.9825	6.4199	0.1509	0	0.6044
W03	2589.5745	2503.1745	7	0.6135	0.9825	6.4199	0.1509	0	0.6044
W03	2590.5745	2504.1745	7	0.6135	0.9825	6.4199	0.1509	0	0.6044
W03	2591.5745	2505.1745		0.8962	0.9712	4.1565		0	0.6579
W03	2592.5745	2506.1745	7	0.8962	0.9712	4.1565	0.1549	0	0.6579
W03	2593.5745	2507.1745	7	0.8962	0.9712	4.1565	0.1549	0	0.6579
W03	2594.5745	2508.1745	7	0.8962	0.9712	4.1565	0.1549	0	0.6579
W03	2595.5745	2509.1745	7	0.8962	0.9712	4.1565	0.1549	0	0.6579
W03	2596.5745	2510.1745		0.4993	0.586	7.6522	0.1851	1	6.682
W03	2597.5745	2511.1745	7	0.4993	0.586	7.6522	0.1851	1	6.682
W03	2598.5745	2512.1745	7	0.4993	0.586	7.6522	0.1851	1	6.682
W03	2599.5745	2513.1745	7	0.4993	0.586	7.6522	0.1851	1	6.682
W03	2600.5745	2514.1745	7	0.4993	0.586		0.1851	1	6.682
W03	2601.5745	2515.1745	7	0.1638	0.1678	18.4553	0.2555	1	761.7537
W03	2602.5745	2516.1745		0.1638	0.1678	18.4553	0.2555	1	761.7537
W03	2603.5745	2517.1745	7	0.1638	0.1678	18.4553	0.2555	1	761.7537
W03	2604.5745	2518.1745	7	0.1638	0.1678	18.4553	0.2555	1	761.7537
W03	2605.5745	2519.1745		0.1638	0.1678	18.4553		1	761.7537
W03	2606.5745	2520.1745	7	0.1394	0.1648	23.3671	0.2616	1	837.1906
W03	2607.5745	2521.1745	7	0.1394	0.1648	23.3671	0.2616	1	837.1906
W03	2608.5745	2522.1745	7	0.1394	0.1648	23.3671	0.2616	1	837.1906
W03	2609.5745	2523.1745	7	0.1394	0.1648	23.3671	0.2616	1	837.1906
W03	2610.5745	2524.1745	7	0.1394	0.1648	23.3671	0.2616	1	837.1906
W03	2611.5745	2525.1745	7	0.3218	0.3519	10.0522	0.1824	1	43.4453
W03	2612.5745	2526.1745	7	0.3218	0.3519	10.0522	0.1824	1	43.4453
W03	2613.5745	2527.1745	7	0.3218	0.3519	10.0522	0.1824	1	43.4453
W03	2614.5745	2528.1745	7	0.3218	0.3519	10.0522	0.1824	1	43.4453
W03	2615.5745	2529.1745	7	0.3218	0.3519	10.0522	0.1824	1	43.4453
W03	2616.5745	2530.1745	7	0.5214	0.982	7.3965		0	0.6102
W03	2617.5745	2531.1745	7	0.5214	0.982	7.3965	0.1514	0	0.6102
W03	2618.5745	2532.1745	7	0.5214	0.982	7.3965	0.1514	0	0.6102
W03	2619.5745	2533.1745	7	0.5214	0.982	7.3965	0.1514	0	0.6102
W03	2620.5745	2534.1745	7	0.5214	0.982	7.3965	0.1514	0	0.6102
W03	2621.5745	2535.1745	7	0.6159	1	6.3963	0.1398	0	0.4716
W03	2622.5745	2536.1745	7	0.6159	1	6.3963	0.1398	0	0.4716
W03	2623.5745	2537.1745	7	0.6159	1	6.3963	0.1398	0	0.4716
W03	2624.5745	2538.1745	7	0.6159	1	6.3963	0.1398	0	0.4716
W03	2625.5745	2539.1745	7	0.6159	1	6.3963	0.1398	0	0.4716
W03	2626.5745	2540.1745	7	0.4272	1	8.5488	0.1391	0	0.4648
W03	2627.5745	2541.1745	7	0.4272	1		0.1391	0	0.4648
W03	2628.5745	2542.1745	7	0.4272	1	8.5488	0.1391	0	0.4648
W03	2629.5745	2543.1745	7	0.4272	1	8.5488	0.1391	0	0.4648
W03	2630.5745	2544.1745	7	0.4272	1	8.5488	0.1391	0	0.4648
W03	2631.5745	2545.1745	7	0.6128	1	6.4266	0.1364	0	0.4362
W03	2632.5745	2546.1745			1	6.4266	0.1364	0	0.4362
W03	2633.5745	2547.1745	7	0.6128	1		0.1364	0	0.4362
W03	2634.5745	2548.1745	7		1	6.4266	0.1364	0	0.4362
W03	2635.5745	2549.1745	7	0.6128	1	6.4266	0.1364	0	0.4362
W03	2636.5745	2550.1745	7	0.5837	1	6.7211	0.1419	0	0.4956
W03	2637.5745	2551.1745	7	0.5837	1	6.7211	0.1419	0	0.4956
W03	2638.5745	2552.1745	7	0.5837	1	6.7211	0.1419	0	0.4956
W03	2639.5745	2553.1745	7	0.5837	1	6.7211	0.1419	0	0.4956
W03	2640.5745	2554.1745	7	0.5837	1	6.7211	0.1419	0	0.4956
W03	2641.5745	2555.1745	7	0.6386	1	6.1765	0.1388	0	0.4612
W03	2642.5745	2556.1745	7	0.6386	1	6.1765	0.1388	0	0.4612
W03	2643.5745	2557.1745	7	0.6386		6.1765	0.1388	0	0.4612
W03	2644.5745	2558.1745	7	0.6386	1	6.1765	0.1388	0	0.4612
W03	2645.5745	2559.1745	7	0.6386	1	6.1765	0.1388	0	0.4612
W03	2646.5745	2560.1745	7	0.6663		5.9194	0.1195	0	0.2847
W03	2647.5745	2561.1745	7	0.6663	1	5.9194	0.1195	0	0.2847
W03	2648.5745	2562.1745	7	0.6663	1	5.9194	0.1195	0	0.2847
W03	2649.5745	2563.1745	7	0.6663	1	5.9194	0.1195	0	0.2847
W03	2650.5745	2564.1745	7	0.6663	1	5.9194	0.1195	0	0.2847
W03	2651.5745	2565.1745	7		1	5.6368	0.132	0	0.3917
W03	2652.5745	2566.1745	7	0.6981	1	5.6368	0.132	0	0.3917
W03	2653.5745	2567.1745	7	0.6981	1	5.6368	0.132	0	0.3917
W03	2654.5745	2568.1745	7	0.6981	1	5.6368	0.132	0	0.3917
W03	2655.5745	2569.1745	7	0.6981	1	5.6368	0.132	0	0.3917
W03	2656.5745	2570.1745	7	0.6768	1	5.8245	0.1374	0	0.4464
W03	2657.5745	2571.1745	7	0.6768	1	5.8245	0.1374	0	0.4464
W03	2658.5745	2572.1745	7	0.6768	1	5.8245	0.1374	0	
W03	2659.5745	2573.1745	7	0.6768	1	5.8245	0.1374	0	0.4464
W03	2660.5745	2574.1745	7	0.6768	1	5.8245	0.1374	0	0.4464
W03	2661.5745	2575.1745	7	0.6768		5.8245	0.1374	0	0.4464
W03	2662.5745	2576.1745	7	0.8162	1		0.1385	0	0.4582
W03	2663.5745	2577.1745	7	0.8162		4.7007	0.1385	0	0.4582
W03	2664.5745	2578.1745	7	0.8162	1		0.1385	0	0.4582
W03	2665.5745	2579.1745	7	0.6422	1	6.1423	0.1269	0	0.3449
W03	2666.5745	2580.1745	7	0.6422		6.1423	0.1269	0	
W03	2667.5745	2581.1745	7		1	6.1423	0.1269	0	
W03	2668.5745	2582.1745	9		0.6249	8.8837	0.1765	1	5.6151
W03	2669.5745	2583.1745	9	0.4022	0.6249	8.8837	0.1765	1	5.6151
W03	2670.5745	2584.1745	9	0.4022	0.6249	8.8837	0.1765	1	5.6151
W03	2671.5745	2585.1745	9	0.4022	0.6249	8.8837	0.1765	1	5.6151
W03	2672.5745	2586.1745	9	0.4022	0.6249	8.8837	0.1765	1	5.6151
W03	2673.5745	2587.1745	9	0.4376	0.6333	8.4127	0.1738	1	5.3021
W03	2674.5745	2588.1745	9	0.4376	0.6333	8.4127	0.1738	1	5.3021
W03	2675.5745	2589.1745	9	0.4376	0.6333	8.4127	0.1738	1	5.3021
W03	2676.5745	2590.1745		0.4376	0.6333	8.4127	0.1738	1	5.3021
W03	2677.5745	2591.1745	9	0.4376	0.6333	8.4127	0.1738	1	5.3021
W03	2678.5745	2592.1745	9	0.5952	0.9734	6.6034	0.1558	0	0.6702
W03	2679.5745	2593.1745	9	0.5952	0.9734	6.6034	0.1558	0	
W03	2680.5745	2594.1745	9	0.5952	0.9734	6.6034		0	0.6702
W03	2681.5745	2595.1745	9	0.5952	0.9734	6.6034	0.1558	0	0.6702
W03	2682.5745	2596.1745	9	0.5952	0.9734	6.6034	0.1558	0	0.6702
W03	2683.5745	2597.1745	9	0.5527	0.6551	7.0491	0.1666	1	4.5491
W03	2684.5745	2598.1745	9	0.5527		7.0491		1	4.5491
W03	2685.5745	2599.1745		0.5527	0.6551	7.0491	0.1666	1	4.5491
W03	2686.5745	2600.1745	9	0.5527	0.6551	7.0491	0.1666	1	4.5491
W03	2687.5745	2601.1745	9	0.5527	0.6551	7.0491	0.1666	1	4.5491
W03	2688.5745	2602.1745	9	0.6562	0.9987	6.012	0.1455	0	0.5374
W03	2689.5745	2603.1745	9	0.6562	0.9987	6.012	0.1455	0	0.5374
W03	2690.5745	2604.1745	9	0.6562	0.9987	6.012		0	0.5374
W03	2691.5745	2605.1745	9	0.6562	0.9987	6.012	0.1455	0	0.5374
W03	2692.5745	2606.1745	9	0.6562	0.9987	6.012	0.1455	0	0.5374
W03	2693.5745	2607.1745	9	0.6814	0.9549	5.7838	0.1645	0	0.798
W03	2694.5745	2608.1745	9	0.6814	0.9549	5.7838	0.1645	0	0.798
W03	2695.5745	2609.1745	9	0.6814	0.9549	5.7838	0.1645	0	0.798
W03	2696.5745	2610.1745	9	0.6814	0.9549	5.7838		0	0.798
W03	2697.5745	2611.1745	9	0.6814	0.9549	5.7838	0.1645	0	0.798
W03	2698.5745	2612.1745	9	0.5799	0.9864	6.7603	0.1509	0	0.6039
W03	2699.5745	2613.1745	9	0.5799	0.9864		0.1509	0	0.6039
W03	2700.5745	2614.1745	9	0.5799	0.9864	6.7603	0.1509	0	0.6039
W03	2701.5745	2615.1745	9	0.5799	0.9864	6.7603	0.1509	0	0.6039
W03	2702.5745	2616.1745	9		0.9864	6.7603	0.1509	0	0.6039
W03	2703.5745	2617.1745	9		0.5823	8.6754	0.2036	1	9.4504
W03	2704.5745	2618.1745	9	0.4176	0.5823	8.6754	0.2036	1	9.4504
W03	2705.5745	2619.1745	9	0.4176	0.5823	8.6754	0.2036	1	9.4504
W03	2706.5745	2620.1745	9	0.4176	0.5823	8.6754	0.2036	1	9.4504
W03	2707.5745	2621.1745	9	0.4176	0.5823	8.6754	0.2036	1	9.4504
W03	2708.5745	2622.1745	9	0.4307	0.6445	8.5029	0.1758	1	5.5336
W03	2709.5745	2623.1745	9	0.4307	0.6445	8.5029	0.1758	1	5.5336
W03	2710.5745	2624.1745	9	0.4307	0.6445	8.5029	0.1758	1	5.5336
W03	2711.5745	2625.1745	9	0.4307	0.6445	8.5029		1	5.5336
W03	2712.5745	2626.1745		0.4307	0.6445	8.5029	0.1758	1	5.5336
W03	2713.5745	2627.1745	9	0.3527	0.3689	9.5858	0.1889	1	49.8438
W03	2714.5745	2628.1745	9	0.3527	0.3689		0.1889	1	49.8438
W03	2715.5745	2629.1745	9	0.3527	0.3689	9.5858	0.1889	1	49.8438
W03	2716.5745	2630.1745	9	0.3527	0.3689	9.5858	0.1889	1	49.8438
W03	2717.5745	2631.1745	9	0.3527	0.3689	9.5858		1	49.8438
W03	2718.5745	2632.1745	9	0.5105	0.9986	7.521	0.1457	0	0.5392
W03	2719.5745	2633.1745	9	0.5105	0.9986	7.521	0.1457	0	0.5392
W03	2720.5745	2634.1745	9	0.5105	0.9986	7.521	0.1457	0	0.5392
W03	2721.5745	2635.1745	9	0.5105	0.9986	7.521	0.1457	0	0.5392
W03	2722.5745	2636.1745	9	0.5105	0.9986	7.521	0.1457	0	0.5392
W03	2723.5745	2637.1745	9	0.5819	1		0.138	0	0.4526
W03	2724.5745	2638.1745	9	0.5819	1	6.7398	0.138	0	0.4526
W03	2725.5745	2639.1745	9	0.5819	1	6.7398		0	0.4526
W03	2726.5745	2640.1745		0.5819	1	6.7398		0	0.4526
W03	2727.5745	2641.1745	9	0.5819	1	6.7398	0.138	0	0.4526
W03	2728.5745	2642.1745		0.6425	1	6.1394	0.1393	0	0.4668
W03	2729.5745	2643.1745	9	0.6425	1	6.1394	0.1393	0	0.4668
W03	2730.5745	2644.1745	9	0.6425	1	6.1394	0.1393	0	0.4668
W03	2731.5745	2645.1745	9	0.6425	1	6.1394	0.1393	0	0.4668
W03	2732.5745	2646.1745	9		1	6.1394	0.1393	0	0.4668
W03	2733.5745	2647.1745	9	0.7208	0.9987	5.4435	0.1457	0	0.5395
W03	2734.5745	2648.1745	9	0.7208	0.9987	5.4435	0.1457	0	0.5395
W03	2735.5745	2649.1745	9	0.7208	0.9987	5.4435	0.1457	0	0.5395
W03	2736.5745	2650.1745	9	0.7208	0.9987	5.4435	0.1457	0	0.5395
W03	2737.5745	2651.1745	9	0.7208	0.9987	5.4435	0.1457	0	0.5395
W03	2738.5745	2652.1745	9	0.4673	0.9602	8.0378	0.1664	0	0.8286
W03	2739.5745	2653.1745	9	0.4673	0.9602	8.0378	0.1664	0	0.8286
W03	2740.5745	2654.1745		0.4673	0.9602	8.0378	0.1664	0	0.8286
W03	2741.5745	2655.1745	9	0.4673	0.9602	8.0378	0.1664	0	0.8286
W03	2742.5745	2656.1745	9	0.4673	0.9602	8.0378	0.1664	0	0.8286
W03	2743.5745	2657.1745	9	0.3069	0.6398	10.2851	0.1885	1	7.1438
W03	2744.5745	2658.1745	9	0.3069	0.6398	10.2851	0.1885	1	7.1438
W03	2745.5745	2659.1745	9		0.6398	10.2851	0.1885	1	7.1438
W03	2746.5745	2660.1745	9	0.3069	0.6398	10.2851	0.1885	1	7.1438
W03	2747.5745	2661.1745	9	0.3069	0.6398	10.2851	0.1885	1	7.1438
W03	2748.5745	2662.1745	9		0.3503	9.9671	0.2146	1	
W03	2749.5745	2663.1745	9	0.3274	0.3503	9.9671	0.2146	1	81.7231
W03	2750.5745	2664.1745	9	0.3274	0.3503	9.9671	0.2146	1	81.7231
W03	2751.5745	2665.1745	9	0.3274	0.3503		0.2146	1	81.7231
W03	2752.5745	2666.1745	9	0.3274	0.3503	9.9671	0.2146	1	81.7231
W03	2753.5745	2667.1745	9	0.3761	0.6568	9.2477		1	6.68
W03	2754.5745	2668.1745	9	0.3761	0.6568	9.2477	0.1851	1	6.68
W03	2755.5745	2669.1745	9	0.3761	0.6568	9.2477	0.1851	1	6.68
W03	2756.5745	2670.1745	9	0.3761	0.6568	9.2477	0.1851	1	6.68
W03	2757.5745	2671.1745	9	0.3761	0.6568	9.2477	0.1851	1	6.68
W03	2758.5745	2672.1745	9	0.4721	0.7278	7.9788	0.1584	1	3.7827
W03	2759.5745	2673.1745	9	0.4721	0.7278		0.1584	1	3.7827
W03	2760.5745	2674.1745		0.4721	0.7278	7.9788		1	3.7827
W03	2761.5745	2675.1745	9	0.4721	0.7278	7.9788	0.1584	1	3.7827
W03	2762.5745	2676.1745	9			7.9788	0.1584	1	3.7827
W03	2763.5745	2677.1745	9	0.5598	1	6.9725	0.1383	0	0.4563
W03	2764.5745	2678.1745	9	0.5598	1	6.9725	0.1383	0	0.4563
W03	2765.5745	2679.1745	9	0.5598	1	6.9725	0.1383	0	0.4563
W03	2766.5745	2680.1745	9	0.5598	1	6.9725	0.1383	0	0.4563
W03	2767.5745	2681.1745	9	0.5598	1	6.9725	0.1383	0	0.4563
W03	2768.5745	2682.1745		0.5847	1	6.7104	0.1334	0	0.4061
W03	2769.5745	2683.1745	9	0.5847	1		0.1334	0	0.4061
W03	2770.5745	2684.1745	9	0.5847	1	6.7104		0	0.4061
W03	2771.5745	2685.1745	9	0.5847	1	6.7104	0.1334	0	0.4061
W03	2772.5745	2686.1745	9	0.5847	1	6.7104	0.1334	0	0.4061
W03	2773.5745	2687.1745	9	0.8044	1	4.7872	0.1446	0	0.5266
W03	2774.5745	2688.1745	9		1	4.7872	0.1446	0	0.5266
W03	2775.5745	2689.1745	9	0.8044	1	4.7872	0.1446	0	0.5266
W03	2776.5745	2690.1745	9	0.8044	1	4.7872	0.1446	0	0.5266
W03	2777.5745	2691.1745	9	0.8044	1	4.7872	0.1446	0	0.5266
W03	2778.5745	2692.1745	9	0.7401	1	5.2843	0.1398	0	0.4724
W03	2779.5745	2693.1745	9	0.7401	1	5.2843	0.1398	0	0.4724
W03	2780.5745	2694.1745	9		1	5.2843	0.1398	0	0.4724
W03	2781.5745	2695.1745	9	0.7401	1	5.2843	0.1398	0	
W03	2782.5745	2696.1745	9	0.7401	1	5.2843	0.1398	0	
W03	2783.5745	2697.1745	9	0.6654	1	5.9276	0.1322	0	0.3942
W03	2784.5745	2698.1745	9	0.6654	1	5.9276	0.1322	0	0.3942
W03	2785.5745	2699.1745	10	0.8152	0.9877		0.159	0	0.7154
W03	2786.5745	2700.1745	10	0.8152	0.9877	4.7081	0.159	0	0.7154
W03	2787.5745	2701.1745	10	0.8152	0.9877	4.7081	0.159	0	0.7154
W03	2788.5745	2702.1745	10	0.8152	0.9877	4.7081	0.159	0	0.7154
W03	2789.5745	2703.1745	10	0.8152	0.9877	4.7081	0.159	0	0.7154
W03	2790.5745	2704.1745	10	0.7781	0.9981	4.9846	0.1485	0	0.5734
W03	2791.5745	2705.1745	10	0.7781	0.9981	4.9846	0.1485	0	0.5734
W03	2792.5745	2706.1745	10	0.7781	0.9981	4.9846	0.1485	0	0.5734
W03	2793.5745	2707.1745	10	0.7781	0.9981	4.9846	0.1485	0	0.5734
W03	2794.5745	2708.1745	10	0.7781	0.9981	4.9846	0.1485	0	0.5734
W03	2795.5745	2709.1745		0.7218	1	5.4351	0.1276	0	0.3512
W03	2796.5745	2710.1745	10	0.7218	1	5.4351	0.1276	0	0.3512
W03	2797.5745	2711.1745	10	0.7218		5.4351	0.1276	0	0.3512
W03	2798.5745	2712.1745	10	0.7218	1	5.4351	0.1276	0	0.3512
W03	2799.5745	2713.1745	10		1	5.4351	0.1276	0	0.3512
W03	2800.5745	2714.1745	10	0.7517	1	5.191	0.1307	0	
W03	2801.5745	2715.1745	10	0.7517	1	5.191	0.1307	0	
W03	2802.5745	2716.1745	10	0.7517	1	5.191	0.1307	0	0.3795
W03	2803.5745	2717.1745	10	0.7517	1	5.191	0.1307	0	
W03	2804.5745	2718.1745	10	0.7517	1	5.191	0.1307	0	
W03	2805.5745	2719.1745	10	0.7452	1	5.2429	0.1441	0	0.5202
W03	2806.5745	2720.1745	10	0.7452	1	5.2429	0.1441	0	0.5202
W03	2807.5745	2721.1745	10	0.7452	1	5.2429	0.1441	0	0.5202
W03	2808.5745	2722.1745	10	0.7452	1	5.2429	0.1441	0	0.5202
W03	2809.5745	2723.1745	10	0.7452	1	5.2429	0.1441	0	0.5202
W03	2810.5745	2724.1745	10	0.7953	1	4.8542	0.1351	0	0.4226
W03	2811.5745	2725.1745	10	0.7953	1	4.8542		0	
W03	2812.5745	2726.1745		0.7953	1	4.8542	0.1351	0	0.4226
W03	2813.5745	2727.1745	10	0.7953	1	4.8542	0.1351	0	0.4226
W03	2814.5745	2728.1745	10	0.7953	1	4.8542	0.1351	0	0.4226
W03	2815.5745	2729.1745	10	0.8316	1	4.5911	0.1319	0	0.3911
W03	2816.5745	2730.1745	10	0.8316	1	4.5911	0.1319	0	0.3911
W03	2817.5745	2731.1745	10	0.8316	1	4.5911	0.1319	0	0.3911
W03	2818.5745	2732.1745	10	0.8316	1	4.5911	0.1319	0	0.3911
W03	2819.5745	2733.1745	10	0.8316	1	4.5911	0.1319	0	0.3911
W03	2820.5745	2734.1745	10	0.8266	1	4.6265	0.1325	0	0.3968
W03	2821.5745	2735.1745	10	0.8266	1	4.6265	0.1325	0	0.3968
W03	2822.5745	2736.1745	10	0.8266	1	4.6265	0.1325	0	0.3968
W03	2823.5745	2737.1745	10		1	4.6265	0.1325	0	0.3968
W03	2824.5745	2738.1745	10	0.8266	1	4.6265	0.1325	0	0.3968
W03	2825.5745	2739.1745	10	0.8097	1	4.7478	0.1367	0	0.439
W03	2826.5745	2740.1745	10	0.8097	1	4.7478	0.1367	0	0.439
W03	2827.5745	2741.1745	10	0.8097	1		0.1367	0	0.439
W03	2828.5745	2742.1745	10	0.8097	1	4.7478	0.1367	0	0.439
W03	2829.5745	2743.1745	10	0.8097	1	4.7478	0.1367	0	0.439
W03	2830.5745	2744.1745	10	0.7467	1	5.2311	0.1275	0	0.3502
W03	2831.5745	2745.1745	10	0.7467	1	5.2311	0.1275	0	0.3502
W03	2832.5745	2746.1745	10	0.7467	1	5.2311	0.1275	0	0.3502
W03	2833.5745	2747.1745		0.7467	1	5.2311		0	0.3502
W03	2834.5745	2748.1745	10	0.7467	1	5.2311	0.1275	0	0.3502
W03	2835.5745	2749.1745	10	0.6637	1	5.9428	0.153	0	0.6319
W03	2836.5745	2750.1745	10	0.6637	1	5.9428		0	0.6319
W03	2837.5745	2751.1745	10	0.6637	1	5.9428	0.153	0	0.6319
W03	2838.5745	2752.1745	10	0.6637	1	5.9428	0.153	0	0.6319
W03	2839.5745	2753.1745	10	0.6637	1	5.9428	0.153	0	0.6319
W03	2840.5745	2754.1745	10	0.66	1	5.9769	0.1402	0	0.4763
W03	2841.5745	2755.1745	10	0.66	1	5.9769	0.1402	0	0.4763
W03	2842.5745	2756.1745	10	0.66	1	5.9769	0.1402	0	0.4763
W03	2843.5745	2757.1745	10	0.66	1	5.9769	0.1402	0	0.4763
W03	2844.5745	2758.1745	10	0.66	1	5.9769	0.1402	0	0.4763
W03	2845.5745	2759.1745	10	0.6371	1	6.1909	0.1317	0	0.3892
W03	2846.5745	2760.1745	10	0.6371		6.1909	0.1317	0	0.3892
W03	2847.5745	2761.1745	10	0.6371	1	6.1909	0.1317	0	
W03	2848.5745	2762.1745	10	0.6371	1	6.1909	0.1317	0	0.3892
W03	2849.5745	2763.1745	10	0.6371	1	6.1909	0.1317	0	0.3892
W03	2850.5745	2764.1745	10	0.6633	1	5.947	0.1295	0	0.3688
W03	2851.5745	2765.1745	10	0.6633	1	5.947	0.1295	0	0.3688
W03	2852.5745	2766.1745	10	0.6633	1	5.947	0.1295	0	0.3688
W03	2853.5745	2767.1745	10	0.6633	1		0.1295	0	0.3688
W03	2854.5745	2768.1745	10	0.6633		5.947		0	0.3688
W03	2855.5745	2769.1745	10	0.7997	1	4.8218	0.145	0	0.5305
W03	2856.5745	2770.1745	10	0.7997	1	4.8218	0.145	0	0.5305
W03	2857.5745	2771.1745	10	0.7997	1	4.8218	0.145	0	0.5305
W03	2858.5745	2772.1745	10	0.7997	1	4.8218	0.145	0	0.5305
W03	2859.5745	2773.1745	10	0.7997		4.8218	0.145	0	
W03	2860.5745	2774.1745	10	0.8167	1	4.6974	0.1432	0	0.5095
W03	2861.5745	2775.1745	10	0.8167	1	4.6974	0.1432	0	0.5095
W03	2862.5745	2776.1745	10	0.8167		4.6974		0	0.5095
W03	2863.5745	2777.1745	10	0.8167	1	4.6974	0.1432	0	0.5095
W03	2864.5745	2778.1745	10	0.8167	1	4.6974		0	0.5095
W03	2865.5745	2779.1745		0.8102	1	4.7444	0.1327	0	0.3984
W03	2866.5745	2780.1745	10	0.8102			0.1327	0	0.3984
W03	2867.5745	2781.1745	10	0.8102	1	4.7444	0.1327	0	0.3984
W03	2868.5745	2782.1745	10	0.8102	1	4.7444	0.1327	0	
W03	2869.5745	2783.1745	10	0.8102	1	4.7444	0.1327	0	0.3984
W03	2870.5745	2784.1745	10	0.8252	1	4.6366	0.1378	0	0.4509
W03	2871.5745	2785.1745	10	0.8252	1	4.6366	0.1378	0	0.4509
W03	2872.5745	2786.1745	10	0.8252	1	4.6366	0.1378	0	0.4509
W03	2873.5745	2787.1745	10	0.8252	1	4.6366	0.1378	0	0.4509
W03	2874.5745	2788.1745	10	0.8252	1	4.6366	0.1378	0	0.4509
W03	2875.5745	2789.1745	10	0.8031		4.7963	0.1424	0	0.5015
W03	2876.5745	2790.1745	10	0.8031	1	4.7963	0.1424	0	0.5015
W03	2877.5745	2791.1745	10		1	4.7963	0.1424	0	0.5015
W03	2878.5745	2792.1745	10	0.8031	1	4.7963	0.1424	0	0.5015
W03	2879.5745	2793.1745	10	0.8031	1	4.7963	0.1424	0	
W03	2880.5745	2794.1745	10	0.7865	1	4.9204	0.1363	0	0.4347
W03	2881.5745	2795.1745	10		1	4.9204	0.1363	0	0.4347
W03	2882.5745	2796.1745	10	0.7865	1	4.9204	0.1363	0	0.4347
W03	2883.5745	2797.1745	10	0.7865	1	4.9204	0.1363	0	0.4347
W03	2884.5745	2798.1745	10	0.7865	1	4.9204	0.1363	0	0.4347
W03	2885.5745	2799.1745	10	0.8109	1	4.7395	0.1312	0	0.3849
W03	2886.5745	2800.1745	10	0.8109	1	4.7395	0.1312	0	0.3849
W03	2887.5745	2801.1745	10		1	4.7395	0.1312	0	0.3849
W03	2888.5745	2802.1745	10	0.8109	1	4.7395		0	0.3849
W03	2889.5745	2803.1745	10	0.8109	1	4.7395	0.1312	0	0.3849
W03	2890.5745	2804.1745	10	0.8107	1	4.7408	0.1322	0	
W03	2891.5745	2805.1745	10	0.8107	1	4.7408	0.1322	0	0.3942
W03	2892.5745	2806.1745	10	0.8107	1	4.7408	0.1322	0	0.3942
W03	2893.5745	2807.1745	10	0.8107	1	4.7408	0.1322	0	0.3942
W03	2894.5745	2808.1745	10	0.8107	1	4.7408	0.1322	0	0.3942
W03	2895.5745	2809.1745	10	0.735	1	5.3263	0.1327	0	0.399
W03	2896.5745	2810.1745	10	0.735	1	5.3263	0.1327	0	0.399
W03	2897.5745	2811.1745	10	0.6484	1	6.0841	0.1349	0	0.4202
W03	2898.5745	2812.1745	11	0.7152	1	5.4906	0.1419	0	0.4952
W03	2899.5745	2813.1745	11	0.7152	1	5.4906	0.1419	0	0.4952
W03	2900.5745	2814.1745	11	0.7152		5.4906	0.1419	0	0.4952
W03	2901.5745	2815.1745	11	0.7152	1	5.4906	0.1419	0	0.4952
W03	2902.5745	2816.1745	11	0.7152	1	5.4906	0.1419	0	0.4952
W03	2903.5745	2817.1745	11	0.7893	1	4.8991	0.146	0	0.5428
W03	2904.5745	2818.1745	11	0.7893	1		0.146	0	
W03	2905.5745	2819.1745	11	0.7893	1	4.8991	0.146	0	0.5428
W03	2906.5745	2820.1745	11		1	4.8991	0.146	0	0.5428
W03	2907.5745	2821.1745	11	0.7893	1	4.8991	0.146	0	0.5428
W03	2908.5745	2822.1745	11	0.7438	1	5.2543	0.1421	0	0.4978
W03	2909.5745	2823.1745	11	0.7438	1	5.2543	0.1421	0	0.4978
W03	2910.5745	2824.1745	11	0.7438	1	5.2543	0.1421	0	0.4978
W03	2911.5745	2825.1745	11	0.7438	1	5.2543	0.1421	0	0.4978
W03	2912.5745	2826.1745	11	0.7438	1	5.2543	0.1421	0	0.4978
W03	2913.5745	2827.1745	11	0.7483	1	5.2182	0.1396	0	0.47
W03	2914.5745	2828.1745	11	0.7483	1	5.2182	0.1396	0	0.47
W03	2915.5745	2829.1745	11	0.7483	1	5.2182	0.1396	0	0.47
W03	2916.5745	2830.1745	11	0.7483	1	5.2182	0.1396	0	0.47
W03	2917.5745	2831.1745	11	0.7483	1	5.2182	0.1396	0	0.47
W03	2918.5745	2832.1745	11	0.7643	1	5.0912	0.1339	0	0.4111
W03	2919.5745	2833.1745	11	0.7643	1	5.0912	0.1339	0	0.4111
W03	2920.5745	2834.1745	11	0.7643	1	5.0912	0.1339	0	0.4111
W03	2921.5745	2835.1745	11	0.7643	1	5.0912	0.1339	0	0.4111
W03	2922.5745	2836.1745	11	0.7643		5.0912	0.1339	0	0.4111
W03	2923.5745	2837.1745		0.696	1	5.6551	0.1343	0	0.4145
W03	2924.5745	2838.1745	11	0.696	1	5.6551	0.1343	0	0.4145
W03	2925.5745	2839.1745	11	0.696	1	5.6551	0.1343	0	0.4145
W03	2926.5745	2840.1745	11			5.6551	0.1343	0	0.4145
W03	2927.5745	2841.1745	11	0.696	1	5.6551		0	0.4145
W03	2928.5745	2842.1745	11	0.6948	1	5.6656	0.1299	0	0.3721
W03	2929.5745	2843.1745	11	0.6948		5.6656	0.1299	0	
W03	2930.5745	2844.1745	11	0.6948	1	5.6656	0.1299	0	0.3721
W03	2931.5745	2845.1745	11	0.6948	1	5.6656	0.1299	0	0.3721
W03	2932.5745	2846.1745	11	0.6948	1	5.6656	0.1299	0	0.3721
W03	2933.5745	2847.1745		0.6933	1	5.6785	0.136	0	0.4323
W03	2934.5745	2848.1745	11	0.6933	1	5.6785	0.136	0	0.4323
W03	2935.5745	2849.1745	11	0.6933	1	5.6785	0.136	0	0.4323
W03	2936.5745	2850.1745	11	0.6933	1	5.6785	0.136	0	0.4323
W03	2937.5745	2851.1745	11	0.6933	1	5.6785	0.136	0	0.4323
W03	2938.5745	2852.1745	11	0.6823	1	5.7751	0.1352	0	0.4232
W03	2939.5745	2853.1745	11	0.6823	1	5.7751	0.1352	0	0.4232
W03	2940.5745	2854.1745	11	0.6823	1	5.7751	0.1352	0	0.4232
W03	2941.5745	2855.1745	11	0.6823	1	5.7751	0.1352	0	0.4232
W03	2942.5745	2856.1745	11	0.6823	1	5.7751	0.1352	0	0.4232
W03	2943.5745	2857.1745	11	0.7328	1	5.3443	0.1329	0	0.4011
W03	2944.5745	2858.1745	11	0.7328	1	5.3443	0.1329	0	0.4011
W03	2945.5745	2859.1745	11		1	5.3443	0.1329	0	0.4011
W03	2946.5745	2860.1745	11	0.7328	1	5.3443	0.1329	0	0.4011
W03	2947.5745	2861.1745	11	0.7328	1	5.3443	0.1329	0	0.4011
W03	2948.5745	2862.1745	11	0.7692	1	5.053	0.1425	0	0.502
W03	2949.5745	2863.1745	11	0.7692	1	5.053	0.1425	0	0.502
W03	2950.5745	2864.1745	11	0.7692	1	5.053	0.1425	0	0.502
W03	2951.5745	2865.1745	11	0.7692	1	5.053	0.1425	0	0.502
W03	2952.5745	2866.1745	11	0.7692	1	5.053	0.1425	0	0.502
W03	2953.5745	2867.1745	11	0.7242	1	5.4152	0.1385	0	0.458
W03	2954.5745	2868.1745	11	0.7242	1	5.4152	0.1385	0	0.458
W03	2955.5745	2869.1745	11	0.7242	1	5.4152	0.1385	0	0.458
W03	2956.5745	2870.1745	11	0.7242	1	5.4152	0.1385	0	0.458
W03	2957.5745	2871.1745	11	0.7242	1	5.4152	0.1385	0	0.458
W03	2958.5745	2872.1745	11	0.7249	1		0.1367	0	0.4389
W03	2959.5745	2873.1745	11	0.7249	1	5.4095	0.1367	0	0.4389
W03	2960.5745	2874.1745	11	0.7249	1	5.4095	0.1367	0	0.4389
W03	2961.5745	2875.1745	11	0.7249	1	5.4095	0.1367	0	0.4389
W03	2962.5745	2876.1745	11	0.7249	1	5.4095	0.1367	0	0.4389
W03	2963.5745	2877.1745	11	0.7161	1	5.4829	0.1367	0	0.4388
W03	2964.5745	2878.1745	11	0.7161	1	5.4829	0.1367	0	0.4388
W03	2965.5745	2879.1745	11	0.7161	1	5.4829	0.1367	0	0.4388
W03	2966.5745	2880.1745	11	0.7161	1		0.1367	0	0.4388
W03	2967.5745	2881.1745	11	0.7161	1	5.4829	0.1367	0	0.4388
W03	2968.5745	2882.1745	11	0.7843	1	4.9371	0.1342	0	0.4132
W03	2969.5745	2883.1745	11	0.7843	1	4.9371	0.1342	0	0.4132
W03	2970.5745	2884.1745	11	0.7843	1	4.9371		0	0.4132
W03	2971.5745	2885.1745	11	0.7843	1	4.9371	0.1342	0	0.4132
W03	2972.5745	2886.1745	11	0.7843	1	4.9371	0.1342	0	0.4132
W03	2973.5745	2887.1745	11	0.8187	1	4.6828	0.1293	0	0.367
W03	2974.5745	2888.1745	11	0.8187	1	4.6828	0.1293	0	0.367
W03	2975.5745	2889.1745	11		1	4.6828	0.1293	0	0.367
W03	2976.5745	2890.1745	11	0.8187	1	4.6828	0.1293	0	0.367
W03	2977.5745	2891.1745	11	0.8187	1	4.6828	0.1293	0	
W03	2978.5745	2892.1745	11	0.7664	1	5.0747	0.1324	0	0.3958
W03	2979.5745	2893.1745	11	0.7664	1	5.0747	0.1324	0	0.3958
W03	2980.5745	2894.1745	11	0.7664		5.0747	0.1324	0	0.3958
W03	2981.5745	2895.1745	11	0.7664		5.0747	0.1324	0	0.3958
W03	2982.5745	2896.1745	11	0.7664	1	5.0747	0.1324	0	0.3958
W03	2983.5745	2897.1745	11	0.7637	1	5.0958	0.1284	0	0.3584
W03	2984.5745	2898.1745	11		1	5.0958	0.1284	0	0.3584
W03	2985.5745	2899.1745	11	0.7637	1	5.0958	0.1284	0	0.3584
W03	2986.5745	2900.1745	11	0.7637	1	5.0958	0.1284	0	0.3584
W03	2987.5745	2901.1745	11	0.7637	1	5.0958	0.1284	0	0.3584
W03	2988.5745	2902.1745	11	0.7918	1	4.8805	0.1235	0	0.3162
W03	2989.5745	2903.1745	11		1	4.8805	0.1235	0	
W03	2990.5745	2904.1745	11	0.7918	1	4.8805	0.1235	0	
W03	2991.5745	2905.1745	11	0.7918	1	4.8805	0.1235	0	0.3162
W03	2992.5745	2906.1745	11	0.7918		4.8805	0.1235	0	0.3162
W03	2993.5745	2907.1745	11	0.7338	1	5.3356	0.1324	0	0.396
W03	2994.5745	2908.1745	11	0.7338	1	5.3356	0.1324	0	0.396
W03	2995.5745	2909.1745	11	0.7338	1	5.3356	0.1324	0	0.396
W03	2996.5745	2910.1745	11	0.7338	1	5.3356	0.1324	0	
W03	2997.5745	2911.1745	11	0.7338		5.3356	0.1324	0	0.396
W03	2998.5745	2912.1745	11	0.6119		6.4351	0.1384	0	0.4567
W03	2999.5745	2913.1745	11	0.6119	1	6.4351	0.1384	0	0.4567
W03	3000.5745	2914.1745		0.6119	1	6.4351	0.1384	0	0.4567
W03	3001.5745	2915.1745	11	0.6119		6.4351	0.1384	0	0.4567
W03	3002.5745	2916.1745	11	0.6119	1	6.4351	0.1384	0	0.4567
W03	3003.5745	2917.1745	11	0.6544	1	6.0288	0.1429	0	0.5072
W03	3004.5745	2918.1745	11	0.6544	1	6.0288	0.1429	0	0.5072
W03	3005.5745	2919.1745	11	0.6544	1	6.0288	0.1429	0	0.5072
W03	3006.5745	2920.1745	11	0.6544	1		0.1429	0	
W03	3007.5745	2921.1745	11	0.6544	1	6.0288	0.1429	0	0.5072
W03	3008.5745	2922.1745	11	0.6515	1	6.0558	0.1346	0	0.4177
W03	3009.5745	2923.1745	11	0.6515	1	6.0558		0	0.4177
W03	3010.5745	2924.1745	11	0.6515	1	6.0558	0.1346	0	0.4177
W03	3011.5745	2925.1745	11	0.6515	1	6.0558	0.1346	0	0.4177
W03	3012.5745	2926.1745	11	0.6515	1	6.0558	0.1346	0	0.4177
W03	3013.5745	2927.1745	11	0.646	1	6.1065		0	0.3694
W03	3014.5745	2928.1745	11	0.646	1	6.1065	0.1296	0	0.3694
W03	3015.5745	2929.1745	11	0.646	1	6.1065	0.1296	0	0.3694
W03	3016.5745	2930.1745	11	0.646	1	6.1065	0.1296	0	0.3694
W03	3017.5745	2931.1745	11	0.646	1	6.1065		0	0.3694
W03	3018.5745	2932.1745	11	0.5978	1	6.5765	0.1325	0	
W03	3019.5745	2933.1745	11	0.5978	1	6.5765		0	0.3967
W03	3020.5745	2934.1745	11	0.5978	1	6.5765	0.1325	0	0.3967
W03	3021.5745	2935.1745	11	0.5978	1	6.5765	0.1325	0	0.3967
W03	3022.5745	2936.1745	11	0.5978	1	6.5765	0.1325	0	0.3967
W03	3023.5745	2937.1745	11	0.6452	1	6.1147	0.1369	0	0.4413
W03	3024.5745	2938.1745	11	0.6452	1	6.1147	0.1369	0	0.4413
W03	3025.5745	2939.1745	11	0.6452	1	6.1147	0.1369	0	0.4413
W03	3026.5745	2940.1745	11	0.6452	1	6.1147	0.1369	0	0.4413
W03	3027.5745	2941.1745		0.6452	1	6.1147	0.1369	0	0.4413
W03	3028.5745	2942.1745	11	0.684	1	5.7603	0.1552	0	0.6616
W03	3029.5745	2943.1745	11	0.684	1	5.7603	0.1552	0	0.6616
W03	3030.5745	2944.1745	11	0.684	1	5.7603	0.1552	0	0.6616
W03	3031.5745	2945.1745	11	0.684	1	5.7603	0.1552	0	0.6616
W03	3032.5745	2946.1745	11	0.684	1		0.1552	0	0.6616
W03	3033.5745	2947.1745	11	0.6962	1		0.1657	0	0.8175
W03	3034.5745	2948.1745	11	0.6962	1	5.6535	0.1657	0	0.8175
W03	3035.5745	2949.1745	11	0.6962	1	5.6535	0.1657	0	0.8175
W03	3036.5745	2950.1745	11	0.6962	1	5.6535	0.1657	0	0.8175
W03	3037.5745	2951.1745	11	0.6962	1	5.6535	0.1657	0	0.8175
W03	3038.5745	2952.1745	11	0.7297	1	5.3697	0.1644	1	4.3371
W03	3039.5745	2953.1745	11	0.7297	1	5.3697	0.1644	1	4.3371
W03	3040.5745	2954.1745	11	0.7297	1	5.3697	0.1644	1	4.3371
W03	3041.5745	2955.1745	11	0.7297	1	5.3697	0.1644	1	4.3371
W03	3042.5745	2956.1745	11	0.7297	1	5.3697	0.1644	1	4.3371
W03	3043.5745	2957.1745	11	0.6692	1	5.8926	0.1672	1	
W03	3044.5745	2958.1745	11	0.6692	1	5.8926	0.1672	1	4.6048
W03	3045.5745	2959.1745	11	0.6692	1	5.8926	0.1672	1	4.6048
W03	3046.5745	2960.1745	11	0.6692	1	5.8926	0.1672	1	4.6048
W03	3047.5745	2961.1745	11	0.6692	1	5.8926	0.1672	1	4.6048
W03	3048.5745	2962.1745	11	0.5644	1	6.9229	0.1489	0	0.579
W03	3049.5745	2963.1745	11	0.5644		6.9229	0.1489	0	0.579
W03	3050.5745	2964.1745	11	0.5644	1	6.9229	0.1489	0	
W03	3051.5745	2965.1745	11		1	6.9229	0.1489	0	0.579
W03	3052.5745	2966.1745	11	0.5644	1	6.9229	0.1489	0	0.579
W03	3053.5745	2967.1745	11	0.7409	1	5.2778	0.1509	0	0.6045
W03	3054.5745	2968.1745	11	0.7409	1	5.2778	0.1509	0	0.6045
W03	3055.5745	2969.1745	11	0.7409	1	5.2778	0.1509	0	0.6045
W03	3056.5745	2970.1745	11	0.7409	1	5.2778	0.1509	0	0.6045
W03	3057.5745	2971.1745	11	0.7409	1	5.2778	0.1509	0	0.6045
W03	3058.5745	2972.1745	11	0.6395	1	6.1678	0.1714	1	5.0409
W03	3059.5745	2973.1745	11	0.6395	1	6.1678	0.1714	1	5.0409
W03	3060.5745	2974.1745	11	0.6395	1	6.1678	0.1714	1	5.0409
W03	3061.5745	2975.1745	11	0.6395	1	6.1678	0.1714	1	
W03	3062.5745	2976.1745	11	0.6395	1	6.1678	0.1714	1	5.0409
W03	3063.5745	2977.1745	11	0.6508	1	6.0621		0	0.5264
W03	3064.5745	2978.1745	11	0.6508	1	6.0621	0.1446	0	0.5264
W03	3065.5745	2979.1745	11	0.6508	1	6.0621	0.1446	0	0.5264
W03	3066.5745	2980.1745	11	0.6508	1	6.0621	0.1446	0	0.5264
W03	3067.5745	2981.1745	11	0.6508	1	6.0621	0.1446	0	0.5264
W03	3068.5745	2982.1745	11	0.7163	1	5.4815	0.1305	0	0.3775
W03	3069.5745	2983.1745	11	0.7163	1	5.4815	0.1305	0	
W03	3070.5745	2984.1745	11	0.7163	1	5.4815	0.1305	0	0.3775
W03	3071.5745	2985.1745	11	0.7163	1	5.4815	0.1305	0	0.3775
W03	3072.5745	2986.1745	11	0.7163	1	5.4815		0	
W03	3073.5745	2987.1745	11	0.7079	1		0.1253	0	0.3319
W03	3074.5745	2988.1745	11	0.7079	1	5.5522	0.1253	0	0.3319
W03	3075.5745	2989.1745	11	0.7079	1		0.1253	0	0.3319
W03	3076.5745	2990.1745	11	0.7079	1	5.5522	0.1253	0	0.3319
W03	3077.5745	2991.1745	11	0.7079	1	5.5522	0.1253	0	0.3319
W03	3078.5745	2992.1745	11	0.6372	1	6.1902	0.1205	0	0.2918
W03	3079.5745	2993.1745	11	0.6372	1	6.1902	0.1205	0	0.2918
W03	3080.5745	2994.1745	11	0.6372	1	6.1902	0.1205	0	0.2918
W03	3081.5745	2995.1745	11	0.6372	1	6.1902	0.1205	0	0.2918
W03	3082.5745	2996.1745	11	0.6372	1	6.1902	0.1205	0	0.2918
W03	3083.5745	2997.1745	11	0.6602	1	5.9752	0.1472	0	0.5576
W03	3084.5745	2998.1745	11	0.6602	1	5.9752	0.1472	0	0.5576
W03	3085.5745	2999.1745	11	0.6602	1	5.9752	0.1472	0	0.5576
W03	3086.5745	3000.1745	11	0.6602	1	5.9752	0.1472	0	0.5576
W03	3087.5745	3001.1745	11	0.6602	1	5.9752	0.1472	0	
W03	3088.5745	3002.1745	11	0.6853	1	5.7489	0.1389	0	0.462
W03	3089.5745	3003.1745	11	0.6853	1	5.7489	0.1389	0	
W03	3090.5745	3004.1745	11	0.6853	1	5.7489	0.1389	0	0.462
W03	3091.5745	3005.1745	11	0.6853	1	5.7489	0.1389	0	
W03	3092.5745	3006.1745	11	0.6853	1	5.7489	0.1389	0	0.462
W03	3093.5745	3007.1745		0.6456	1	6.1104	0.1292	0	0.3657
W03	3094.5745	3008.1745	11	0.6456	1	6.1104	0.1292	0	0.3657
W03	3095.5745	3009.1745	11	0.6456	1	6.1104	0.1292	0	0.3657
W03	3096.5745	3010.1745	11	0.6456	1	6.1104	0.1292	0	0.3657
W03	3097.5745	3011.1745	11	0.6456	1	6.1104	0.1292	0	0.3657
W03	3098.5745	3012.1745	11	0.7053	1	5.575	0.1386	0	0.4595
W03	3099.5745	3013.1745	11	0.7053	1	5.575	0.1386	0	0.4595
W03	3100.5745	3014.1745	11	0.7053	1	5.575	0.1386	0	0.4595
W03	3101.5745	3015.1745	11	0.7053	1	5.575	0.1386	0	0.4595
W03	3102.5745	3016.1745	11	0.7053	1	5.575	0.1386	0	0.4595
W03	3103.5745	3017.1745	11	0.6501	1	6.0684	0.1207	0	0.2936
W03	3104.5745	3018.1745	11	0.6501	1	6.0684	0.1207	0	0.2936
W03	3105.5745	3019.1745	11	0.6501	1	6.0684	0.1207	0	0.2936
W03	3106.5745	3020.1745	11	0.6501	1	6.0684	0.1207	0	0.2936
W03	3107.5745	3021.1745	11	0.6501	1	6.0684	0.1207	0	0.2936
W03	3108.5745	3022.1745	11	0.6473	1		0.1151	0	0.2519
W03	3109.5745	3023.1745	11	0.6473	1	6.0946	0.1151	0	0.2519
W03	3110.5745	3024.1745	11	0.6473	1	6.0946	0.1151	0	0.2519
W03	3111.5745	3025.1745	11	0.6473	1	6.0946		0	
W03	3112.5745	3026.1745	11	0.6473	1	6.0946	0.1151	0	0.2519
W03	3113.5745	3027.1745	11	0.6669	1	5.9133	0.1519	0	0.6176
W03	3114.5745	3028.1745	11	0.6669	1	5.9133	0.1519	0	0.6176
W03	3115.5745	3029.1745	11	0.6669	1	5.9133	0.1519	0	0.6176
W03	3116.5745	3030.1745	11	0.6669		5.9133	0.1519	0	0.6176
W03	3117.5745	3031.1745	11	0.6669	1	5.9133	0.1519	0	0.6176
W03	3118.5745	3032.1745	11	0.6715	1	5.872	0.1353	0	0.4247
W03	3119.5745	3033.1745	11	0.6715	1		0.1353	0	0.4247
W03	3120.5745	3034.1745	11	0.6715	1	5.872	0.1353	0	0.4247
W03	3121.5745	3035.1745	11	0.6715	1	5.872	0.1353	0	0.4247
W03	3122.5745	3036.1745	11	0.6715	1	5.872	0.1353	0	0.4247
W03	3123.5745	3037.1745	11	0.6819	1	5.7791	0.1275	0	0.3507
W03	3124.5745	3038.1745	11	0.6819	1	5.7791	0.1275	0	0.3507
W03	3125.5745	3039.1745	11	0.6819	1	5.7791	0.1275	0	0.3507
W03	3126.5745	3040.1745	11	0.6819	1	5.7791	0.1275	0	0.3507
W03	3127.5745	3041.1745	11	0.6819	1	5.7791	0.1275	0	0.3507
W03	3128.5745	3042.1745	11	0.6599	1	5.9773	0.1213	0	0.2984
W03	3129.5745	3043.1745	11		1	5.9773	0.1213	0	0.2984
W03	3130.5745	3044.1745	11	0.6599	1	5.9773	0.1213	0	0.2984
W03	3131.5745	3045.1745	11	0.6599		5.9773	0.1213	0	0.2984
W03	3132.5745	3046.1745	11	0.6599	1	5.9773	0.1213	0	0.2984
W03	3133.5745	3047.1745	11	0.6976	1	5.6412	0.1239	0	0.3196
W03	3134.5745	3048.1745	11	0.6976	1	5.6412	0.1239	0	0.3196
W03	3135.5745	3049.1745	11	0.6976	1	5.6412		0	0.3196
W03	3136.5745	3050.1745	11	0.6976	1	5.6412	0.1239	0	0.3196
W03	3137.5745	3051.1745	11	0.6976	1	5.6412	0.1239	0	0.3196
W03	3138.5745	3052.1745	11	0.6784	1	5.8101	0.1338	0	0.4095
W03	3139.5745	3053.1745	11	0.6784	1	5.8101	0.1338	0	0.4095
W03	3140.5745	3054.1745	11	0.6784	1	5.8101	0.1338	0	
W03	3141.5745	3055.1745	11	0.6784	1			0	
W03	3142.5745	3056.1745	11	0.6784	1	5.8101	0.1338	0	0.4095
W03	3143.5745	3057.1745	11	0.6801		5.7947	0.1353	0	0.4244
W03	3144.5745	3058.1745	11	0.6801	1	5.7947	0.1353	0	0.4244
W03	3145.5745	3059.1745	11	0.6801	1	5.7947	0.1353	0	
W03	3146.5745	3060.1745	11	0.6801	1	5.7947	0.1353	0	0.4244
W03	3147.5745	3061.1745	11		1	5.7947	0.1353	0	0.4244
W03	3148.5745	3062.1745	11	0.6603	1	5.9741	0.1431	0	0.5086
W03	3149.5745	3063.1745	11	0.6603	1	5.9741	0.1431	0	0.5086
W03	3150.5745	3064.1745	11	0.6603	1	5.9741	0.1431	0	0.5086
W03	3151.5745	3065.1745	11	0.6603	1	5.9741	0.1431	0	0.5086
W03	3152.5745	3066.1745	11	0.6603	1	5.9741	0.1431	0	0.5086
W03	3153.5745	3067.1745	11	0.7047	1	5.5801	0.1304	0	0.3769
W03	3154.5745	3068.1745	11	0.7047	1	5.5801	0.1304	0	0.3769
W03	3155.5745	3069.1745	11	0.7047		5.5801	0.1304	0	0.3769
W03	3156.5745	3070.1745	11	0.7047	1	5.5801	0.1304	0	0.3769
W03	3157.5745	3071.1745	11	0.7047	1	5.5801	0.1304	0	0.3769
W03	3158.5745	3072.1745	11	0.7634	1	5.0985	0.1216	0	0.3007
W03	3159.5745	3073.1745	11	0.7634		5.0985	0.1216	0	0.3007
W03	3160.5745	3074.1745	11	0.7634	1	5.0985	0.1216	0	0.3007
W03	3161.5745	3075.1745	11	0.7634		5.0985	0.1216	0	0.3007
W03	3162.5745	3076.1745	11	0.7634	1	5.0985	0.1216	0	0.3007
W03	3163.5745	3077.1745	11	0.6967	1	5.6493	0.1142	0	0.246
W03	3164.5745	3078.1745	11	0.6967	1	5.6493	0.1142	0	0.246
W03	3165.5745	3079.1745	11	0.6967	1	5.6493	0.1142	0	0.246
W03	3166.5745	3080.1745	11	0.6967	1	5.6493	0.1142	0	0.246
W03	3167.5745	3081.1745	11	0.6967	1	5.6493	0.1142	0	0.246
W03	3168.5745	3082.1745	11	0.7352	1	5.3245	0.1113	0	0.2263
W03	3169.5745	3083.1745	11	0.7352	1	5.3245	0.1113	0	0.2263
W03	3170.5745	3084.1745	11	0.7352		5.3245	0.1113	0	0.2263
W03	3171.5745	3085.1745	11	0.7063	1	5.5658	0.1073	0	0.2007
W03	3172.5745	3086.1745	11	0.7063	1	5.5658	0.1073	0	0.2007
W03	3173.5745	3087.1745	12	0.6683	1	5.901	0.1116	0	0.2283
W03	3174.5745	3088.1745	12	0.6683	1	5.901	0.1116	0	
W03	3175.5745	3089.1745	12	0.6683	1	5.901	0.1116	0	0.2283
W03	3176.5745	3090.1745	12	0.6683	1	5.901	0.1116	0	0.2283
W03	3177.5745	3091.1745	12	0.6683	1	5.901	0.1116	0	0.2283
W03	3178.5745	3092.1745	12	0.6077	1	6.4773	0.1209	0	0.2951
W03	3179.5745	3093.1745	12	0.6077	1	6.4773	0.1209	0	0.2951
W03	3180.5745	3094.1745	12	0.6077	1	6.4773	0.1209	0	0.2951
W03	3181.5745	3095.1745	12	0.6077	1	6.4773	0.1209	0	0.2951
W03	3182.5745	3096.1745	12	0.6077	1	6.4773	0.1209	0	0.2951
W03	3183.5745	3097.1745	12		1	6.5266	0.1071	0	0.1996
W03	3184.5745	3098.1745	12	0.6028	1	6.5266	0.1071	0	0.1996
W03	3185.5745	3099.1745	12	0.6028	1	6.5266	0.1071	0	0.1996
W03	3186.5745	3100.1745	12	0.6028	1	6.5266	0.1071	0	
W03	3187.5745	3101.1745	12	0.6028	1	6.5266	0.1071	0	0.1996
W03	3188.5745	3102.1745	12	0.6663	1	5.9192	0.1167	0	0.2633
W03	3189.5745	3103.1745	12	0.6663		5.9192	0.1167	0	0.2633
W03	3190.5745	3104.1745	12	0.6663	1	5.9192		0	0.2633
W03	3191.5745	3105.1745	12	0.6663	1	5.9192	0.1167	0	0.2633
W03	3192.5745	3106.1745	12	0.6663	1	5.9192	0.1167	0	0.2633
W03	3193.5745	3107.1745	12	0.6795	1		0.1013	0	0.1667
W03	3194.5745	3108.1745	12	0.6795	1	5.7999	0.1013	0	0.1667
W03	3195.5745	3109.1745	12	0.6795	1	5.7999	0.1013	0	0.1667
W03	3196.5745	3110.1745	12	0.6795	1	5.7999	0.1013	0	0.1667
W03	3197.5745	3111.1745	12	0.6795	1	5.7999	0.1013	0	0.1667
W03	3198.5745	3112.1745	12	0.653	1	6.0412	0.114	0	0.2441
W03	3199.5745	3113.1745	12	0.653	1	6.0412	0.114	0	0.2441
W03	3200.5745	3114.1745	12	0.653	1	6.0412		0	0.2441
W03	3201.5745	3115.1745	12	0.653	1	6.0412	0.114	0	0.2441
W03	3202.5745	3116.1745	12	0.653	1	6.0412	0.114	0	
W03	3203.5745	3117.1745	12	0.6829	1	5.7705	0.1082	0	0.2063
W03	3204.5745	3118.1745	12	0.6829	1	5.7705	0.1082	0	0.2063
W03	3205.5745	3119.1745	12	0.6829		5.7705		0	0.2063
W03	3206.5745	3120.1745		0.6829	1	5.7705	0.1082	0	0.2063
W03	3207.5745	3121.1745		0.6829	1	5.7705	0.1082	0	0.2063
W03	3208.5745	3122.1745			1	6.1925	0.0985	0	0.1526
W03	3209.5745	3123.1745	12	0.6369	1		0.0985	0	0.1526
W03	3210.5745	3124.1745	12	0.6369	1	6.1925	0.0985	0	0.1526
W03	3211.5745	3125.1745	12	0.6369	1	6.1925	0.0985	0	0.1526
W03	3212.5745	3126.1745	12	0.6369	1	6.1925	0.0985	0	0.1526
W03	3213.5745	3127.1745		0.602	1	6.5341	0.1052	0	0.1887
W03	3214.5745	3128.1745	12	0.602	1	6.5341	0.1052	0	0.1887
W03	3215.5745	3129.1745	12	0.602	1		0.1052	0	0.1887
W03	3216.5745	3130.1745	12	0.602	1	6.5341	0.1052	0	0.1887
W03	3217.5745	3131.1745	12	0.602	1	6.5341	0.1052	0	0.1887
W03	3218.5745	3132.1745	12	0.6161	1	6.3941	0.1138	0	0.2431
W03	3219.5745	3133.1745	12	0.6161	1	6.3941	0.1138	0	0.2431
W03	3220.5745	3134.1745	12	0.6161	1	6.3941	0.1138	0	0.2431
W03	3221.5745	3135.1745	12	0.6161	1	6.3941	0.1138	0	0.2431
W03	3222.5745	3136.1745	12	0.6161	1	6.3941	0.1138	0	0.2431
W03	3223.5745	3137.1745	12	0.6044	1	6.5103	0.1136	0	0.2418
W03	3224.5745	3138.1745	12	0.6044	1	6.5103	0.1136	0	0.2418
W03	3225.5745	3139.1745	12	0.6044	1	6.5103	0.1136	0	0.2418
W03	3226.5745	3140.1745	12	0.6044	1	6.5103	0.1136	0	0.2418
W03	3227.5745	3141.1745	12	0.6044	1	6.5103	0.1136	0	0.2418
W03	3228.5745	3142.1745	12		1	6.3043	0.1032	0	0.1771
W03	3229.5745	3143.1745	12		1	6.3043	0.1032	0	0.1771
W03	3230.5745	3144.1745	12	0.6253	1	6.3043		0	0.1771
W03	3231.5745	3145.1745	12	0.6253	1	6.3043	0.1032	0	0.1771
W03	3232.5745	3146.1745	12	0.6253	1		0.1032	0	0.1771
W03	3233.5745	3147.1745	12	0.631	1	6.2489	0.1209	0	0.2949
W03	3234.5745	3148.1745		0.631	1	6.2489	0.1209	0	0.2949
W03	3235.5745	3149.1745	12	0.631	1	6.2489	0.1209	0	0.2949
W03	3236.5745	3150.1745		0.631	1	6.2489	0.1209	0	0.2949
W03	3237.5745	3151.1745	12	0.631	1	6.2489	0.1209	0	0.2949
W03	3238.5745	3152.1745	12	0.6551	1	6.0219		0	0.115
W03	3239.5745	3153.1745	12		1	6.0219	0.0903	0	
W03	3240.5745	3154.1745	12	0.6551		6.0219	0.0903	0	0.115
W03	3241.5745	3155.1745	12	0.6551		6.0219		0	0.115
W03	3242.5745	3156.1745	12	0.6551	1	6.0219	0.0903	0	0.115
W03	3243.5745	3157.1745	12	0.6379	1		0.1042	0	0.1825
W03	3244.5745	3158.1745	12		1		0.1042	0	0.1825
W03	3245.5745	3159.1745	12	0.6379	1	6.1834	0.1042	0	0.1825
W03	3246.5745	3160.1745		0.6379	1	6.1834	0.1042	0	0.1825
W03	3247.5745	3161.1745	12	0.6379		6.1834	0.1042	0	0.1825
W03	3248.5745	3162.1745	12	0.6366	1	6.1957	0.1018	0	0.1696
W03	3249.5745	3163.1745	12	0.6366	1	6.1957	0.1018	0	0.1696
W03	3250.5745	3164.1745	12	0.6366	1	6.1957		0	0.1696
W03	3251.5745	3165.1745	12	0.6366	1	6.1957	0.1018	0	0.1696
W03	3252.5745	3166.1745	12	0.6366	1	6.1957	0.1018	0	0.1696
W03	3253.5745	3167.1745	12	0.652	1	6.0511	0.0983	0	0.1512
W03	3254.5745	3168.1745	12	0.652	1	6.0511	0.0983	0	0.1512
W03	3255.5745	3169.1745	12	0.652		6.0511	0.0983	0	
W03	3256.5745	3170.1745	12	0.652	1	6.0511	0.0983	0	0.1512
W03	3257.5745	3171.1745	12	0.652	1	6.0511	0.0983	0	0.1512
W03	3258.5745	3172.1745	12	0.634	1	6.2204	0.1092	0	0.2129
W03	3259.5745	3173.1745	12	0.634	1	6.2204	0.1092	0	0.2129
W03	3260.5745	3174.1745	12	0.634	1	6.2204	0.1092	0	0.2129
W03	3261.5745	3175.1745	12	0.634	1	6.2204	0.1092	0	0.2129
W03	3262.5745	3176.1745	12	0.634	1	6.2204	0.1092	0	0.2129
W03	3263.5745	3177.1745	12	0.6527	1	6.0446	0.0817	0	0.0833
W03	3264.5745	3178.1745	12	0.6527		6.0446	0.0817	0	0.0833
W03	3265.5745	3179.1745	12	0.6527	1	6.0446	0.0817	0	0.0833
W03	3266.5745	3180.1745	12	0.6527	1	6.0446	0.0817	0	0.0833
W03	3267.5745	3181.1745	12	0.6527	1	6.0446	0.0817	0	0.0833
W03	3268.5745	3182.1745	12	0.6194	1	6.3623	0.1042	0	0.183
W03	3269.5745	3183.1745	12	0.6194	1	6.3623	0.1042	0	0.183
W03	3270.5745	3184.1745	12	0.6194	1	6.3623	0.1042	0	0.183
W03	3271.5745	3185.1745	12	0.6194	1	6.3623	0.1042	0	0.183
W03	3272.5745	3186.1745	12	0.6194	1	6.3623	0.1042	0	0.183
W03	3273.5745	3187.1745	12		1	6.4336	0.1043	0	0.1833
W03	3274.5745	3188.1745	12	0.6121	1	6.4336	0.1043	0	0.1833
W03	3275.5745	3189.1745	12	0.6121	1	6.4336	0.1043	0	0.1833
W03	3276.5745	3190.1745	12	0.6121	1		0.1043	0	0.1833
W03	3277.5745	3191.1745	12	0.6121	1	6.4336	0.1043	0	0.1833
W03	3278.5745	3192.1745	12	0.6209	1	6.3471	0.1014	0	0.1675
W03	3279.5745	3193.1745		0.6209	1	6.3471	0.1014	0	0.1675
W03	3280.5745	3194.1745	12	0.6209	1	6.3471	0.1014	0	0.1675
W03	3281.5745	3195.1745	12	0.6209	1	6.3471	0.1014	0	0.1675
W03	3282.5745	3196.1745		0.6209	1	6.3471	0.1014	0	0.1675
W03	3283.5745	3197.1745	12	0.6569	1	6.0054	0.1047	0	0.1856
W03	3284.5745	3198.1745	12	0.6569	1	6.0054	0.1047	0	0.1856
W03	3285.5745	3199.1745	12	0.6569	1	6.0054	0.1047	0	0.1856
W03	3286.5745	3200.1745	12	0.6569	1	6.0054	0.1047	0	0.1856
W03	3287.5745	3201.1745	12	0.6569	1	6.0054	0.1047	0	
W03	3288.5745	3202.1745	12	0.6591	1	5.9847	0.103	0	0.1758
W03	3289.5745	3203.1745	12	0.6591	1	5.9847	0.103	0	0.1758
W03	3290.5745	3204.1745	12	0.6591	1	5.9847	0.103	0	0.1758
W03	3291.5745	3205.1745	12	0.6591	1	5.9847	0.103	0	0.1758
W03	3292.5745	3206.1745	12	0.6591	1	5.9847	0.103	0	0.1758
W03	3293.5745	3207.1745	12	0.6663	1	5.9191	0.103	0	0.1758
W03	3294.5745	3208.1745	12	0.6663	1	5.9191	0.103	0	0.1758
W03	3295.5745	3209.1745	12	0.6663	1	5.9191	0.103	0	0.1758
W03	3296.5745	3210.1745	12	0.6663	1	5.9191	0.103	0	0.1758
W03	3297.5745	3211.1745	12	0.6663	1	5.9191	0.103	0	0.1758
W03	3298.5745	3212.1745	12	0.6181	1	6.3745	0.0967	0	0.1435
W03	3299.5745	3213.1745	12	0.6181	1	6.3745	0.0967	0	0.1435
W03	3300.5745	3214.1745	12		1	6.3745	0.0967	0	0.1435
W03	3301.5745	3215.1745	12	0.6181	1	6.3745	0.0967	0	0.1435
W03	3302.5745	3216.1745		0.6181	1	6.3745	0.0967	0	0.1435
W03	3303.5745	3217.1745	12	0.4943	1	7.7106	0.1369	0	0.4409
W03	3304.5745	3218.1745	12	0.4943	1	7.7106	0.1369	0	0.4409
W03	3305.5745	3219.1745	12		1	7.7106	0.1369	0	0.4409
W03	3306.5745	3220.1745	12	0.4943	1	7.7106	0.1369	0	0.4409
W03	3307.5745	3221.1745	12	0.4943		7.7106	0.1369	0	0.4409
W03	3308.5745	3222.1745	12	0.5686	1	6.8781	0.1164	0	0.2612
W03	3309.5745	3223.1745	12	0.5686	1	6.8781	0.1164	0	0.2612
W03	3310.5745	3224.1745	12	0.5686		6.8781	0.1164	0	0.2612
W03	3311.5745	3225.1745	12	0.5686	1	6.8781	0.1164	0	0.2612
W03	3312.5745	3226.1745	12	0.5686	1		0.1164	0	0.2612
W03	3313.5745	3227.1745	12	0.7114	1	5.5225	0.0906	0	0.1161
W03	3314.5745	3228.1745	12	0.7114	1	5.5225	0.0906	0	0.1161
W03	3315.5745	3229.1745	12		1	5.5225	0.0906	0	0.1161
W03	3316.5745	3230.1745	12	0.7114	1	5.5225	0.0906	0	0.1161
W03	3317.5745	3231.1745	12	0.7114	1	5.5225	0.0906	0	0.1161
W03	3318.5745	3232.1745		0.7028	1	5.5962	0.0957	0	0.139
W03	3319.5745	3233.1745	12	0.7028	1	5.5962	0.0957	0	0.139
W03	3320.5745	3234.1745	12	0.7028	1	5.5962	0.0957	0	0.139
W03	3321.5745	3235.1745	12	0.7028	1	5.5962	0.0957	0	0.139
W03	3322.5745	3236.1745	12	0.7028	1	5.5962	0.0957	0	0.139
W03	3323.5745	3237.1745	12	0.6488	1	6.0803	0.087	0	0.1022
W03	3324.5745	3238.1745	12	0.6488	1	6.0803	0.087	0	
W03	3325.5745	3239.1745	12	0.6488	1	6.0803	0.087	0	0.1022
W03	3326.5745	3240.1745	12	0.6488	1	6.0803	0.087	0	0.1022
W03	3327.5745	3241.1745	12	0.6488	1	6.0803	0.087	0	0.1022
W03	3328.5745	3242.1745	12	0.629	1	6.2684	0.1019	0	0.1701
W03	3329.5745	3243.1745	12	0.629	1	6.2684	0.1019	0	
W03	3330.5745	3244.1745	12	0.629		6.2684	0.1019	0	0.1701
W03	3331.5745	3245.1745	12	0.629	1	6.2684	0.1019	0	0.1701
W03	3332.5745	3246.1745	12	0.629	1	6.2684	0.1019	0	0.1701
W03	3333.5745	3247.1745	12	0.6127		6.4274	0.1233	0	0.3145
W03	3334.5745	3248.1745	12	0.6127	1	6.4274	0.1233	0	0.3145
W03	3335.5745	3249.1745	12	0.6127	1	6.4274	0.1233	0	0.3145
W03	3336.5745	3250.1745	12	0.6127	1	6.4274	0.1233	0	0.3145
W03	3337.5745	3251.1745	12	0.6127	1	6.4274	0.1233	0	0.3145
W03	3338.5745	3252.1745	12	0.6544	1	6.0286	0.112	0	0.2306
W03	3339.5745	3253.1745	12	0.6544	1	6.0286	0.112	0	0.2306
W03	3340.5745	3254.1745	12	0.6544	1	6.0286	0.112	0	0.2306
W03	3341.5745	3255.1745	12	0.6544	1	6.0286	0.112	0	0.2306
W03	3342.5745	3256.1745	12	0.6544	1		0.112	0	0.2306
W03	3343.5745	3257.1745	12	0.6326	1	6.2339	0.1228	0	0.3107
W03	3344.5745	3258.1745	12	0.6326	1	6.2339	0.1228	0	0.3107
W03	3345.5745	3259.1745	12	0.6326	1	6.2339	0.1228	0	0.3107
W03	3346.5745	3260.1745	12	0.6326	1	6.2339	0.1228	0	0.3107
W03	3347.5745	3261.1745	12	0.6326	1	6.2339	0.1228	0	0.3107
W03	3348.5745	3262.1745	12	0.6017	1	6.5375	0.1153	0	0.2534
W03	3349.5745	3263.1745	12	0.6017		6.5375	0.1153	0	0.2534
W03	3350.5745	3264.1745	12	0.6017	1		0.1153	0	0.2534
W03	3351.5745	3265.1745	12	0.6017	1	6.5375	0.1153	0	0.2534
W03	3352.5745	3266.1745	12	0.6017	1	6.5375	0.1153	0	0.2534
W03	3353.5745	3267.1745	12	0.5973	1		0.1063	0	
W03	3354.5745	3268.1745	12	0.5973	1		0.1063	0	
W03	3355.5745	3269.1745	12	0.5973	1	6.582	0.1063	0	0.1946
W03	3356.5745	3270.1745	12	0.5973	1	6.582	0.1063	0	0.1946
W03	3357.5745	3271.1745	12	0.5973	1	6.582	0.1063	0	0.1946
W03	3358.5745	3272.1745	12	0.5932	1	6.6238		0	0.1306
W03	3359.5745	3273.1745	12	0.5932	1	6.6238	0.0939	0	0.1306
W03	3360.5745	3274.1745	12	0.5932	1	6.6238	0.0939	0	0.1306
W03	3361.5745	3275.1745	12		1	6.6238	0.0939	0	0.1306
W03	3362.5745	3276.1745	12	0.5932	1	6.6238	0.0939	0	0.1306
W03	3363.5745	3277.1745	12	0.6609	1		0.1014	0	0.1673
W03	3364.5745	3278.1745	12	0.6609	1		0.1014	0	0.1673
W03	3365.5745	3279.1745	12	0.6609	1	5.9682	0.1014	0	
W03	3366.5745	3280.1745	12	0.6609	1	5.9682	0.1014	0	0.1673
W03	3367.5745	3281.1745	12	0.6609	1	5.9682	0.1014	0	0.1673
W03	3368.5745	3282.1745	12	0.6558	1	6.0155	0.1107	0	0.2225
W03	3369.5745	3283.1745	12	0.6558	1	6.0155		0	0.2225
W03	3370.5745	3284.1745	12	0.6558	1	6.0155	0.1107	0	0.2225
W03	3371.5745	3285.1745	12	0.6558	1	6.0155	0.1107	0	0.2225
W03	3372.5745	3286.1745	12	0.6558	1	6.0155	0.1107	0	0.2225
W03	3373.5745	3287.1745	12	0.6448	1	6.1185	0.1011	0	0.1655
W03	3374.5745	3288.1745	12	0.6448	1	6.1185	0.1011	0	0.1655
W03	3375.5745	3289.1745	12	0.6448	1	6.1185	0.1011	0	0.1655
W03	3376.5745	3290.1745	12	0.6448	1	6.1185	0.1011	0	0.1655
W03	3377.5745	3291.1745	12	0.6448	1	6.1185	0.1011	0	0.1655
W03	3378.5745	3292.1745	12	0.6416	1	6.1482	0.0905	0	0.1161
W03	3379.5745	3293.1745	12	0.6416	1	6.1482	0.0905	0	0.1161
W03	3380.5745	3294.1745	12		1	6.1482	0.0905	0	0.1161
W03	3381.5745	3295.1745	12	0.6416	1	6.1482	0.0905	0	0.1161
W03	3382.5745	3296.1745	12	0.6416	1	6.1482	0.0905	0	0.1161
W03	3383.5745	3297.1745	12	0.6706	1	5.8802	0.0995	0	0.1576
W03	3384.5745	3298.1745	12	0.6706	1	5.8802	0.0995	0	0.1576
W03	3385.5745	3299.1745	12	0.6706	1	5.8802	0.0995	0	0.1576
W03	3386.5745	3300.1745	12	0.6706	1	5.8802	0.0995	0	0.1576
W03	3387.5745	3301.1745	12	0.6706	1		0.0995	0	0.1576
W03	3388.5745	3302.1745	12	0.6814	1	5.7831	0.1027	0	0.1744
W03	3389.5745	3303.1745	12	0.6814	1	5.7831	0.1027	0	
W03	3390.5745	3304.1745	12	0.6814	1	5.7831	0.1027	0	0.1744
W03	3391.5745	3305.1745	12	0.6814		5.7831	0.1027	0	0.1744
W03	3392.5745	3306.1745	12	0.6814	1	5.7831	0.1027	0	0.1744
W03	3393.5745	3307.1745	12	0.6556	1	6.0172	0.0858	0	0.0976
W03	3394.5745	3308.1745	12	0.6556	1	6.0172	0.0858	0	0.0976
W03	3395.5745	3309.1745	12	0.6556	1	6.0172	0.0858	0	0.0976
W03	3396.5745	3310.1745	12	0.6556		6.0172	0.0858	0	0.0976
W03	3397.5745	3311.1745	12	0.6556	1	6.0172	0.0858	0	0.0976
W03	3398.5745	3312.1745	12	0.594	1	6.6151	0.1011	0	0.166
W03	3399.5745	3313.1745	12	0.594	1	6.6151	0.1011	0	0.166
W03	3400.5745	3314.1745	12	0.594	1	6.6151	0.1011	0	0.166
W03	3401.5745	3315.1745	12	0.594		6.6151	0.1011	0	0.166
W03	3402.5745	3316.1745	12	0.594	1	6.6151	0.1011	0	0.166
W03	3403.5745	3317.1745	12	0.6333	1	6.2269		0	0.2009
W03	3404.5745	3318.1745	12	0.6333	1	6.2269	0.1073	0	0.2009
W03	3405.5745	3319.1745	12	0.6333	1	6.2269	0.1073	0	0.2009
W03	3406.5745	3320.1745	12	0.6333	1	6.2269	0.1073	0	
W03	3407.5745	3321.1745	12	0.6333	1	6.2269	0.1073	0	0.2009
W03	3408.5745	3322.1745	12	0.6015		6.5398	0.0997	0	0.1584
W03	3409.5745	3323.1745	12	0.6015	1	6.5398	0.0997	0	0.1584
W03	3410.5745	3324.1745	12	0.6015	1	6.5398	0.0997	0	0.1584
W03	3411.5745	3325.1745	12	0.6015	1	6.5398	0.0997	0	0.1584
W03	3412.5745	3326.1745		0.6015	1	6.5398	0.0997	0	0.1584
W03	3413.5745	3327.1745	12	0.6636		5.9441	0.0954	0	0.1375
W03	3414.5745	3328.1745	12	0.6636		5.9441		0	0.1375
W03	3415.5745	3329.1745	12	0.6636	1	5.9441		0	0.1375
W03	3416.5745	3330.1745	12	0.6636	1	5.9441	0.0954	0	0.1375
W03	3417.5745	3331.1745		0.6636	1	5.9441	0.0954	0	0.1375
W03	3418.5745	3332.1745	12	0.6966	1	5.65	0.0909	0	0.1174
W03	3419.5745	3333.1745	12	0.6966	1	5.65	0.0909	0	0.1174
W03	3420.5745	3334.1745	12	0.6966	1	5.65	0.0909	0	0.1174
W03	3421.5745	3335.1745	12	0.6966	1	5.65	0.0909	0	0.1174
W03	3422.5745	3336.1745	12	0.6966	1	5.65	0.0909	0	0.1174
W03	3423.5745	3337.1745	12	0.6683	1	5.9009	0.0944	0	0.1329
W03	3424.5745	3338.1745	12	0.6683	1	5.9009		0	0.1329
W03	3425.5745	3339.1745	12	0.6683	1	5.9009	0.0944	0	
W03	3426.5745	3340.1745	12	0.6683	1	5.9009	0.0944	0	0.1329
W03	3427.5745	3341.1745	12	0.6683	1	5.9009	0.0944	0	0.1329
W03	3428.5745	3342.1745		0.6188	1	6.3673	0.0991	0	0.1554
W03	3429.5745	3343.1745		0.6188	1	6.3673	0.0991	0	0.1554
W03	3430.5745	3344.1745	13	0.6188	1	6.3673	0.0991	0	0.1554
W03	3431.5745	3345.1745	13	0.6188	1		0.0991	0	0.1554
W03	3432.5745	3346.1745	13	0.6188	1	6.3673		0	0.1554
W03	3433.5745	3347.1745		0.643	1	6.1352	0.1029	0	0.1757
W03	3434.5745	3348.1745	13	0.643	1	6.1352	0.1029	0	0.1757
W03	3435.5745	3349.1745	13	0.643	1	6.1352	0.1029	0	0.1757
W03	3436.5745	3350.1745		0.643	1	6.1352	0.1029	0	0.1757
W03	3437.5745	3351.1745		0.643	1	6.1352	0.1029	0	0.1757
W03	3438.5745	3352.1745	13	0.6306	1	6.2535	0.0902	0	0.1148
W03	3439.5745	3353.1745	13	0.6306	1	6.2535	0.0902	0	0.1148
W03	3440.5745	3354.1745	13	0.6306	1	6.2535	0.0902	0	0.1148
W03	3441.5745	3355.1745	13	0.6306	1	6.2535	0.0902	0	0.1148
W03	3442.5745	3356.1745	13	0.6306			0.0902	0	0.1148
W03	3443.5745	3357.1745	13	0.6224	1	6.3326	0.0905	0	
W03	3444.5745	3358.1745	13	0.6224		6.3326	0.0905	0	0.1161
W03	3445.5745	3359.1745	13	0.6224	1	6.3326	0.0905	0	0.1161
W03	3446.5745	3360.1745	13	0.6224	1	6.3326		0	0.1161
W03	3447.5745	3361.1745	13	0.6224	1	6.3326	0.0905	0	0.1161
W03	3448.5745	3362.1745	13	0.5973	1	6.5814	0.0979	0	0.1495
W03	3449.5745	3363.1745	13	0.5973	1	6.5814	0.0979	0	0.1495
W03	3450.5745	3364.1745	13	0.5973	1	6.5814	0.0979	0	0.1495
W03	3451.5745	3365.1745	13	0.5973	1	6.5814	0.0979	0	0.1495
W03	3452.5745	3366.1745	13	0.5973	1	6.5814	0.0979	0	0.1495
W03	3453.5745	3367.1745	13	0.5816	1	6.7426		0	0.2493
W03	3454.5745	3368.1745	13	0.5816	1	6.7426	0.1147	0	0.2493
W03	3455.5745	3369.1745	13	0.5816	1	6.7426	0.1147	0	0.2493
W03	3456.5745	3370.1745	13	0.5816		6.7426		0	0.2493
W03	3457.5745	3371.1745	13	0.5816	1	6.7426	0.1147	0	
W03	3458.5745	3372.1745	13	0.5635	1	6.9324	0.1261	0	0.3387
W03	3459.5745	3373.1745	13	0.5635	1	6.9324	0.1261	0	0.3387
W03	3460.5745	3374.1745	13	0.5635	1	6.9324	0.1261	0	0.3387
W03	3461.5745	3375.1745		0.5635	1	6.9324	0.1261	0	0.3387
W03	3462.5745	3376.1745	13	0.5635	1	6.9324		0	0.3387
W03	3463.5745	3377.1745	13	0.5497	1	7.0809	0.1178	0	0.2713
W03	3464.5745	3378.1745	13	0.5497	1	7.0809	0.1178	0	0.2713
W03	3465.5745	3379.1745	13	0.5497	1	7.0809	0.1178	0	0.2713
W03	3466.5745	3380.1745	13	0.5497	1	7.0809	0.1178	0	0.2713
W03	3467.5745	3381.1745		0.5497	1	7.0809	0.1178	0	0.2713
W03	3468.5745	3382.1745	13	0.5331	1	7.2641	0.1317	0	0.3892
W03	3469.5745	3383.1745	13	0.5331	1	7.2641	0.1317	0	0.3892
W03	3470.5745	3384.1745	13	0.5331	1	7.2641	0.1317	0	0.3892
W03	3471.5745	3385.1745	13	0.5331	1	7.2641	0.1317	0	0.3892
W03	3472.5745	3386.1745	13	0.5331	1	7.2641	0.1317	0	0.3892
W03	3473.5745	3387.1745	13	0.5427	1	7.1584		0	0.3004
W03	3474.5745	3388.1745	13	0.5427	1	7.1584	0.1215	0	0.3004
W03	3475.5745	3389.1745	13	0.5427	1	7.1584	0.1215	0	0.3004
W03	3476.5745	3390.1745	13	0.5427	1	7.1584	0.1215	0	0.3004
W03	3477.5745	3391.1745	13	0.5427	1	7.1584	0.1215	0	0.3004
W03	3478.5745	3392.1745	13	0.5305	1	7.293	0.1239	0	0.3194
W03	3479.5745	3393.1745	13	0.5305	1	7.293	0.1239	0	0.3194
W03	3480.5745	3394.1745	13			7.293	0.1239	0	0.3194
W03	3481.5745	3395.1745	13	0.5305	1	7.293	0.1239	0	0.3194
W03	3482.5745	3396.1745		0.5305	1	7.293	0.1239	0	0.3194
W03	3483.5745	3397.1745	13	0.5778	1	6.7818	0.097	0	0.1449
W03	3484.5745	3398.1745	13	0.5778	1	6.7818		0	0.1449
W03	3485.5745	3399.1745	13	0.5778	1	6.7818	0.097	0	
W03	3486.5745	3400.1745	13	0.5778	1	6.7818	0.097	0	0.1449
W03	3487.5745	3401.1745	13	0.5778	1	6.7818	0.097	0	0.1449
W03	3488.5745	3402.1745	13	0.6713	1	5.874	0.0856	0	0.0967
W03	3489.5745	3403.1745	13	0.6713	1	5.874	0.0856	0	0.0967
W03	3490.5745	3404.1745	13	0.6713	1	5.874	0.0856	0	0.0967
W03	3491.5745	3405.1745	13	0.6713	1	5.874	0.0856	0	0.0967
W03	3492.5745	3406.1745	13	0.6713	1	5.874	0.0856	0	0.0967
W03	3493.5745	3407.1745	13	0.7417	1	5.2712	0.0822	0	0.085
W03	3494.5745	3408.1745	13	0.7417	1	5.2712	0.0822	0	0.085
W03	3495.5745	3409.1745	13	0.7417	1	5.2712	0.0822	0	0.085
W03	3496.5745	3410.1745	13	0.7417	1	5.2712	0.0822	0	0.085
W03	3497.5745	3411.1745	13	0.7417	1	5.2712	0.0822	0	0.085
W03	3498.5745	3412.1745	13	0.7041	1	5.5851		0	0.1265
W03	3499.5745	3413.1745	13	0.7041	1	5.5851	0.093	0	0.1265
W03	3500.5745	3414.1745	13	0.7041	1	5.5851	0.093	0	0.1265
W03	3501.5745	3415.1745	13	0.7041	1	5.5851	0.093	0	0.1265
W03	3502.5745	3416.1745	13	0.7041	1	5.5851	0.093	0	0.1265
W03	3503.5745	3417.1745	13	0.6181	1	6.3744	0.0754	0	
W03	3504.5745	3418.1745	13	0.6181	1	6.3744	0.0754	0	0.0644
W03	3505.5745	3419.1745	13	0.6181	1	6.3744	0.0754	0	0.0644
W03	3506.5745	3420.1745	13	0.6181	1	6.3744	0.0754	0	0.0644
W03	3507.5745	3421.1745	13	0.6181	1	6.3744	0.0754	0	0.0644
W03	3508.5745	3422.1745	13	0.7502	1	5.2032	0.0999	0	0.1594
W03	3509.5745	3423.1745	13	0.7502	1	5.2032	0.0999	0	0.1594
W03	3510.5745	3424.1745	13	0.7502	1	5.2032	0.0999	0	0.1594
W03	3511.5745	3425.1745	13	0.7502	1	5.2032	0.0999	0	0.1594
W03	3512.5745	3426.1745	13	0.7502	1	5.2032	0.0999	0	0.1594
W03	3513.5745	3427.1745	13	0.7105	1	5.5304	0.0996	0	0.1579
W03	3514.5745	3428.1745	13	0.7105	1	5.5304	0.0996	0	0.1579
W03	3515.5745	3429.1745	13	0.7105	1	5.5304	0.0996	0	0.1579
W03	3516.5745	3430.1745	13	0.7105	1	5.5304	0.0996	0	0.1579
W03	3517.5745	3431.1745	13	0.7105	1	5.5304	0.0996	0	0.1579
W03	3518.5745	3432.1745	13	0.716	1	5.4836	0.0963	0	0.1415
W03	3519.5745	3433.1745	13	0.716	1	5.4836	0.0963	0	0.1415
W03	3520.5745	3434.1745	13	0.716	1	5.4836	0.0963	0	0.1415
W03	3521.5745	3435.1745	13	0.716	1	5.4836	0.0963	0	0.1415
W03	3522.5745	3436.1745	13	0.716	1	5.4836	0.0963	0	0.1415
W03	3523.5745	3437.1745	13	0.6518	1	6.0527	0.0934	0	
W03	3524.5745	3438.1745	13	0.6518	1	6.0527	0.0934	0	0.1285
W03	3525.5745	3439.1745	13	0.6518	1	6.0527	0.0934	0	0.1285
W03	3526.5745	3440.1745	13	0.6518	1	6.0527	0.0934	0	0.1285
W03	3527.5745	3441.1745	13	0.6518	1	6.0527	0.0934	0	0.1285
W03	3528.5745	3442.1745	13	0.6197	1	6.3585	0.1095	0	0.2144
W03	3529.5745	3443.1745	13	0.6197	1	6.3585	0.1095	0	
W03	3530.5745	3444.1745	13	0.6197	1	6.3585	0.1095	0	0.2144
W03	3531.5745	3445.1745	13	0.6197	1	6.3585	0.1095	0	0.2144
W03	3532.5745	3446.1745	13	0.6197	1	6.3585	0.1095	0	0.2144
W03	3533.5745	3447.1745		0.6691	1	5.8939	0.0951	0	0.1362
W03	3534.5745	3448.1745		0.6691	1	5.8939	0.0951	0	0.1362
W03	3535.5745	3449.1745	13	0.6691	1	5.8939		0	0.1362
W03	3536.5745	3450.1745	13		1	5.8939	0.0951	0	0.1362
W03	3537.5745	3451.1745	13	0.6691	1		0.0951	0	0.1362
W03	3538.5745	3452.1745	13	0.6492	1	6.0766	0.091	0	0.1179
W03	3539.5745	3453.1745	13	0.6492	1	6.0766	0.091	0	0.1179
W03	3540.5745	3454.1745	13	0.6492	1	6.0766	0.091	0	0.1179
W03	3541.5745	3455.1745	13	0.6492	1	6.0766	0.091	0	0.1179
W03	3542.5745	3456.1745	13	0.6492	1	6.0766	0.091	0	0.1179
W03	3543.5745	3457.1745	13	0.5838	1	6.7194	0.0831	0	0.0879
W03	3544.5745	3458.1745	13	0.5838	1	6.7194	0.0831	0	0.0879
W03	3545.5745	3459.1745	13	0.5838		6.7194	0.0831	0	0.0879
W03	3546.5745	3460.1745	13	0.5838	1	6.7194	0.0831	0	0.0879
W03	3547.5745	3461.1745	13	0.5838	1	6.7194	0.0831	0	0.0879
W03	3548.5745	3462.1745	13		1	6.344	0.093	0	0.1264
W03	3549.5745	3463.1745	13	0.6212	1	6.344	0.093	0	0.1264
W03	3550.5745	3464.1745	13	0.6212	1	6.344	0.093	0	0.1264
W03	3551.5745	3465.1745	13			6.344	0.093	0	0.1264
W03	3552.5745	3466.1745	13		1		0.093	0	0.1264
W03	3553.5745	3467.1745	13	0.7544	1	5.1693	0.089	0	0.11
W03	3554.5745	3468.1745	13	0.7544	1	5.1693	0.089	0	0.11
W03	3555.5745	3469.1745	13	0.7544	1	5.1693		0	0.11
W03	3556.5745	3470.1745	13		1	5.1693		0	0.11
W03	3557.5745	3471.1745	13	0.7544	1	5.1693	0.089	0	0.11
W03	3558.5745	3472.1745	13	0.7197	1	5.4525	0.098	0	0.1497
W03	3559.5745	3473.1745	13	0.7197	1		0.098	0	0.1497
W03	3560.5745	3474.1745	13	0.7197	1	5.4525	0.098	0	0.1497
W03	3561.5745	3475.1745	13	0.7197	1	5.4525	0.098	0	0.1497
W03	3562.5745	3476.1745	13	0.7197	1	5.4525	0.098	0	0.1497
W03	3563.5745	3477.1745	13	0.7386	1	5.2969	0.1043	0	0.183
W03	3564.5745	3478.1745	13	0.7386	1	5.2969	0.1043	0	0.183
W03	3565.5745	3479.1745	13	0.7386	1	5.2969		0	0.183
W03	3566.5745	3480.1745	13	0.7386	1	5.2969	0.1043	0	0.183
W03	3567.5745	3481.1745	13	0.7386	1	5.2969	0.1043	0	0.183
W03	3568.5745	3482.1745	13	0.7755	1	5.0045	0.0985	0	0.1525
W03	3569.5745	3483.1745	13	0.7755	1	5.0045	0.0985	0	0.1525
W03	3570.5745	3484.1745	13	0.7755	1	5.0045	0.0985	0	0.1525
W03	3571.5745	3485.1745	13	0.7755	1	5.0045	0.0985	0	0.1525
W03	3572.5745	3486.1745	13		1		0.0985	0	0.1525
W03	3573.5745	3487.1745	13		1	4.248		0	0.2142
W03	3574.5745	3488.1745	13	0.8821	1	4.248	0.1094	0	0.2142
W03	3575.5745	3489.1745	13	0.8821	1	4.248	0.1094	0	0.2142
W03	3576.5745	3490.1745	13	0.8821	1	4.248	0.1094	0	0.2142
W03	3577.5745	3491.1745	13	0.8821	1	4.248	0.1094	0	0.2142
W03	3578.5745	3492.1745	13	0.6861	1	5.7419	0.0793	0	0.0758
W03	3579.5745	3493.1745	13	0.6861	1	5.7419	0.0793	0	0.0758
W03	3580.5745	3494.1745	13	0.6861	1	5.7419		0	0.0758
W03	3581.5745	3495.1745	13	0.6861	1	5.7419	0.0793	0	0.0758
W03	3582.5745	3496.1745	13	0.6861	1	5.7419	0.0793	0	0.0758
W03	3583.5745	3497.1745	13	0.6843	1	5.7572	0.0827	0	0.0865
W03	3584.5745	3498.1745	13	0.6843	1	5.7572	0.0827	0	0.0865
W03	3585.5745	3499.1745	13	0.6843	1	5.7572	0.0827	0	0.0865
W03	3586.5745	3500.1745	13	0.6843	1	5.7572	0.0827	0	0.0865
W03	3587.5745	3501.1745	13		1	5.7572	0.0827	0	0.0865
W03	3588.5745	3502.1745	13	0.6659	1	5.9228	0.0808	0	0.0804
W03	3589.5745	3503.1745	13	0.6659	1	5.9228	0.0808	0	0.0804
W03	3590.5745	3504.1745	13	0.6659	1	5.9228	0.0808	0	0.0804
W03	3591.5745	3505.1745	13	0.6659	1	5.9228		0	0.0804
W03	3592.5745	3506.1745	13	0.6659		5.9228	0.0808	0	0.0804
W03	3593.5745	3507.1745	13	0.7252	1	5.4065	0.111	0	0.224
W03	3594.5745	3508.1745	13	0.7252	1	5.4065	0.111	0	0.224
W03	3595.5745	3509.1745	13	0.7252	1	5.4065	0.111	0	0.224
W03	3596.5745	3510.1745	13	0.7252	1	5.4065	0.111	0	0.224
W03	3597.5745	3511.1745	13	0.7252	1	5.4065	0.111	0	0.224
W03	3598.5745	3512.1745	13	0.6924		5.6867		0	0.2923
W03	3599.5745	3513.1745	13	0.6924	1	5.6867	0.1205	0	0.2923
W03	3600.5745	3514.1745	13	0.6924	1	5.6867		0	0.2923
W03	3601.5745	3515.1745		0.6924	1	5.6867	0.1205	0	0.2923
W03	3602.5745	3516.1745	13	0.6924	1	5.6867	0.1205	0	0.2923
W03	3603.5745	3517.1745	13	0.6529	1	6.0424	0.1043	0	0.1832
W03	3604.5745	3518.1745	13	0.6529	1	6.0424	0.1043	0	0.1832
W03	3605.5745	3519.1745	13	0.6529	1	6.0424	0.1043	0	0.1832
W03	3606.5745	3520.1745	13	0.6529	1	6.0424	0.1043	0	0.1832
W03	3607.5745	3521.1745	13	0.6529	1	6.0424		0	0.1832
W03	3608.5745	3522.1745	13	0.6467	1	6.1007	0.1102	0	0.2189
W03	3609.5745	3523.1745	13	0.6467	1	6.1007	0.1102	0	0.2189
W03	3610.5745	3524.1745	13	0.6467	1	6.1007	0.1102	0	
W03	3611.5745	3525.1745	13	0.6467	1	6.1007	0.1102	0	0.2189
W03	3612.5745	3526.1745	13	0.6467		6.1007	0.1102	0	0.2189
W03	3613.5745	3527.1745	13	0.7854	1	4.929	0.0946	0	0.1339
W03	3614.5745	3528.1745	13	0.7854	1	4.929		0	0.1339
W03	3615.5745	3529.1745	13	0.7854	1	4.929	0.0946	0	0.1339
W03	3616.5745	3530.1745	13	0.7854	1	4.929	0.0946	0	0.1339
W03	3617.5745	3531.1745	13	0.7854	1	4.929	0.0946	0	0.1339
W03	3618.5745	3532.1745	13	0.7733	1	5.0212	0.116	0	0.2587
W03	3619.5745	3533.1745	13	0.7733	1	5.0212	0.116	0	0.2587
W03	3620.5745	3534.1745	13	0.7733	1	5.0212	0.116	0	0.2587
W03	3621.5745	3535.1745	13		1	5.0212	0.116	0	0.2587
W03	3622.5745	3536.1745	13	0.7733	1	5.0212	0.116	0	0.2587
W03	3623.5745	3537.1745	13	0.7773	1	4.9905	0.1021	0	0.1711
W03	3624.5745	3538.1745	13	0.7773	1	4.9905	0.1021	0	0.1711
W03	3625.5745	3539.1745	13	0.7773	1	4.9905	0.1021	0	0.1711
W03	3626.5745	3540.1745	13	0.7773	1	4.9905	0.1021	0	0.1711
W03	3627.5745	3541.1745	13	0.7773	1	4.9905	0.1021	0	0.1711
W03	3628.5745	3542.1745	13	0.7579	1	5.1415	0.1044	0	0.1838
W03	3629.5745	3543.1745	13	0.7579	1	5.1415	0.1044	0	0.1838
W03	3630.5745	3544.1745	13	0.7579	1	5.1415	0.1044	0	0.1838
W03	3631.5745	3545.1745	13	0.7579	1	5.1415	0.1044	0	0.1838
W03	3632.5745	3546.1745	13	0.7579	1	5.1415	0.1044	0	0.1838
W03	3633.5745	3547.1745	13	0.6384	1	6.1785	0.0878	0	0.1049
W03	3634.5745	3548.1745	13	0.6384	1	6.1785	0.0878	0	0.1049
W03	3635.5745	3549.1745	13	0.6384	1	6.1785	0.0878	0	0.1049
W03	3636.5745	3550.1745	13	0.6384	1	6.1785	0.0878	0	0.1049
W03	3637.5745	3551.1745	13	0.6384	1	6.1785	0.0878	0	0.1049
W03	3638.5745	3552.1745	13	0.5987	1	6.5674	0.0733	0	0.0588
W03	3639.5745	3553.1745		0.5987	1	6.5674	0.0733	0	0.0588
W03	3640.5745	3554.1745	13	0.5987	1	6.5674	0.0733	0	
W03	3641.5745	3555.1745	13	0.5987	1	6.5674	0.0733	0	0.0588
W03	3642.5745	3556.1745	13	0.5987	1	6.5674	0.0733	0	0.0588
W03	3643.5745	3557.1745	13	0.6472	1	6.0959	0.0668	0	0.0435
W03	3644.5745	3558.1745	13	0.6472	1		0.0668	0	0.0435
W03	3645.5745	3559.1745	13		1	6.0959	0.0668	0	0.0435
W03	3646.5745	3560.1745	13	0.6472	1	6.0959	0.0668	0	0.0435
W03	3647.5745	3561.1745	13	0.6472	1	6.0959	0.0668	0	0.0435
W03	3648.5745	3562.1745	13	0.6227	1		0.0514	0	0.0187
W03	3649.5745	3563.1745	13	0.6227	1	6.3292	0.0514	0	0.0187
W03	3650.5745	3564.1745	13	0.6227	1	6.3292	0.0514	0	0.0187
W03	3651.5745	3565.1745	13	0.6227	1	6.3292	0.0514	0	0.0187
W03	3652.5745	3566.1745	13	0.6227	1	6.3292	0.0514	0	0.0187
W03	3653.5745	3567.1745	13	0.6378	1	6.1841	0.0578	0	0.0273
W03	3654.5745	3568.1745		0.6378	1	6.1841	0.0578	0	0.0273
W03	3655.5745	3569.1745		0.6378	1	6.1841	0.0578	0	0.0273
W03	3656.5745	3570.1745	13	0.6378	1	6.1841	0.0578	0	0.0273
W03	3657.5745	3571.1745	13	0.6378	1	6.1841	0.0578	0	0.0273
W03	3658.5745	3572.1745	13	0.6398	1	6.1649	0.0837	0	0.09
W03	3659.5745	3573.1745	13	0.6398	1	6.1649		0	0.09
W03	3660.5745	3574.1745	13	0.6398		6.1649	0.0837	0	0.09
W03	3661.5745	3575.1745	13	0.6398	1	6.1649	0.0837	0	0.09
W03	3662.5745	3576.1745	13	0.6398	1	6.1649	0.0837	0	0.09
W03	3663.5745	3577.1745	13	0.729	1	5.3753	0.082	0	0.0844
W03	3664.5745	3578.1745		0.729	1	5.3753	0.082	0	0.0844
W03	3665.5745	3579.1745	13	0.729	1	5.3753	0.082	0	0.0844
W03	3666.5745	3580.1745	13	0.729	1	5.3753	0.082	0	0.0844
W03	3667.5745	3581.1745	13	0.729	1	5.3753	0.082	0	0.0844
W03	3668.5745	3582.1745	13	0.8769	1	4.2819	0.0828	0	0.087
W03	3669.5745	3583.1745	13	0.8769	1		0.0828	0	0.087
W03	3670.5745	3584.1745	13	0.8769	1		0.0828	0	0.087
W03	3671.5745	3585.1745	13	0.8769	1	4.2819	0.0828	0	0.087
W03	3672.5745	3586.1745	13	0.8769	1	4.2819	0.0828	0	0.087
W03	3673.5745	3587.1745	13	0.7852	1	4.9306		0	0.0897
W03	3674.5745	3588.1745	13	0.7852	1	4.9306	0.0836	0	0.0897
W03	3675.5745	3589.1745	13	0.7852	1	4.9306	0.0836	0	0.0897
W03	3676.5745	3590.1745	13	0.7852	1	4.9306	0.0836	0	0.0897
W03	3677.5745	3591.1745	13	0.7852	1	4.9306	0.0836	0	0.0897
W03	3678.5745	3592.1745	13	0.7484	1	5.2171	0.1022	0	0.1716
W03	3679.5745	3593.1745	13	0.7484	1	5.2171	0.1022	0	0.1716
W03	3680.5745	3594.1745	13	0.7484	1	5.2171	0.1022	0	
W03	3681.5745	3595.1745	13	0.7484	1	5.2171	0.1022	0	0.1716
W03	3682.5745	3596.1745	13		1	5.2171	0.1022	0	0.1716
W03	3683.5745	3597.1745	13	0.7316	1	5.3541	0.089	0	0.11
W03	3684.5745	3598.1745	13	0.7316	1	5.3541	0.089	0	0.11
W03	3685.5745	3599.1745	13	0.7316	1	5.3541	0.089	0	0.11
W03	3686.5745	3600.1745	13	0.7316	1	5.3541	0.089	0	0.11
W03	3687.5745	3601.1745	13	0.7316	1	5.3541	0.089	0	0.11
W03	3688.5745	3602.1745	13	0.7668	1	5.0715	0.084	0	0.0912
W03	3689.5745	3603.1745	13	0.7668	1	5.0715		0	0.0912
W03	3690.5745	3604.1745	13	0.7668	1		0.084	0	0.0912
W03	3691.5745	3605.1745	13	0.7668	1	5.0715	0.084	0	0.0912
W03	3692.5745	3606.1745	13	0.7668	1		0.084	0	0.0912
W03	3693.5745	3607.1745	13	0.7395	1	5.289	0.0854	0	0.096
W03	3694.5745	3608.1745	13	0.7395	1	5.289	0.0854	0	0.096
W03	3695.5745	3609.1745	13	0.7395	1	5.289	0.0854	0	0.096
W03	3696.5745	3610.1745		0.7395	1	5.289	0.0854	0	0.096
W03	3697.5745	3611.1745	13	0.7395	1	5.289	0.0854	0	0.096
W03	3698.5745	3612.1745	13	0.6492	1	6.0772	0.0785	0	0.0731
W03	3699.5745	3613.1745	13	0.6492	1	6.0772	0.0785	0	0.0731
W03	3700.5745	3614.1745	13	0.6492	1	6.0772	0.0785	0	0.0731
W03	3701.5745	3615.1745	13	0.6492	1	6.0772	0.0785	0	0.0731
W03	3702.5745	3616.1745	13	0.6492	1	6.0772		0	
W03	3703.5745	3617.1745	13	0.6676	1	5.9073	0.0861	0	0.0988
W03	3704.5745	3618.1745	13	0.6676	1	5.9073	0.0861	0	0.0988
W03	3705.5745	3619.1745		0.6676	1	5.9073	0.0861	0	0.0988
W03	3706.5745	3620.1745		0.6676	1	5.9073	0.0861	0	
W03	3707.5745	3621.1745	13	0.6676	1	5.9073	0.0861	0	0.0988
W03	3708.5745	3622.1745	13	0.5824	1	6.7339	0.1107	0	0.2221
W03	3709.5745	3623.1745	13	0.5824	1	6.7339	0.1107	0	
W03	3710.5745	3624.1745	13	0.5824	1		0.1107	0	0.2221
W03	3711.5745	3625.1745	13	0.5824	1	6.7339	0.1107	0	0.2221
W03	3712.5745	3626.1745	13	0.5824	1	6.7339	0.1107	0	0.2221
W03	3713.5745	3627.1745	13	0.6411	1	6.153		0	0.0898
W03	3714.5745	3628.1745	13	0.6411	1	6.153	0.0836	0	0.0898
W03	3715.5745	3629.1745	13	0.6411	1	6.153	0.0836	0	0.0898
W03	3716.5745	3630.1745	13	0.6411	1	6.153	0.0836	0	0.0898
W03	3717.5745	3631.1745	13	0.6411	1	6.153	0.0836	0	0.0898
W03	3718.5745	3632.1745	13	0.7197	1	5.4528	0.0985	0	0.1526
W03	3719.5745	3633.1745	13	0.7197		5.4528	0.0985	0	0.1526
W03	3720.5745	3634.1745	13	0.7197	1	5.4528	0.0985	0	0.1526
W03	3721.5745	3635.1745	13	0.7197	1	5.4528	0.0985	0	0.1526
W03	3722.5745	3636.1745	13	0.7197	1	5.4528	0.0985	0	0.1526
W03	3723.5745	3637.1745	13	0.6695	1	5.8906	0.1096	0	0.2149
W03	3724.5745	3638.1745	13	0.6695	1		0.1096	0	0.2149
W03	3725.5745	3639.1745	13	0.6695	1	5.8906	0.1096	0	
W03	3726.5745	3640.1745	13	0.6695	1	5.8906	0.1096	0	0.2149
W03	3727.5745	3641.1745	13	0.6695	1	5.8906	0.1096	0	0.2149
W03	3728.5745	3642.1745	13	0.4597	1	8.1318	0.1452	1	2.7545
W03	3729.5745	3643.1745	13	0.4597	1	8.1318	0.1452	1	2.7545
W03	3730.5745	3644.1745	13	0.4597	1	8.1318	0.1452	1	2.7545
W03	3731.5745	3645.1745	13	0.4597	1	8.1318	0.1452	1	2.7545
W03	3732.5745	3646.1745	13	0.4597	1	8.1318	0.1452	1	2.7545
W03	3733.5745	3647.1745	13	0.37	1	9.3353	0.1244	0	0.3234
W03	3734.5745	3648.1745	13	0.37	1	9.3353	0.1244	0	0.3234
W03	3735.5745	3649.1745	13	0.37	1	9.3353	0.1244	0	0.3234
W03	3736.5745	3650.1745	13	0.37	1	9.3353	0.1244	0	0.3234
W03	3737.5745	3651.1745	13	0.37	1	9.3353	0.1244	0	0.3234
W03	3738.5745	3652.1745	13	0.5498	1	7.0802	0.1342	0	0.4141
W03	3739.5745	3653.1745	13		1	7.0802	0.1342	0	0.4141
W03	3740.5745	3654.1745	13	0.5498	1	7.0802	0.1342	0	0.4141
W03	3741.5745	3655.1745	13	0.5498	1	7.0802	0.1342	0	0.4141
W03	3742.5745	3656.1745	13	0.5498	1	7.0802	0.1342	0	0.4141
W03	3743.5745	3657.1745		0.6451	1	6.1151	0.1215	0	0.2999
W03	3744.5745	3658.1745	13	0.6451	1	6.1151	0.1215	0	0.2999
W03	3745.5745	3659.1745	13	0.6451	1	6.1151	0.1215	0	0.2999
W03	3746.5745	3660.1745	13	0.6451	1	6.1151	0.1215	0	0.2999
W03	3747.5745	3661.1745	13	0.6451	1	6.1151	0.1215	0	0.2999
W03	3748.5745	3662.1745	13	0.6169	1	6.3866	0.1264	0	0.3413
W03	3749.5745	3663.1745	13	0.6169	1	6.3866	0.1264	0	0.3413
W03	3750.5745	3664.1745	13	0.6169	1	6.3866	0.1264	0	0.3413
W03	3751.5745	3665.1745	13	0.6169	1	6.3866	0.1264	0	0.3413
W03	3752.5745	3666.1745	13	0.6169	1	6.3866	0.1264	0	0.3413
W03	3753.5745	3667.1745	13	0.4946	1	7.7076	0.131	0	0.3824
W03	3754.5745	3668.1745	13	0.4946	1	7.7076	0.131	0	0.3824
W03	3755.5745	3669.1745	13	0.4946	1	7.7076	0.131	0	0.3824
W03	3756.5745	3670.1745	13	0.4946	1	7.7076	0.131	0	0.3824
W03	3757.5745	3671.1745	13	0.4946	1	7.7076	0.131	0	0.3824
W03	3758.5745	3672.1745	13	0.587	1	6.6872	0.1511	0	0.6063
W03	3759.5745	3673.1745	13	0.587	1	6.6872	0.1511	0	0.6063
W03	3760.5745	3674.1745	13	0.587	1	6.6872	0.1511	0	0.6063
W03	3761.5745	3675.1745	13	0.587	1	6.6872	0.1511	0	0.6063
W03	3762.5745	3676.1745		0.587	1	6.6872	0.1511	0	0.6063
W03	3763.5745	3677.1745	13	0.7038	1	5.5875	0.1059	0	0.1923
W03	3764.5745	3678.1745	13	0.7038	1	5.5875	0.1059	0	0.1923
W03	3765.5745	3679.1745	13	0.7038	1			0	0.1923
W03	3766.5745	3680.1745	13	0.7038	1		0.1059	0	0.1923
W03	3767.5745	3681.1745	13	0.7038	1	5.5875	0.1059	0	0.1923
W03	3768.5745	3682.1745	13		1	5.593	0.0957	0	0.139
W03	3769.5745	3683.1745	13	0.7032	1	5.593	0.0957	0	0.139
W03	3770.5745	3684.1745	13	0.7032	1	5.593	0.0957	0	0.139
W03	3771.5745	3685.1745	13	0.7032	1	5.593	0.0957	0	0.139
W03	3772.5745	3686.1745	13	0.7032	1	5.593	0.0957	0	0.139
W03	3773.5745	3687.1745	13	0.7291	1	5.3741	0.0951	0	0.136
W03	3774.5745	3688.1745	13	0.7291	1	5.3741	0.0951	0	0.136
W03	3775.5745	3689.1745		0.7291	1	5.3741	0.0951	0	0.136
W03	3776.5745	3690.1745	13	0.7291	1	5.3741	0.0951	0	0.136
W03	3777.5745	3691.1745	13		1	5.3741	0.0951	0	0.136
W03	3778.5745	3692.1745	13	0.7499	1	5.2057	0.0875	0	0.1041
W03	3779.5745	3693.1745	13	0.7499	1	5.2057		0	0.1041
W03	3780.5745	3694.1745	13	0.7499	1	5.2057	0.0875	0	0.1041
W03	3781.5745	3695.1745	13	0.7499	1	5.2057	0.0875	0	0.1041
W03	3782.5745	3696.1745	13	0.7499	1	5.2057	0.0875	0	0.1041
W03	3783.5745	3697.1745	13	0.7498	1	5.2062	0.0771	0	0.0692
W03	3784.5745	3698.1745	13	0.7498	1	5.2062	0.0771	0	0.0692
W03	3785.5745	3699.1745	13	0.7498	1	5.2062	0.0771	0	0.0692
W03	3786.5745	3700.1745	13		1	5.2062	0.0771	0	0.0692
W03	3787.5745	3701.1745	13	0.7498	1	5.2062	0.0771	0	0.0692
W03	3788.5745	3702.1745	13	0.7707	1	5.0414	0.0881	0	0.1064
W03	3789.5745	3703.1745	13	0.7707	1		0.0881	0	0.1064
W03	3790.5745	3704.1745	13	0.7707	1	5.0414	0.0881	0	0.1064
W03	3791.5745	3705.1745	14	0.7109	1	5.5271	0.0723	0	0.0562
W03	3792.5745	3706.1745			1	5.5271	0.0723	0	0.0562
W03	3793.5745	3707.1745	14	0.7109	1	5.5271	0.0723	0	0.0562
W03	3794.5745	3708.1745	14	0.7109	1	5.5271	0.0723	0	0.0562
W03	3795.5745	3709.1745	14	0.7109	1	5.5271	0.0723	0	0.0562
W03	3796.5745	3710.1745	14	0.6953	1	5.6612	0.0813	0	0.0821
W03	3797.5745	3711.1745	14	0.6953	1	5.6612	0.0813	0	0.0821
W03	3798.5745	3712.1745	14	0.6953	1	5.6612	0.0813	0	
W03	3799.5745	3713.1745	14	0.6953	1	5.6612	0.0813	0	0.0821
W03	3800.5745	3714.1745	14	0.6953	1	5.6612	0.0813	0	
W03	3801.5745	3715.1745	14	0.7255	1	5.4043	0.082	0	0.0844
W03	3802.5745	3716.1745	14	0.7255	1	5.4043	0.082	0	0.0844
W03	3803.5745	3717.1745	14		1		0.082	0	0.0844
W03	3804.5745	3718.1745	14	0.7255	1	5.4043	0.082	0	0.0844
W03	3805.5745	3719.1745	14	0.7255	1	5.4043	0.082	0	0.0844
W03	3806.5745	3720.1745	14	0.6946	1	5.6675	0.0914	0	0.1195
W03	3807.5745	3721.1745	14	0.6946	1	5.6675	0.0914	0	0.1195
W03	3808.5745	3722.1745	14	0.6946	1	5.6675	0.0914	0	0.1195
W03	3809.5745	3723.1745	14	0.6946	1	5.6675	0.0914	0	0.1195
W03	3810.5745	3724.1745	14	0.6946	1	5.6675	0.0914	0	0.1195
W03	3811.5745	3725.1745		0.784	1	4.9392		0	0.0469
W03	3812.5745	3726.1745	14	0.784	1	4.9392	0.0684	0	0.0469
W03	3813.5745	3727.1745	14		1	4.9392	0.0684	0	0.0469
W03	3814.5745	3728.1745	14	0.784	1	4.9392	0.0684	0	0.0469
W03	3815.5745	3729.1745	14	0.784	1	4.9392	0.0684	0	0.0469
W03	3816.5745	3730.1745	14	0.7154	1	5.489	0.0839	0	0.0908
W03	3817.5745	3731.1745	14	0.7154	1	5.489	0.0839	0	0.0908
W03	3818.5745	3732.1745	14	0.7154	1	5.489	0.0839	0	0.0908
W03	3819.5745	3733.1745	14	0.7154	1	5.489	0.0839	0	0.0908
W03	3820.5745	3734.1745	14	0.7154	1	5.489	0.0839	0	0.0908
W03	3821.5745	3735.1745	14	0.6166	1	6.3891	0.0835	0	0.0892
W03	3822.5745	3736.1745		0.6166	1	6.3891	0.0835	0	0.0892
W03	3823.5745	3737.1745	14	0.6166	1	6.3891	0.0835	0	0.0892
W03	3824.5745	3738.1745	14	0.6166	1	6.3891	0.0835	0	0.0892
W03	3825.5745	3739.1745	14	0.6166	1	6.3891	0.0835	0	0.0892
W03	3826.5745	3740.1745	14	0.7346		5.3291	0.0928	0	0.1258
W03	3827.5745	3741.1745	14	0.7346	1	5.3291		0	0.1258
W03	3828.5745	3742.1745	14	0.7346	1	5.3291	0.0928	0	0.1258
W03	3829.5745	3743.1745	14	0.7346	1	5.3291	0.0928	0	0.1258
W03	3830.5745	3744.1745	14	0.7346	1	5.3291	0.0928	0	0.1258
W03	3831.5745	3745.1745	14	0.7369	1	5.3105	0.0789	0	0.0743
W03	3832.5745	3746.1745	14	0.7369	1	5.3105	0.0789	0	0.0743
W03	3833.5745	3747.1745	14	0.7369	1	5.3105	0.0789	0	0.0743
W03	3834.5745	3748.1745	14	0.7369	1	5.3105	0.0789	0	0.0743
W03	3835.5745	3749.1745	14	0.7369	1	5.3105	0.0789	0	0.0743
W03	3836.5745	3750.1745	14		1	5.7206	0.0959	0	0.1397
W03	3837.5745	3751.1745	14	0.6885	1	5.7206		0	0.1397
W03	3838.5745	3752.1745	14	0.6885	1	5.7206	0.0959	0	0.1397
W03	3839.5745	3753.1745	14	0.6885	1	5.7206	0.0959	0	0.1397
W03	3840.5745	3754.1745	14	0.6885	1	5.7206	0.0959	0	0.1397
W03	3841.5745	3755.1745	14	0.7795	1	4.9739	0.0702	0	0.0511
W03	3842.5745	3756.1745	14	0.7795	1	4.9739		0	0.0511
W03	3843.5745	3757.1745	14	0.7795	1	4.9739	0.0702	0	0.0511
W03	3844.5745	3758.1745		0.7795	1	4.9739	0.0702	0	0.0511
W03	3845.5745	3759.1745	14	0.7795	1	4.9739	0.0702	0	0.0511
W03	3846.5745	3760.1745	14	0.7974	1	4.839	0.0825	0	0.0859
W03	3847.5745	3761.1745	14	0.7974	1	4.839	0.0825	0	0.0859
W03	3848.5745	3762.1745	14	0.7974	1	4.839	0.0825	0	0.0859
W03	3849.5745	3763.1745	14	0.7974	1	4.839	0.0825	0	0.0859
W03	3850.5745	3764.1745	14	0.7974	1		0.0825	0	0.0859
W03	3851.5745	3765.1745	14	0.8324	1	4.5853	0.0868	0	0.1013
W03	3852.5745	3766.1745	14	0.8324	1	4.5853	0.0868	0	0.1013
W03	3853.5745	3767.1745	14	0.8324	1	4.5853	0.0868	0	0.1013
W03	3854.5745	3768.1745	14	0.8324	1	4.5853	0.0868	0	0.1013
W03	3855.5745	3769.1745	14	0.8324	1	4.5853	0.0868	0	0.1013
W03	3856.5745	3770.1745	14	0.6927	1	5.6842	0.0927	0	0.1251
W03	3857.5745	3771.1745	14	0.6927	1	5.6842	0.0927	0	0.1251
W03	3858.5745	3772.1745	14	0.6927	1		0.0927	0	0.1251
W03	3859.5745	3773.1745	14	0.6927	1	5.6842	0.0927	0	0.1251
W03	3860.5745	3774.1745	14	0.6927	1	5.6842	0.0927	0	0.1251
W03	3861.5745	3775.1745	14	0.7396	1	5.2887	0.0851	0	0.0949
W03	3862.5745	3776.1745	14	0.7396	1	5.2887	0.0851	0	0.0949
W03	3863.5745	3777.1745	14	0.7396	1	5.2887	0.0851	0	0.0949
W03	3864.5745	3778.1745	14	0.7396	1	5.2887	0.0851	0	0.0949
W03	3865.5745	3779.1745	14	0.7396	1	5.2887	0.0851	0	0.0949
W03	3866.5745	3780.1745	14	0.6919	1	5.691	0.0913	0	
W03	3867.5745	3781.1745	14	0.6919	1	5.691	0.0913	0	0.1195
W03	3868.5745	3782.1745	14	0.6919	1	5.691	0.0913	0	0.1195
W03	3869.5745	3783.1745	14	0.6919	1	5.691	0.0913	0	0.1195
W03	3870.5745	3784.1745	14	0.6919	1	5.691	0.0913	0	0.1195
W03	3871.5745	3785.1745	14	0.7506	1	5.1998	0.0835	0	0.0892
W03	3872.5745	3786.1745	14	0.7506	1	5.1998	0.0835	0	0.0892
W03	3873.5745	3787.1745	14	0.7506	1	5.1998	0.0835	0	0.0892
W03	3874.5745	3788.1745	14	0.7506	1	5.1998	0.0835	0	0.0892
W03	3875.5745	3789.1745	14	0.7506	1	5.1998	0.0835	0	
W03	3876.5745	3790.1745	14	0.7238	1	5.418	0.1042	0	0.1827
W03	3877.5745	3791.1745	14	0.7238	1	5.418	0.1042	0	0.1827
W03	3878.5745	3792.1745	14	0.7238	1	5.418		0	0.1827
W03	3879.5745	3793.1745	14	0.7238	1	5.418	0.1042	0	0.1827
W03	3880.5745	3794.1745	14	0.7238	1	5.418	0.1042	0	0.1827
W03	3881.5745	3795.1745	14	0.5429	1	7.156	0.1134	0	0.2404
W03	3882.5745	3796.1745	14	0.5429	1	7.156	0.1134	0	0.2404
W03	3883.5745	3797.1745	14	0.5429	1	7.156	0.1134	0	0.2404
W03	3884.5745	3798.1745	14	0.5429		7.156	0.1134	0	0.2404
W03	3885.5745	3799.1745	14	0.5429	1	7.156	0.1134	0	
W03	3886.5745	3800.1745	14	0.6218	1	6.3385	0.093	0	0.1266
W03	3887.5745	3801.1745	14	0.6218	1	6.3385	0.093	0	0.1266
W03	3888.5745	3802.1745	14	0.6218	1	6.3385	0.093	0	0.1266
W03	3889.5745	3803.1745	14	0.6218	1	6.3385	0.093	0	0.1266
W03	3890.5745	3804.1745	14	0.6218		6.3385	0.093	0	0.1266
W03	3891.5745	3805.1745	14	0.6448	1	6.1178	0.0878	0	0.105
W03	3892.5745	3806.1745	14	0.6448	1		0.0878	0	0.105
W03	3893.5745	3807.1745	14	0.6448	1	6.1178	0.0878	0	0.105
W03	3894.5745	3808.1745	14	0.6448	1	6.1178	0.0878	0	0.105
W03	3895.5745	3809.1745	14	0.6448	1	6.1178	0.0878	0	0.105
W03	3896.5745	3810.1745	14	0.5283	1	7.3181	0.1521	1	3.2587
W03	3897.5745	3811.1745	14	0.5283	1	7.3181	0.1521	1	3.2587
W03	3898.5745	3812.1745	14	0.5283	1	7.3181	0.1521	1	
W03	3899.5745	3813.1745	14	0.5283	1	7.3181	0.1521	1	3.2587
W03	3900.5745	3814.1745	14	0.5283	1	7.3181	0.1521	1	3.2587
W03	3901.5745	3815.1745	14	0.4108	1	8.7678	0.1076	0	0.2029
W03	3902.5745	3816.1745	14	0.4108	1	8.7678	0.1076	0	0.2029
W03	3903.5745	3817.1745	14	0.4108	1	8.7678	0.1076	0	0.2029
W03	3904.5745	3818.1745	14	0.4108	1	8.7678	0.1076	0	0.2029
W03	3905.5745	3819.1745	14	0.4108	1	8.7678	0.1076	0	0.2029
W03	3906.5745	3820.1745	14	0.5803	1	6.7555	0.1103	0	0.2197
W03	3907.5745	3821.1745		0.5803		6.7555		0	0.2197
W03	3908.5745	3822.1745	14	0.5803	1	6.7555	0.1103	0	0.2197
W03	3909.5745	3823.1745	14	0.5803	1	6.7555	0.1103	0	0.2197
W03	3910.5745	3824.1745	14		1	6.7555	0.1103	0	0.2197
W03	3911.5745	3825.1745	14	0.6439	1	6.1263	0.0711	0	0.0531
W03	3912.5745	3826.1745	14	0.6439	1	6.1263	0.0711	0	0.0531
W03	3913.5745	3827.1745	14	0.6439	1	6.1263	0.0711	0	0.0531
W03	3914.5745	3828.1745	14	0.6439	1	6.1263	0.0711	0	0.0531
W03	3915.5745	3829.1745	14	0.6439	1	6.1263	0.0711	0	0.0531
W03	3916.5745	3830.1745	14	0.6274	1	6.2836	0.1149	0	0.2509
W03	3917.5745	3831.1745	14	0.6274	1	6.2836	0.1149	0	0.2509
W03	3918.5745	3832.1745	14	0.6274	1		0.1149	0	0.2509
W03	3919.5745	3833.1745	14	0.6274	1	6.2836	0.1149	0	0.2509
W03	3920.5745	3834.1745	14	0.6274	1	6.2836	0.1149	0	0.2509
W03	3921.5745	3835.1745	14	0.6829		5.7703	0.1311	0	0.3836
W03	3922.5745	3836.1745	14	0.6829	1	5.7703	0.1311	0	0.3836
W03	3923.5745	3837.1745	14	0.6829	1	5.7703	0.1311	0	0.3836
W03	3924.5745	3838.1745	14	0.6829	1	5.7703	0.1311	0	0.3836
W03	3925.5745	3839.1745	14	0.6829	1	5.7703	0.1311	0	0.3836
W03	3926.5745	3840.1745	14	0.6193	1	6.3628	0.0753	0	0.0641
W03	3927.5745	3841.1745	14	0.6193	1	6.3628	0.0753	0	0.0641
W03	3928.5745	3842.1745	14	0.6193	1	6.3628	0.0753	0	0.0641
W03	3929.5745	3843.1745	14	0.6193	1	6.3628	0.0753	0	0.0641
W03	3930.5745	3844.1745	14	0.6193	1	6.3628	0.0753	0	0.0641
W03	3931.5745	3845.1745	14	0.6959	1	5.6562	0.1143	0	0.2464
W03	3932.5745	3846.1745	14	0.6959	1	5.6562	0.1143	0	0.2464
W03	3933.5745	3847.1745	14	0.6959	1	5.6562	0.1143	0	0.2464
W03	3934.5745	3848.1745	14	0.6959	1	5.6562	0.1143	0	0.2464
W03	3935.5745	3849.1745	14	0.6959	1	5.6562		0	0.2464
W03	3936.5745	3850.1745	14	0.7015	1	5.6075	0.0923	0	0.1236
W03	3937.5745	3851.1745	14	0.7015	1	5.6075	0.0923	0	0.1236
W03	3938.5745	3852.1745	14	0.7015	1	5.6075	0.0923	0	0.1236
W03	3939.5745	3853.1745	14	0.7015	1	5.6075	0.0923	0	0.1236
W03	3940.5745	3854.1745	14	0.7015	1	5.6075	0.0923	0	0.1236
W03	3941.5745	3855.1745	14	0.5662	1	6.9044		1	4.5034
W03	3942.5745	3856.1745	14	0.5662	1	6.9044	0.1662	1	4.5034
W03	3943.5745	3857.1745	14	0.5662	1	6.9044	0.1662	1	4.5034
W03	3944.5745	3858.1745	14	0.5662	1	6.9044	0.1662	1	
W03	3945.5745	3859.1745	14	0.5662	1	6.9044	0.1662	1	4.5034
W03	3946.5745	3860.1745	14	0.598	1	6.5751	0.1051	0	0.1878
W03	3947.5745	3861.1745	14	0.598	1	6.5751	0.1051	0	0.1878
W03	3948.5745	3862.1745	14	0.598	1	6.5751	0.1051	0	0.1878
W03	3949.5745	3863.1745	14	0.598	1	6.5751		0	0.1878
W03	3950.5745	3864.1745	14	0.598	1	6.5751	0.1051	0	0.1878
W03	3951.5745	3865.1745	14	0.794	1	4.8638	0.0698	0	0.0502
W03	3952.5745	3866.1745	14	0.794	1	4.8638	0.0698	0	0.0502
W03	3953.5745	3867.1745	14	0.794	1	4.8638	0.0698	0	0.0502
W03	3954.5745	3868.1745	14	0.794	1	4.8638	0.0698	0	0.0502
W03	3955.5745	3869.1745	14	0.794	1	4.8638	0.0698	0	0.0502
W03	3956.5745	3870.1745	14	0.7355	1	5.322	0.0925	0	0.1244
W03	3957.5745	3871.1745	14	0.7355	1	5.322	0.0925	0	0.1244
W03	3958.5745	3872.1745	14		1		0.0925	0	0.1244
W03	3959.5745	3873.1745	14	0.7355	1	5.322	0.0925	0	0.1244
W03	3960.5745	3874.1745	14	0.7355	1	5.322		0	0.1244
W03	3961.5745	3875.1745	14	0.5191	1	7.4229		0	0.4877
W03	3962.5745	3876.1745	14	0.5191	1	7.4229	0.1412	0	0.4877
W03	3963.5745	3877.1745	14	0.5191	1	7.4229	0.1412	0	0.4877
W03	3964.5745	3878.1745	14	0.5191	1	7.4229	0.1412	0	0.4877
W03	3965.5745	3879.1745	14	0.5191	1	7.4229	0.1412	0	
W03	3966.5745	3880.1745	14	0.1082	1	31.5944	0.193	1	54.1167
W03	3967.5745	3881.1745	14	0.1082	1	31.5944	0.193	1	54.1167
W03	3968.5745	3882.1745	14	0.1082	1	31.5944	0.193	1	54.1167
W04	2921.086	2829.6888	9	0.4619	1	8.1046	0.1503	1	3.1235
W04	2922.086	2830.6886	9	0.4619	1	8.1046	0.1503	1	3.1235
W04	2923.086	2831.6884	9	0.4619	1	8.1046		1	2.3555
W04	2924.086	2832.6882	9	0.4619	1	8.1046	0.1391	1	2.3555
W04	2925.086	2833.6881	9	0.4611	1		0.1471	1	2.8849
W04	2926.086	2834.6879	9	0.4591	1	8.1393	0.1385	1	14.8878
W04	2927.086	2835.6877	9	0.4591	1		0.1385	1	14.8878
W04	2928.086	2836.6875	9	0.4635	1	8.0849	0.1278	1	1.7295
W04	2929.086	2837.6874	9	0.4663	1	8.0496		1	2.1896
W04	2930.086	2838.6872	9	0.4663	1	8.0496	0.1364	1	2.1896
W04	2931.086	2839.687	9	0.4698	1	8.0075	0.1247	1	1.5814
W04	2932.086	2840.6868	9		1		0.1247	1	1.5814
W04	2933.086	2841.6866	9	0.4768	1	7.9209	0.1466	1	2.8552
W04	2934.086	2842.6864	9	0.4611		8.1144	0.1618	1	4.0914
W04	2935.086	2843.6863	9	0.4611	1	8.1144	0.1618	1	4.0914
W04	2936.086	2844.6861	9	0.4453	1	8.3141	0.1382	1	2.297
W04	2937.086	2845.6859	9	0.4397	1	8.3862	0.1434	1	2.6315
W04	2938.086	2846.6857		0.4397	1	8.3862	0.1434	1	2.6315
W04	2939.086	2847.6855		0.4419	1	8.3579	0.1269	1	1.6836
W04	2940.086	2848.6853	9	0.4419	1	8.3579	0.1269	1	1.6836
W04	2941.086	2849.6851	9	0.4393	1	8.3913	0.1297	1	1.8248
W04	2942.086	2850.6849	9	0.4372	1	8.4184	0.1233	1	9.4804
W04	2943.086	2851.6847	9		1	8.4184	0.1233	1	9.4804
W04	2944.086	2852.6845	9	0.4579	1	8.1544	0.1264	1	10.4544
W04	2945.086	2853.6843	9	0.471		7.9927		1	3.102
W04	2946.086	2854.6841	9	0.471	1	7.9927	0.15	1	
W04	2947.086	2855.6839	9	0.4686	1	8.0219	0.1325	1	1.9724
W04	2948.086	2856.6837	9	0.4677	1	8.0328	0.1345	1	2.0851
W04	2949.086	2857.6835	9	0.4677	1	8.0328	0.1345	1	2.0851
W04	2950.086	2858.6833	9	0.479	1		0.1341	1	2.0614
W04	2951.086	2859.6831		0.7524	1	5.1857	0.1176	0	0.2703
W04	2952.086	2860.6829	10	0.7543	1	5.1701	0.1269	0	0.3451
W04	2953.086	2861.6827	10	0.7543	1	5.1701	0.1269	0	0.3451
W04	2954.086	2862.6825			1	5.2052	0.1272	0	0.3481
W04	2955.086	2863.6823	10	0.7532	1	5.1786	0.1217	1	38.8434
W04	2956.086	2864.682	10	0.7532	1	5.1786	0.1217	1	38.8434
W04	2957.086	2865.6818	10	0.752	1	5.1883	0.1186	1	35.044
W04	2958.086	2866.6816	10	0.752	1	5.1883	0.1186	1	35.044
W04	2959.086	2867.6814		0.749	1	5.2122	0.1131	0	0.2381
W04	2960.086	2868.6812	11	0.6211	1	6.3449	0.1672	0	0.8415
W04	2961.086	2869.681	11	0.6211	1	6.3449		0	0.8415
W04	2962.086	2870.6808	11	0.6211	1	6.3449	0.1672	0	0.8415
W04	2963.086	2871.6806	11	0.6211	1	6.3449	0.1672	0	0.8415
W04	2964.086	2872.6804	11	0.6211	1	6.3449	0.1672	0	0.8415
W04	2965.086	2873.6803	11	0.6234	1	6.3229	0.1456	0	0.5381
W04	2966.086	2874.6801	11	0.6234	1	6.3229	0.1456	0	0.5381
W04	2967.086	2875.6799	11	0.6234	1	6.3229	0.1456	0	0.5381
W04	2968.086	2876.6798	11	0.6234	1	6.3229	0.1456	0	0.5381
W04	2969.086	2877.6796		0.6234	1	6.3229	0.1456	0	0.5381
W04	2970.086	2878.6794	11		1	6.318	0.1461	0	0.5441
W04	2971.086	2879.6793	11	0.6239	1	6.318	0.1461	0	
W04	2972.086	2880.6791	11	0.6239	1	6.318	0.1461	0	0.5441
W04	2973.086	2881.679	11	0.6239	1	6.318	0.1461	0	0.5441
W04	2974.086	2882.6789	11	0.6239	1	6.318	0.1461	0	0.5441
W04	2975.086	2883.6787	11	0.6185	1	6.3706	0.1406	0	0.4811
W04	2976.086	2884.6786	11	0.6185	1	6.3706	0.1406	0	0.4811
W04	2977.086	2885.6785	11	0.6185	1	6.3706	0.1406	0	0.4811
W04	2978.086	2886.6783	11	0.6185	1	6.3706	0.1406	0	0.4811
W04	2979.086	2887.6782	11	0.6185	1	6.3706	0.1406	0	0.4811
W04	2980.086	2888.6781	11	0.6188	1	6.3678	0.1269	1	
W04	2981.086	2889.678	11	0.6188	1	6.3678	0.1269	1	10.5943
W04	2982.086	2890.6779	11	0.6188	1	6.3678	0.1269	1	10.5943
W04	2983.086	2891.6778	11	0.6188	1	6.3678	0.1269	1	
W04	2984.086	2892.6777	11	0.6188	1	6.3678	0.1269	1	10.5943
W04	2985.086	2893.6776	11	0.6201	1	6.3548	0.1235	1	9.5409
W04	2986.086	2894.6775		0.6201	1	6.3548	0.1235	1	9.5409
W04	2987.086	2895.6774	11	0.6201	1	6.3548	0.1235	1	9.5409
W04	2988.086	2896.6773	11	0.6201		6.3548	0.1235	1	9.5409
W04	2989.086	2897.6772	11	0.6201	1	6.3548	0.1235	1	9.5409
W04	2990.086	2898.6771	11	0.6282	1	6.2764	0.1215	1	8.9461
W04	2991.086	2899.6771	11	0.6282	1	6.2764	0.1215	1	8.9461
W04	2992.086	2900.677	11	0.6282	1	6.2764	0.1215	1	8.9461
W04	2993.086	2901.6769	11	0.6282	1	6.2764	0.1215	1	8.9461
W04	2994.086	2902.6768	11	0.6282	1	6.2764	0.1215	1	8.9461
W04	2995.086	2903.6768	11	0.6285	1	6.273	0.118	1	7.9798
W04	2996.086	2904.6767	11	0.6285	1	6.273	0.118	1	7.9798
W04	2997.086	2905.6766	11	0.6285	1	6.273	0.118	1	7.9798
W04	2998.086	2906.6766	11	0.6285	1	6.273	0.118	1	7.9798
W04	2999.086	2907.6765	11	0.6285	1	6.273	0.118	1	7.9798
W04	3000.086	2908.6765	11	0.6288	1	6.271	0.1208	1	
W04	3001.086	2909.6764	11	0.6288	1	6.271	0.1208	1	8.7633
W04	3002.086	2910.6764	11	0.6288	1	6.271	0.1208	1	8.7633
W04	3003.086	2911.6763	11	0.6288	1	6.271	0.1208	1	8.7633
W04	3004.086	2912.6763	11	0.6288	1	6.271	0.1208	1	8.7633
W04	3005.086	2913.6762	11	0.6289	1	6.27	0.1224	1	9.2155
W04	3006.086	2914.6762	11	0.6289	1	6.27	0.1224	1	9.2155
W04	3007.086	2915.6761	11	0.6289	1	6.27	0.1224	1	9.2155
W04	3008.086	2916.6761		0.6289	1	6.27	0.1224	1	9.2155
W04	3009.086	2917.6761	11	0.6289	1	6.27	0.1224	1	9.2155
W04	3010.086	2918.676	11	0.6289	1	6.27	0.1238	1	9.6398
W04	3011.086	2919.676	11		1	6.27	0.1238	1	9.6398
W04	3012.086	2920.676	11	0.6289	1	6.27	0.1238	1	
W04	3013.086	2921.6759	11	0.6289	1	6.27	0.1238	1	9.6398
W04	3014.086	2922.6759	11	0.6289		6.27	0.1238	1	9.6398
W04	3015.086	2923.6759	11	0.6205	1	6.351	0.1248	1	9.9515
W04	3016.086	2924.6758	11	0.6205	1	6.351	0.1248	1	9.9515
W04	3017.086	2925.6758	11	0.6205	1	6.351	0.1248	1	9.9515
W04	3018.086	2926.6758	11	0.6205	1	6.351	0.1248	1	9.9515
W04	3019.086	2927.6758	11	0.6205	1	6.351	0.1248	1	
W05	1964.9032	1873.4005	0	0.4747	0.5484	7.9471	0.1818	1	6.2575
W05	1965.9032	1874.3999	0	0.4747	0.5484	7.9471	0.1818	1	6.2575
W05	1966.9032	1875.3993	0	0.4747	0.5484	7.9471	0.1818	1	6.2575
W05	1967.9032	1876.3987	0	0.4747	0.5484	7.9471	0.1818	1	6.2575
W05	1968.9032	1877.3981	0	0.4747	0.5484	7.9471	0.1818	1	6.2575
W05	1969.9032	1878.3975	0	0.4826	0.5673	7.8515	0.1737	1	5.3003
W05	1970.9032	1879.3969	0	0.4826	0.5673	7.8515	0.1737	1	5.3003
W05	1971.9032	1880.3963	0	0.4826	0.5673	7.8515	0.1737	1	5.3003
W05	1972.9032	1881.3957	0	0.4826	0.5673	7.8515	0.1737	1	5.3003
W05	1973.9032	1882.395	0	0.4826	0.5673	7.8515	0.1737	1	5.3003
W05	1974.9032	1883.3944	0	0.5317	0.5326	7.2801	0.1892	1	7.2406
W05	1975.9032	1884.3938	0	0.5317	0.5326	7.2801	0.1892	1	7.2406
W05	1976.9032	1885.3932	0	0.5317	0.5326	7.2801	0.1892	1	7.2406
W05	1977.9032	1886.3926	0	0.5317	0.5326	7.2801	0.1892	1	7.2406
W05	1978.9032	1887.392	0	0.5317	0.5326	7.2801	0.1892	1	7.2406
W05	1979.9032	1888.3914	0		0.2839	7.9168	0.2068	1	70.8679
W05	1980.9032	1889.3908	0	0.4772	0.2839	7.9168	0.2068	1	70.8679
W05	1981.9032	1890.3902	0	0.4772		7.9168		1	70.8679
W05	1982.9032	1891.3896	0	0.4772	0.2839		0.2068	1	70.8679
W05	1983.9032	1892.389	0	0.4772	0.2839	7.9168	0.2068	1	70.8679
W05	1984.9032	1893.3883	0	0.3441	0.2673	9.7136		1	93.6931
W05	1985.9032	1894.3877	0	0.3441		9.7136	0.2223	1	93.6931
W05	1986.9032	1895.3871	0	0.3441	0.2673	9.7136	0.2223	1	93.6931
W05	1987.9032	1896.3865	0	0.3441		9.7136	0.2223	1	93.6931
W05	1988.9032	1897.3859	0	0.3441	0.2673	9.7136	0.2223	1	93.6931
W05	1989.9032	1898.3853	0	0.3625	0.9617	9.4428		0	0.6645
W05	1990.9032	1899.3847	0	0.3625	0.9617	9.4428	0.1554	0	0.6645
W05	1991.9032	1900.3841	0	0.3625	0.9617	9.4428	0.1554	0	0.6645
W05	1992.9032	1901.3835	0	0.3625	0.9617	9.4428	0.1554	0	0.6645
W05	1993.9032	1902.3829	0	0.3625	0.9617	9.4428	0.1554	0	0.6645
W05	1994.9032	1903.3823	0	0.4677	0.9524	8.0331	0.1581	0	0.7022
W05	1995.9032	1904.3817	0	0.4677	0.9524	8.0331	0.1581	0	0.7022
W05	1996.9032	1905.3811	0	0.4677	0.9524	8.0331	0.1581	0	0.7022
W05	1997.9032	1906.3804	0	0.4677	0.9524	8.0331	0.1581	0	0.7022
W05	1998.9032	1907.3798	0	0.4677	0.9524	8.0331	0.1581	0	0.7022
W05	1999.9032	1908.3792	0	0.5502	1	7.0758	0.1441	0	0.5203
W05	2000.9032	1909.3786		0.5502	1		0.1441	0	0.5203
W05	2001.9032	1910.378	0	0.5502	1	7.0758	0.1441	0	0.5203
W05	2002.9032	1911.3774	0	0.5502	1	7.0758	0.1441	0	0.5203
W05	2003.9032	1912.3768	0	0.5502	1		0.1441	0	0.5203
W05	2004.9032	1913.3762	0		1	8.0493	0.143	0	
W05	2005.9032	1914.3756	0	0.4664	1	8.0493	0.143	0	0.5074
W05	2006.9032	1915.375	0	0.4664	1	8.0493	0.143	0	0.5074
W05	2007.9032	1916.3744	0	0.4664	1	8.0493	0.143	0	0.5074
W05	2008.9032	1917.3738	0	0.4664	1	8.0493	0.143	0	0.5074
W05	2009.9032	1918.3732	0	0.4463	0.9616		0.1555	0	0.6653
W05	2010.9032	1919.3726	0	0.4463	0.9616	8.3016	0.1555	0	0.6653
W05	2011.9032	1920.3719	0	0.4463	0.9616	8.3016	0.1555	0	0.6653
W05	2012.9032	1921.3713	0	0.4463	0.9616	8.3016	0.1555	0	0.6653
W05	2013.9032	1922.3707	0	0.4463	0.9616	8.3016	0.1555	0	0.6653
W05	2014.9032	1923.3701	0	0.5204	0.9742	7.4078		0	0.6174
W05	2015.9032	1924.3695	0	0.5204	0.9742	7.4078	0.1519	0	0.6174
W05	2016.9032	1925.3689	0	0.5204	0.9742	7.4078	0.1519	0	0.6174
W05	2017.9032	1926.3683	0	0.5204	0.9742	7.4078	0.1519	0	
W05	2018.9032	1927.3677	0	0.5204	0.9742	7.4078	0.1519	0	0.6174
W05	2019.9032	1928.3671	0	0.5783		6.7767	0.1466	0	0.5507
W05	2020.9032	1929.3665	0	0.5783	0.9937	6.7767	0.1466	0	0.5507
W05	2021.9032	1930.3659	0	0.5783	0.9937	6.7767	0.1466	0	0.5507
W05	2022.9032	1931.3653	0			6.7767	0.1466	0	0.5507
W05	2023.9032	1932.3647	0	0.5783	0.9937	6.7767	0.1466	0	0.5507
W05	2024.9032	1933.3641	0	0.5712	0.9195	6.8515	0.1683	0	0.8587
W05	2025.9032	1934.3635	0	0.5712	0.9195	6.8515	0.1683	0	
W05	2026.9032	1935.3628		0.5712	0.9195	6.8515	0.1683	0	
W05	2027.9032	1936.3622	0		0.9195	6.8515	0.1683	0	0.8587
W05	2028.9032	1937.3616	0	0.5712	0.9195	6.8515	0.1683	0	0.8587
W05	2029.9032	1938.361	0	0.6716	0.8958	5.8711	0.1761	0	0.9953
W05	2030.9032	1939.3604	0	0.6716	0.8958	5.8711	0.1761	0	0.9953
W05	2031.9032	1940.3598	0	0.6716	0.8958	5.8711	0.1761	0	0.9953
W05	2032.9032	1941.3592	0	0.6716	0.8958	5.8711	0.1761	0	0.9953
W05	2033.9032	1942.3586		0.6716	0.8958		0.1761	0	0.9953
W05	2034.9032	1943.358	0	0.7437	0.8953	5.2548	0.1764	0	0.9993
W05	2035.9032	1944.3574	0	0.7437	0.8953	5.2548		0	0.9993
W05	2036.9032	1945.3568	0	0.7437	0.8953	5.2548	0.1764	0	0.9993
W05	2037.9032	1946.3561	0	0.7437	0.8953	5.2548	0.1764	0	0.9993
W05	2038.9032	1947.3555	0	0.7437	0.8953	5.2548	0.1764	0	0.9993
W05	2039.9032	1948.3549	0		0.8979	5.6158	0.1755	0	0.9831
W05	2040.9032	1949.3543	0	0.7005	0.8979	5.6158	0.1755	0	0.9831
W05	2041.9032	1950.3537	0	0.7005	0.8979	5.6158	0.1755	0	0.9831
W05	2042.9032	1951.353	0	0.7005	0.8979	5.6158	0.1755	0	0.9831
W05	2043.9032	1952.3524	0	0.7005	0.8979	5.6158	0.1755	0	0.9831
W05	2044.9032	1953.3518	0	0.7202	0.8919	5.4481	0.1776	0	1.0217
W05	2045.9032	1954.3511	0	0.7202	0.8919	5.4481	0.1776	0	1.0217
W05	2046.9032	1955.3505	0	0.7202	0.8919	5.4481	0.1776	0	1.0217
W05	2047.9032	1956.3499	0	0.7202	0.8919	5.4481	0.1776	0	1.0217
W05	2048.9032	1957.3492	0	0.7202	0.8919		0.1776	0	1.0217
W05	2049.9032	1958.3486	0	0.8196	0.8791	4.6762	0.1821	0	1.1083
W05	2050.9032	1959.348	0	0.8196	0.8791	4.6762	0.1821	0	1.1083
W05	2051.9032	1960.3473	0	0.8196	0.8791	4.6762	0.1821	0	1.1083
W05	2052.9032	1961.3467	0	0.8196	0.8791	4.6762	0.1821	0	1.1083
W05	2053.9032	1962.346	0	0.8196	0.8791	4.6762	0.1821	0	1.1083
W05	2054.9032	1963.3454	0	0.7721	0.8779	5.0303	0.1826	0	1.1177
W05	2055.9032	1964.3447	0	0.7721	0.8779	5.0303	0.1826	0	1.1177
W05	2056.9032	1965.3441	0	0.7721	0.8779		0.1826	0	1.1177
W05	2057.9032	1966.3434		0.7721	0.8779	5.0303	0.1826	0	1.1177
W05	2058.9032	1967.3428	0	0.7721	0.8779	5.0303	0.1826	0	1.1177
W05	2059.9032	1968.3421	0	0.6489	0.9141	6.0793	0.1701	0	0.89
W05	2060.9032	1969.3415	0	0.6489	0.9141	6.0793	0.1701	0	0.89
W05	2061.9032	1970.3408	0	0.6489	0.9141	6.0793	0.1701	0	0.89
W05	2062.9032	1971.3402	0	0.6489	0.9141	6.0793	0.1701	0	0.89
W05	2063.9032	1972.3395	0	0.6869	0.9333	5.7349	0.164	0	0.7909
W05	2064.9032	1973.3388	0	0.6869	0.9333	5.7349	0.164	0	0.7909
W05	2065.9032	1974.3382	0	0.6869	0.9333	5.7349	0.164	0	0.7909
W05	2066.9032	1975.3375	0	0.6869	0.9333	5.7349	0.164	0	0.7909
W05	2067.9032	1976.3368	0	0.6869		5.7349	0.164	0	0.7909
W05	2068.9032	1977.3362	0	0.7202	0.9153	5.4487	0.1698	0	0.8842
W05	2069.9032	1978.3355	0	0.7202	0.9153	5.4487	0.1698	0	0.8842
W05	2070.9032	1979.3348		0.7202		5.4487		0	0.8842
W05	2071.9032	1980.3342	0	0.7202	0.9153	5.4487		0	0.8842
W05	2072.9032	1981.3335		0.7202	0.9153	5.4487	0.1698	0	0.8842
W05	2073.9032	1982.3328	0	0.7291	0.903	5.3741		0	0.9553
W05	2074.9032	1983.3321	0	0.7291	0.903	5.3741	0.1739	0	0.9553
W05	2075.9032	1984.3314	0	0.7291	0.903	5.3741	0.1739	0	0.9553
W05	2076.9032	1985.3307	0	0.7291	0.903	5.3741	0.1739	0	0.9553
W05	2077.9032	1986.3301	0	0.7291	0.903	5.3741	0.1739	0	0.9553
W05	2078.9032	1987.3294	0	0.7256	0.8933	5.4033	0.1773	0	1.0159
W05	2079.9032	1988.3287	0	0.7256	0.8933	5.4033	0.1773	0	1.0159
W05	2080.9032	1989.328	0	0.7256	0.8933	5.4033	0.1773	0	
W05	2081.9032	1990.3273	0	0.7256	0.8933	5.4033	0.1773	0	1.0159
W05	2082.9032	1991.3266	0	0.7256	0.8933	5.4033	0.1773	0	1.0159
W05	2083.9032	1992.3259	0	0.7088	0.8736		0.1843	0	1.1526
W05	2084.9032	1993.3252	0	0.7088	0.8736	5.5446	0.1843	0	1.1526
W05	2085.9032	1994.3245	0	0.7088	0.8736	5.5446	0.1843	0	1.1526
W05	2086.9032	1995.3238	0	0.7088	0.8736	5.5446	0.1843	0	1.1526
W05	2087.9032	1996.3231	0	0.7088	0.8736	5.5446	0.1843	0	1.1526
W05	2088.9032	1997.3224	0	0.6324	0.9013	6.2363		0	0.9668
W05	2089.9032	1998.3217	0	0.6324	0.9013	6.2363	0.1746	0	0.9668
W05	2090.9032	1999.321	0	0.6324	0.9013	6.2363	0.1746	0	0.9668
W05	2091.9032	2000.3203	0	0.6324	0.9013	6.2363	0.1746	0	0.9668
W05	2092.9032	2001.3196	0	0.6324	0.9013	6.2363	0.1746	0	
W05	2093.9032	2002.3188	0	0.6975	0.9174	5.6424	0.1692	0	0.8745
W05	2094.9032	2003.3181	0	0.6975	0.9174	5.6424	0.1692	0	0.8745
W05	2095.9032	2004.3174	0	0.6975	0.9174	5.6424	0.1692	0	
W05	2096.9032	2005.3167	0	0.6975	0.9174	5.6424	0.1692	0	0.8745
W05	2097.9032	2006.316	0	0.6975	0.9174	5.6424	0.1692	0	0.8745
W05	2098.9032	2007.3152	0			5.2815	0.1678	0	0.8517
W05	2099.9032	2008.3145	0	0.7405	0.9217	5.2815	0.1678	0	0.8517
W05	2100.9032	2009.3138	0	0.7405	0.9217	5.2815	0.1678	0	0.8517
W05	2101.9032	2010.3131	0	0.7405	0.9217	5.2815	0.1678	0	0.8517
W05	2102.9032	2011.3123	0	0.7405	0.9217	5.2815	0.1678	0	0.8517
W05	2103.9032	2012.3116	0	0.6731	0.925		0.1668	0	0.8351
W05	2104.9032	2013.3109	0	0.6731	0.925	5.8577	0.1668	0	0.8351
W05	2105.9032	2014.3101	0	0.6731	0.925	5.8577	0.1668	0	0.8351
W05	2106.9032	2015.3094	0	0.6731	0.925	5.8577	0.1668	0	0.8351
W05	2107.9032	2016.3086	0	0.6731	0.925	5.8577		0	0.8351
W05	2108.9032	2017.3079	0	0.6572	0.9065	6.0023		0	0.9376
W05	2109.9032	2018.3071	0	0.6572	0.9065	6.0023	0.1729	0	0.9376
W05	2110.9032	2019.3064	0	0.6572	0.9065	6.0023	0.1729	0	0.9376
W05	2111.9032	2020.3057	0	0.6572	0.9065	6.0023	0.1729	0	
W05	2112.9032	2021.3049	0	0.6572	0.9065	6.0023	0.1729	0	0.9376
W05	2113.9032	2022.3042	0	0.605	0.923	6.5041	0.1675	0	0.8463
W05	2114.9032	2023.3034	0	0.605	0.923	6.5041	0.1675	0	0.8463
W05	2115.9032	2024.3026	0	0.605	0.923	6.5041	0.1675	0	0.8463
W05	2116.9032	2025.3019	0	0.605	0.923	6.5041	0.1675	0	0.8463
W05	2117.9032	2026.3011	0	0.605	0.923	6.5041	0.1675	0	0.8463
W05	2118.9032	2027.3004	0	0.6244	0.9027	6.3135	0.1743	0	0.9617
W05	2119.9032	2028.2996	0	0.6244	0.9027	6.3135	0.1743	0	0.9617
W05	2120.9032	2029.2988	0	0.6244	0.9027	6.3135	0.1743	0	0.9617
W05	2121.9032	2030.2981	0	0.6244	0.9027	6.3135	0.1743	0	0.9617
W05	2122.9032	2031.2973	0	0.6244	0.9027	6.3135	0.1743	0	0.9617
W05	2123.9032	2032.2965	0	0.6413	0.8603	6.1508	0.1897	0	
W05	2124.9032	2033.2957	0	0.6413	0.8603	6.1508	0.1897	0	1.2636
W05	2125.9032	2034.295	0	0.6413	0.8603	6.1508	0.1897	0	1.2636
W05	2126.9032	2035.2942	0	0.6413	0.8603	6.1508	0.1897	0	1.2636
W05	2127.9032	2036.2934	0	0.6413	0.8603	6.1508	0.1897	0	1.2636
W05	2128.9032	2037.2926	0	0.7211		5.4413	0.1838	0	
W05	2129.9032	2038.2919	0	0.7211	0.876	5.4413	0.1838	0	1.1419
W05	2130.9032	2039.2911	0	0.7211	0.876	5.4413	0.1838	0	1.1419
W05	2131.9032	2040.2903	0	0.7211	0.876	5.4413	0.1838	0	1.1419
W05	2132.9032	2041.2895	0	0.7211	0.876	5.4413	0.1838	0	1.1419
W05	2133.9032	2042.2887	0	0.721	0.8574	5.4418	0.1909	0	1.2898
W05	2134.9032	2043.2879	0	0.721	0.8574	5.4418	0.1909	0	1.2898
W05	2135.9032	2044.2871	0	0.721	0.8574	5.4418	0.1909	0	1.2898
W05	2136.9032	2045.2863	0		0.8574	5.4418	0.1909	0	1.2898
W05	2137.9032	2046.2855	0	0.721	0.8574	5.4418	0.1909	0	1.2898
W05	2138.9032	2047.2848	0	0.7438	0.8525	5.2547	0.1928	0	1.3329
W05	2139.9032	2048.284	0	0.7438		5.2547	0.1928	0	1.3329
W05	2140.9032	2049.2832	0	0.7438	0.8525	5.2547	0.1928	0	1.3329
W05	2141.9032	2050.2824	0	0.7438	0.8525	5.2547	0.1928	0	1.3329
W05	2142.9032	2051.2816	0	0.7438	0.8525	5.2547	0.1928	0	1.3329
W05	2143.9032	2052.2807	0	0.4606	0.9727	8.121	0.1525	0	0.6253
W05	2144.9032	2053.2799	0	0.4606	0.9727	8.121	0.1525	0	0.6253
W05	2145.9032	2054.2791	0	0.4606	0.9727	8.121	0.1525	0	0.6253
W05	2146.9032	2055.2783	0	0.4606	0.9727	8.121		0	0.6253
W05	2147.9032	2056.2775			0.9631		0.1553	0	0.6629
W05	2148.9032	2057.2767	0	0.4788	0.9631	7.8964	0.1553	0	0.6629
W05	2149.9032	2058.2759	1	0.4388	0.4841	8.3976	0.2184	1	12.2198
W05	2150.9032	2059.2751	1	0.4388	0.4841	8.3976	0.2184	1	12.2198
W05	2151.9032	2060.2743	1	0.4388	0.4841	8.3976	0.2184	1	12.2198
W05	2152.9032	2061.2734	1	0.4388	0.4841	8.3976	0.2184	1	12.2198
W05	2153.9032	2062.2726	1	0.4388	0.4841	8.3976	0.2184	1	12.2198
W05	2154.9032	2063.2718	1	0.3717	0.2784	9.3105	0.2154	1	82.9029
W05	2155.9032	2064.271	1	0.3717	0.2784	9.3105	0.2154	1	82.9029
W05	2156.9032	2065.2701	1	0.3717	0.2784	9.3105	0.2154	1	82.9029
W05	2157.9032	2066.2693			0.2784	9.3105	0.2154	1	82.9029
W05	2158.9032	2067.2685	1	0.3717			0.2154	1	82.9029
W05	2159.9032	2068.2677	1	0.2266	0.2484	11.637	0.2467	1	140.6246
W05	2160.9032	2069.2668		0.2266	0.2484	11.637	0.2467	1	140.6246
W05	2161.9032	2070.266	1	0.2266	0.2484	11.637	0.2467	1	140.6246
W05	2162.9032	2071.2651	1	0.2266	0.2484	11.637	0.2467	1	140.6246
W05	2163.9032	2072.2643	1	0.2266	0.2484	11.637	0.2467	1	140.6246
W05	2164.9032	2073.2635	1	0.2532	0.2386	11.1709	0.2589	1	169.573
W05	2165.9032	2074.2626	1	0.2532	0.2386	11.1709	0.2589	1	169.573
W05	2166.9032	2075.2618	1		0.2386		0.2589	1	169.573
W05	2167.9032	2076.2609	1	0.2532	0.2386	11.1709	0.2589	1	169.573
W05	2168.9032	2077.2601	1	0.2532	0.2386	11.1709	0.2589	1	169.573
W05	2169.9032	2078.2592	1	0.2136	0.1468	11.8725	0.2669	1	907.5776
W05	2170.9032	2079.2584		0.2136	0.1468	11.8725	0.2669	1	907.5776
W05	2171.9032	2080.2575	1	0.2136	0.1468	11.8725	0.2669	1	907.5776
W05	2172.9032	2081.2567	1	0.2136	0.1468	11.8725	0.2669	1	907.5776
W05	2173.9032	2082.2558	1	0.2136	0.1468	11.8725	0.2669	1	907.5776
W05	2174.9032	2083.255	1	0.1724	0.1476	16.9867	0.2654	1	887.3086
W05	2175.9032	2084.2541	1	0.1724	0.1476	16.9867	0.2654	1	887.3086
W05	2176.9032	2085.2532	1	0.1724	0.1476	16.9867	0.2654	1	887.3086
W05	2177.9032	2086.2524	1	0.1724	0.1476	16.9867	0.2654	1	887.3086
W05	2178.9032	2087.2515	1	0.1724	0.1476	16.9867	0.2654	1	887.3086
W05	2179.9032	2088.2506	1	0.1694	0.1472	17.4809	0.2664	1	900.6407
W05	2180.9032	2089.2498	1	0.1694	0.1472	17.4809	0.2664	1	900.6407
W05	2181.9032	2090.2489	1	0.1694		17.4809	0.2664	1	900.6407
W05	2182.9032	2091.248	1	0.1694	0.1472	17.4809	0.2664	1	900.6407
W05	2183.9032	2092.2472	1	0.1694	0.1472	17.4809	0.2664	1	900.6407
W05	2184.9032	2093.2463	1	0.4686	0.8376	8.0213	0.1994	0	1.4847
W05	2185.9032	2094.2454		0.4686	0.8376	8.0213	0.1994	0	1.4847
W05	2186.9032	2095.2445	1	0.4686	0.8376	8.0213	0.1994	0	1.4847
W05	2187.9032	2096.2436	1	0.4686	0.8376	8.0213	0.1994	0	1.4847
W05	2188.9032	2097.2427	1	0.4686	0.8376	8.0213	0.1994	0	1.4847
W05	2189.9032	2098.2419	1	0.4923	0.8884	7.7349	0.1797	0	1.0623
W05	2190.9032	2099.241	1	0.4923	0.8884	7.7349	0.1797	0	1.0623
W05	2191.9032	2100.2401	1	0.4923	0.8884	7.7349	0.1797	0	1.0623
W05	2192.9032	2101.2392	1	0.4923	0.8884	7.7349	0.1797	0	1.0623
W05	2193.9032	2102.2383	1	0.4923	0.8884	7.7349	0.1797	0	1.0623
W05	2194.9032	2103.2374	1	0.5827	0.5232	6.7312	0.1977	1	8.4906
W05	2195.9032	2104.2365	1	0.5827		6.7312	0.1977	1	8.4906
W05	2196.9032	2105.2356	1	0.5827	0.5232	6.7312	0.1977	1	8.4906
W05	2197.9032	2106.2347	1	0.5827	0.5232	6.7312	0.1977	1	8.4906
W05	2198.9032	2107.2338	1	0.5827	0.5232	6.7312	0.1977	1	8.4906
W05	2199.9032	2108.2329	1	0.4988	0.5598	7.6574	0.1804	1	6.0852
W05	2200.9032	2109.232	1	0.4988	0.5598	7.6574	0.1804	1	6.0852
W05	2201.9032	2110.2311	1	0.4988		7.6574	0.1804	1	6.0852
W05	2202.9032	2111.2301		0.4988	0.5598	7.6574	0.1804	1	6.0852
W05	2203.9032	2112.2292	1	0.5176	0.9254	7.4394	0.1672	0	0.8408
W05	2204.9032	2113.2283	1	0.5176	0.9254	7.4394	0.1672	0	0.8408
W05	2205.9032	2114.2274		0.5176	0.9254		0.1672	0	0.8408
W05	2206.9032	2115.2265	1	0.5176	0.9254	7.4394	0.1672	0	0.8408
W05	2207.9032	2116.2255	1	0.5176	0.9254	7.4394	0.1672	0	0.8408
W05	2208.9032	2117.2246	1	0.502	0.5598	7.62	0.1806	1	6.1104
W05	2209.9032	2118.2237	1	0.502	0.5598	7.62	0.1806	1	6.1104
W05	2210.9032	2119.2228	1	0.502	0.5598	7.62	0.1806	1	6.1104
W05	2211.9032	2120.2218	1	0.502	0.5598		0.1806	1	6.1104
W05	2212.9032	2121.2209	1	0.502	0.5598	7.62	0.1806	1	6.1104
W05	2213.9032	2122.22	1	0.4957	0.5571		0.1819	1	6.2731
W05	2214.9032	2123.219	1	0.4957	0.5571	7.694	0.1819	1	
W05	2215.9032	2124.2181	1	0.4957	0.5571	7.694	0.1819	1	6.2731
W05	2216.9032	2125.2171		0.4957	0.5571	7.694	0.1819	1	6.2731
W05	2217.9032	2126.2162	1	0.4957	0.5571	7.694	0.1819	1	6.2731
W05	2218.9032	2127.2153	1	0.4833	0.5523	7.8422	0.1842	1	6.5595
W05	2219.9032	2128.2143	1	0.4833	0.5523	7.8422	0.1842	1	6.5595
W05	2220.9032	2129.2134	1	0.4833			0.1842	1	6.5595
W05	2221.9032	2130.2124	1	0.4833	0.5523	7.8422	0.1842	1	6.5595
W05	2222.9032	2131.2114	1	0.4833	0.5523	7.8422	0.1842	1	6.5595
W05	2223.9032	2132.2105	1	0.446	0.54	8.305	0.1901	1	7.3582
W05	2224.9032	2133.2095	1	0.446	0.54	8.305	0.1901	1	7.3582
W05	2225.9032	2134.2086	1	0.446	0.54	8.305	0.1901	1	7.3582
W05	2226.9032	2135.2076	1	0.446	0.54	8.305	0.1901	1	7.3582
W05	2227.9032	2136.2066	1	0.446	0.54		0.1901	1	
W05	2228.9032	2137.2057	1	0.2077	0.1505	11.9803	0.2617	1	838.3995
W05	2229.9032	2138.2047	1	0.2077	0.1505	11.9803	0.2617	1	838.3995
W05	2230.9032	2139.2037	1	0.2077	0.1505	11.9803	0.2617	1	838.3995
W05	2231.9032	2140.2028	1	0.2077	0.1505	11.9803	0.2617	1	838.3995
W05	2232.9032	2141.2018	1	0.2077	0.1505	11.9803	0.2617	1	838.3995
W05	2233.9032	2142.2008	1	0.3405	0.2567	9.7673	0.2396	1	125.5863
W05	2234.9032	2143.1998		0.3405	0.2567	9.7673	0.2396	1	125.5863
W05	2235.9032	2144.1988	1	0.3405	0.2567	9.7673	0.2396	1	125.5863
W05	2236.9032	2145.1979	1	0.3405	0.2567	9.7673	0.2396	1	125.5863
W05	2237.9032	2146.1969	1	0.3405	0.2567	9.7673	0.2396	1	125.5863
W05	2238.9032	2147.1959	1			11.2357	0.254	1	744.2121
W05	2239.9032	2148.1949	1	0.2494	0.1547	11.2357	0.254	1	744.2121
W05	2240.9032	2149.1939	1			11.2357	0.254	1	744.2121
W05	2241.9032	2150.1929	1	0.2494	0.1547	11.2357	0.254	1	744.2121
W05	2242.9032	2151.1919	1	0.2494	0.1547	11.2357	0.254	1	744.2121
W05	2243.9032	2152.1909	1	0.3196	0.2769	10.0868	0.2194	1	89.1327
W05	2244.9032	2153.1899	1	0.3196	0.2769	10.0868	0.2194	1	89.1327
W05	2245.9032	2154.1889	1	0.3196	0.2769	10.0868	0.2194	1	89.1327
W05	2246.9032	2155.1879	1	0.3196	0.2769	10.0868	0.2194	1	89.1327
W05	2247.9032	2156.1869	1	0.3196	0.2769	10.0868	0.2194	1	89.1327
W05	2248.9032	2157.1859	1	0.4459	0.5266	8.3065	0.1973	1	8.4316
W05	2249.9032	2158.1849		0.4459	0.5266	8.3065	0.1973	1	8.4316
W05	2250.9032	2159.1838	1	0.4459	0.5266	8.3065	0.1973	1	8.4316
W05	2251.9032	2160.1828	1	0.4459	0.5266	8.3065	0.1973	1	8.4316
W05	2252.9032	2161.1818	1	0.4459	0.5266	8.3065	0.1973	1	8.4316
W05	2253.9032	2162.1808	1	0.4245		8.5845	0.2377	1	121.6402
W05	2254.9032	2163.1798	1	0.4245	0.2592	8.5845	0.2377	1	121.6402
W05	2255.9032	2164.1787	1	0.4245	0.2592	8.5845	0.2377	1	121.6402
W05	2256.9032	2165.1777	1	0.4245	0.2592	8.5845	0.2377	1	121.6402
W05	2257.9032	2166.1767	1	0.4245	0.2592	8.5845	0.2377	1	121.6402
W05	2258.9032	2167.1756	1	0.4089	0.2585	8.7926	0.2386	1	123.4469
W05	2259.9032	2168.1746	1	0.4089	0.2585	8.7926	0.2386	1	123.4469
W05	2260.9032	2169.1736	1	0.4089	0.2585	8.7926	0.2386	1	123.4469
W05	2261.9032	2170.1725	1	0.4089	0.2585	8.7926	0.2386	1	123.4469
W05	2262.9032	2171.1715	1	0.4089		8.7926	0.2386	1	
W05	2263.9032	2172.1704	1	0.2464	0.2504	11.2883	0.248	1	143.3905
W05	2264.9032	2173.1694	1	0.2464	0.2504	11.2883	0.248	1	143.3905
W05	2265.9032	2174.1684	1	0.2464	0.2504	11.2883	0.248	1	143.3905
W05	2266.9032	2175.1673	1	0.2464	0.2504	11.2883	0.248	1	143.3905
W05	2267.9032	2176.1662	1	0.2464	0.2504	11.2883	0.248	1	143.3905
W05	2268.9032	2177.1652	1	0.2963		10.4541	0.2255	1	99.1466
W05	2269.9032	2178.1641	1	0.2963	0.2714	10.4541	0.2255	1	99.1466
W05	2270.9032	2179.1631	1	0.2963	0.2714	10.4541	0.2255	1	99.1466
W05	2271.9032	2180.162	1	0.2963	0.2714	10.4541	0.2255	1	99.1466
W05	2272.9032	2181.161	1	0.2963	0.2714	10.4541	0.2255	1	
W05	2273.9032	2182.1599	1	0.2418	0.254	11.3685	0.2442	1	135.1226
W05	2274.9032	2183.1588	1	0.2418	0.254	11.3685	0.2442	1	135.1226
W05	2275.9032	2184.1577	1	0.2418	0.254	11.3685		1	135.1226
W05	2276.9032	2185.1567	1	0.2418	0.254	11.3685	0.2442	1	135.1226
W05	2277.9032	2186.1556	1	0.2418	0.254	11.3685	0.2442	1	135.1226
W05	2278.9032	2187.1545	1	0.2358	0.247	11.4745	0.2526	1	154.131
W05	2279.9032	2188.1534	1	0.2358	0.247	11.4745	0.2526	1	154.131
W05	2280.9032	2189.1524	1	0.2358	0.247	11.4745	0.2526	1	154.131
W05	2281.9032	2190.1513	1	0.2358	0.247	11.4745	0.2526	1	154.131
W05	2282.9032	2191.1502	1	0.2358	0.247	11.4745	0.2526	1	154.131
W05	2283.9032	2192.1491	1	0.325	0.2612	10.0039	0.2366	1	119.5698
W05	2284.9032	2193.148		0.325	0.2612	10.0039	0.2366	1	119.5698
W05	2285.9032	2194.1469	1	0.325	0.2612		0.2366	1	119.5698
W05	2286.9032	2195.1458		0.325	0.2612	10.0039	0.2366	1	119.5698
W05	2287.9032	2196.1447	1	0.397	0.2821	8.9553	0.2161	1	84.0423
W05	2288.9032	2197.1436	1		0.2821	8.9553	0.2161	1	84.0423
W05	2289.9032	2198.1425	1	0.397	0.2821	8.9553	0.2161	1	
W05	2290.9032	2199.1414	1	0.397	0.2821	8.9553	0.2161	1	84.0423
W05	2291.9032	2200.1403	1	0.397	0.2821	8.9553	0.2161	1	84.0423
W05	2292.9032	2201.1392	1	0.5582	0.5453	6.989	0.1894	1	7.257
W05	2293.9032	2202.1381		0.5582	0.5453	6.989	0.1894	1	7.257
W05	2294.9032	2203.137	1	0.5582	0.5453	6.989	0.1894	1	7.257
W05	2295.9032	2204.1359	1	0.5582		6.989	0.1894	1	7.257
W05	2296.9032	2205.1347	1	0.5582	0.5453	6.989	0.1894	1	7.257
W05	2297.9032	2206.1336	1	0.4394		8.3899	0.2123	1	11.0153
W05	2298.9032	2207.1325	1	0.4394	0.5017	8.3899	0.2123	1	11.0153
W05	2299.9032	2208.1314	1	0.4394	0.5017	8.3899	0.2123	1	11.0153
W05	2300.9032	2209.1303	1	0.5137	0.9165	7.4845	0.1708	0	0.9015
W05	2301.9032	2210.1291	1	0.5137	0.9165	7.4845	0.1708	0	0.9015
W05	2302.9032	2211.128	1	0.5645	0.909	6.9224	0.1734	0	0.9467
W05	2303.9032	2212.1269	4	0.4307	0.4978	8.5032	0.2149	1	11.5124
W05	2304.9032	2213.1257	4	0.4307	0.4978	8.5032	0.2149	1	11.5124
W05	2305.9032	2214.1246	4	0.4307	0.4978	8.5032	0.2149	1	11.5124
W05	2306.9032	2215.1234	4	0.4307	0.4978	8.5032	0.2149	1	11.5124
W05	2307.9032	2216.1223		0.4307	0.4978	8.5032	0.2149	1	11.5124
W05	2308.9032	2217.1212	4	0.3527	0.2532	9.5865	0.2467	1	140.6853
W05	2309.9032	2218.12	4	0.3527	0.2532	9.5865	0.2467	1	140.6853
W05	2310.9032	2219.1189	4		0.2532	9.5865	0.2467	1	140.6853
W05	2311.9032	2220.1177	4	0.3527	0.2532		0.2467	1	140.6853
W05	2312.9032	2221.1165	4		0.2532	9.5865	0.2467	1	140.6853
W05	2313.9032	2222.1154	4	0.4934	0.2839	7.7221	0.2156	1	83.2478
W05	2314.9032	2223.1142	4	0.4934	0.2839	7.7221	0.2156	1	83.2478
W05	2315.9032	2224.1131	4	0.4934	0.2839		0.2156	1	83.2478
W05	2316.9032	2225.1119	4	0.4934	0.2839	7.7221	0.2156	1	83.2478
W05	2317.9032	2226.1108	4	0.4934	0.2839	7.7221	0.2156	1	83.2478
W05	2318.9032	2227.1096	4	0.4043	0.2697	8.8547	0.2294	1	105.9929
W05	2319.9032	2228.1085	4	0.4043	0.2697	8.8547	0.2294	1	105.9929
W05	2320.9032	2229.1074	4	0.4043	0.2697	8.8547	0.2294	1	105.9929
W05	2321.9032	2230.1062	4	0.4043	0.2697	8.8547	0.2294	1	105.9929
W05	2322.9032	2231.1051	4	0.4043	0.2697		0.2294	1	105.9929
W05	2323.9032	2232.1039	4	0.4528	0.5286	8.2196	0.1987	1	
W05	2324.9032	2233.1028	4	0.4528	0.5286	8.2196	0.1987	1	8.6474
W05	2325.9032	2234.1017	4	0.4528	0.5286	8.2196	0.1987	1	8.6474
W05	2326.9032	2235.1005	4	0.4528	0.5286	8.2196	0.1987	1	8.6474
W05	2327.9032	2236.0994	4	0.3914	0.2668	9.0324	0.2328	1	112.121
W05	2328.9032	2237.0983	4	0.3914	0.2668	9.0324	0.2328	1	112.121
W05	2329.9032	2238.0972	4	0.3914	0.2668	9.0324	0.2328	1	112.121
W05	2330.9032	2239.096	4	0.3914		9.0324	0.2328	1	112.121
W05	2331.9032	2240.0949	4	0.3914	0.2668	9.0324	0.2328	1	112.121
W05	2332.9032	2241.0938	4	0.2425	0.1463	11.3561	0.2748	1	1020.3417
W05	2333.9032	2242.0927	4	0.2425	0.1463	11.3561	0.2748	1	1020.3417
W05	2334.9032	2243.0916	4	0.2425	0.1463	11.3561	0.2748	1	1020.3417
W05	2335.9032	2244.0905	4	0.2425	0.1463	11.3561		1	1020.3417
W05	2336.9032	2245.0893	4	0.2425	0.1463	11.3561	0.2748	1	1020.3417
W05	2337.9032	2246.0882	4	0.3759		9.2512	0.2301	1	14.7875
W05	2338.9032	2247.0871	4	0.3759	0.4754	9.2512	0.2301	1	14.7875
W05	2339.9032	2248.086		0.3759	0.4754	9.2512	0.2301	1	14.7875
W05	2340.9032	2249.0849	4	0.3759	0.4754	9.2512	0.2301	1	14.7875
W05	2341.9032	2250.0838	4	0.3759	0.4754	9.2512		1	14.7875
W05	2342.9032	2251.0827	4	0.2913	0.2536		0.248	1	143.5408
W05	2343.9032	2252.0816	4	0.2913	0.2536	10.5346	0.248	1	143.5408
W05	2344.9032	2253.0805	4	0.2913	0.2536	10.5346	0.248	1	143.5408
W05	2345.9032	2254.0794	4	0.2913	0.2536	10.5346	0.248	1	143.5408
W05	2346.9032	2255.0783	4	0.2913	0.2536	10.5346	0.248	1	143.5408
W05	2347.9032	2256.0772	4	0.3955	0.2619	8.9759	0.239	1	124.2052
W05	2348.9032	2257.0761	4	0.3955	0.2619	8.9759	0.239	1	124.2052
W05	2349.9032	2258.0751	4	0.3955	0.2619	8.9759	0.239	1	124.2052
W05	2350.9032	2259.074	4	0.3955	0.2619	8.9759	0.239	1	124.2052
W05	2351.9032	2260.0729	4	0.3955	0.2619	8.9759	0.239	1	124.2052
W05	2352.9032	2261.0718	4	0.4935	0.4963	7.7208	0.2177	1	12.0768
W05	2353.9032	2262.0707	4	0.4935	0.4963	7.7208	0.2177	1	12.0768
W05	2354.9032	2263.0696	4	0.4935	0.4963		0.2177	1	12.0768
W05	2355.9032	2264.0686		0.4935	0.4963	7.7208	0.2177	1	
W05	2356.9032	2265.0675	4		0.4963	7.7208		1	12.0768
W05	2357.9032	2266.0664	4	0.2221	0.2734	11.7185	0.2275	1	102.6588
W05	2358.9032	2267.0653	4	0.2221		11.7185	0.2275	1	102.6588
W05	2359.9032	2268.0643	4	0.2221	0.2734	11.7185	0.2275	1	102.6588
W05	2360.9032	2269.0632	4		0.2734	11.7185	0.2275	1	102.6588
W05	2361.9032	2270.0621	4	0.2221	0.2734	11.7185	0.2275	1	102.6588
W05	2362.9032	2271.0611	4	0.2222	0.4532	11.7163	0.2468	1	19.0748
W05	2363.9032	2272.06	4	0.2222	0.4532	11.7163	0.2468	1	19.0748
W05	2364.9032	2273.059	4	0.2222	0.4532	11.7163	0.2468	1	19.0748
W05	2365.9032	2274.0579	4	0.2222	0.4532	11.7163	0.2468	1	19.0748
W05	2366.9032	2275.0568	4	0.2222	0.4532	11.7163	0.2468	1	19.0748
W05	2367.9032	2276.0558		0.5666	0.2376	6.8998	0.2693	1	
W05	2368.9032	2277.0547	4	0.5666	0.2376	6.8998	0.2693	1	197.6037
W05	2369.9032	2278.0537		0.5666	0.2376	6.8998	0.2693	1	197.6037
W05	2370.9032	2279.0526		0.5666	0.2376	6.8998	0.2693	1	
W05	2371.9032	2280.0516	4	0.5666	0.2376	6.8998	0.2693	1	197.6037
W05	2372.9032	2281.0505	4	0.6867	0.4862	5.7368	0.2248	1	13.5811
W05	2373.9032	2282.0495	4	0.6867	0.4862	5.7368	0.2248	1	
W05	2374.9032	2283.0484	4	0.6867	0.4862	5.7368	0.2248	1	13.5811
W05	2375.9032	2284.0474	4	0.6867	0.4862	5.7368	0.2248	1	13.5811
W05	2376.9032	2285.0464	4	0.6867	0.4862	5.7368	0.2248	1	13.5811
W05	2377.9032	2286.0453	4	0.6418	0.5208	6.1461	0.2049	1	9.6832
W05	2378.9032	2287.0443	4		0.5208	6.1461	0.2049	1	9.6832
W05	2379.9032	2288.0433	4	0.6418	0.5208	6.1461	0.2049	1	9.6832
W05	2380.9032	2289.0422	4	0.6418	0.5208	6.1461	0.2049	1	9.6832
W05	2381.9032	2290.0412		0.6418	0.5208	6.1461	0.2049	1	9.6832
W05	2382.9032	2291.0402	4	0.2718	0.2789	10.8566	0.2234	1	95.5891
W05	2383.9032	2292.0391	4	0.2718	0.2789	10.8566	0.2234	1	95.5891
W05	2384.9032	2293.0381		0.2718	0.2789	10.8566	0.2234	1	95.5891
W05	2385.9032	2294.0371	4	0.2718	0.2789	10.8566		1	95.5891
W05	2386.9032	2295.0361	4	0.2718	0.2789	10.8566	0.2234	1	95.5891
W05	2387.9032	2296.0351	4	0.456	0.5344	8.1784	0.1982	1	8.5723
W05	2388.9032	2297.034	4	0.456	0.5344	8.1784	0.1982	1	8.5723
W05	2389.9032	2298.033	4	0.456	0.5344	8.1784	0.1982	1	8.5723
W05	2390.9032	2299.032	4	0.456	0.5344	8.1784	0.1982	1	8.5723
W05	2391.9032	2300.031	4	0.456	0.5344	8.1784	0.1982	1	8.5723
W05	2392.9032	2301.03	4	0.4938	0.2577	7.7174	0.246	1	139.1065
W05	2393.9032	2302.029	4	0.4938	0.2577	7.7174	0.246	1	139.1065
W05	2394.9032	2303.028	4	0.4938	0.2577	7.7174	0.246	1	139.1065
W05	2395.9032	2304.027	4	0.4938	0.2577	7.7174	0.246	1	139.1065
W05	2396.9032	2305.026	4	0.5654		6.9121	0.2528	1	154.5457
W05	2397.9032	2306.025	4	0.5654	0.2522	6.9121	0.2528	1	154.5457
W05	2398.9032	2307.024	4	0.5654	0.2522	6.9121	0.2528	1	154.5457
W05	2399.9032	2308.023	4	0.5654	0.2522	6.9121	0.2528	1	154.5457
W05	2400.9032	2309.022	4	0.5654	0.2522	6.9121		1	154.5457
W05	2401.9032	2310.021	4	0.7305	0.4801	5.3625	0.2304	1	14.835
W05	2402.9032	2311.02	4	0.7305	0.4801	5.3625	0.2304	1	14.835
W05	2403.9032	2312.019	4	0.7305	0.4801	5.3625	0.2304	1	14.835
W05	2404.9032	2313.018	4	0.7305	0.4801	5.3625	0.2304	1	14.835
W05	2405.9032	2314.017	4	0.7305		5.3625	0.2304	1	14.835
W05	2406.9032	2315.016	4	0.3032	0.2662	10.3438	0.2376	1	121.5326
W05	2407.9032	2316.015	4	0.3032	0.2662	10.3438	0.2376	1	121.5326
W05	2408.9032	2317.014	4	0.3032	0.2662	10.3438	0.2376	1	121.5326
W05	2409.9032	2318.013	4	0.3032	0.2662		0.2376	1	121.5326
W05	2410.9032	2319.012	4	0.3032	0.2662		0.2376	1	121.5326
W05	2411.9032	2320.011	4	0.333		9.8818		1	153.6914
W05	2412.9032	2321.01	4	0.333	0.2533	9.8818	0.2524	1	153.6914
W05	2413.9032	2322.009	4	0.333	0.2533	9.8818	0.2524	1	153.6914
W05	2414.9032	2323.008	4	0.333	0.2533	9.8818	0.2524	1	153.6914
W05	2415.9032	2324.007	4		0.2533	9.8818	0.2524	1	153.6914
W05	2416.9032	2325.0059	4	0.2787	0.2531		0.253	1	154.9968
W05	2417.9032	2326.0049	4	0.2787	0.2531	10.741	0.253	1	154.9968
W05	2418.9032	2327.0039	4	0.2787	0.2531	10.741	0.253	1	154.9968
W05	2419.9032	2328.0028	4	0.2787	0.2531	10.741	0.253	1	154.9968
W05	2420.9032	2329.0018	4	0.2787		10.741	0.253	1	154.9968
W05	2421.9032	2330.0008	4	0.1499	0.148	21.1119	0.2769	1	1052.6448
W05	2422.9032	2330.9997	4	0.1499		21.1119	0.2769	1	1052.6448
W05	2423.9032	2331.9987	4	0.1499	0.148	21.1119	0.2769	1	1052.6448
W05	2424.9032	2332.9976	4	0.1499	0.148	21.1119	0.2769	1	1052.6448
W05	2425.9032	2333.9965	4	0.1499	0.148	21.1119	0.2769	1	1052.6448
W05	2426.9032	2334.9955	4	0.0661	0.1417	47.5034	0.2911	1	1285.2279
W05	2427.9032	2335.9944	4	0.0661	0.1417		0.2911	1	1285.2279
W05	2428.9032	2336.9933	4	0.0661	0.1417	47.5034	0.2911	1	1285.2279
W05	2429.9032	2337.9923	4	0.0661	0.1417	47.5034	0.2911	1	1285.2279
W05	2430.9032	2338.9912	4		0.1417	47.5034	0.2911	1	1285.2279
W05	2431.9032	2339.9901		0.1858	0.1539	14.9195	0.2658	1	892.7905
W05	2432.9032	2340.989		0.1858	0.1539	14.9195	0.2658	1	892.7905
W05	2433.9032	2341.9879	4	0.1858	0.1539	14.9195	0.2658	1	
W05	2434.9032	2342.9868		0.1858	0.1539	14.9195	0.2658	1	892.7905
W05	2435.9032	2343.9857	4	0.1858	0.1539	14.9195	0.2658	1	892.7905
W05	2436.9032	2344.9846	4	0.1601	0.1526	19.1303	0.2687	1	932.575
W05	2437.9032	2345.9835	4	0.1601	0.1526	19.1303	0.2687	1	932.575
W05	2438.9032	2346.9824	4	0.1601	0.1526	19.1303	0.2687	1	932.575
W05	2439.9032	2347.9813	4	0.1601	0.1526	19.1303	0.2687	1	932.575
W05	2440.9032	2348.9801	4	0.1601	0.1526	19.1303		1	932.575
W05	2441.9032	2349.979	4	0.364	0.2991	9.422		1	
W05	2442.9032	2350.9779	4	0.364	0.2991	9.422	0.2088	1	73.4518
W05	2443.9032	2351.9768	4	0.364	0.2991	9.422	0.2088	1	73.4518
W05	2444.9032	2352.9756	4	0.364	0.2991	9.422	0.2088	1	73.4518
W05	2445.9032	2353.9745	4	0.364	0.2991	9.422	0.2088	1	
W05	2446.9032	2354.9733	4	0.4313	0.5429	8.4956	0.1968	1	8.3492
W05	2447.9032	2355.9722	4	0.4313			0.1968	1	8.3492
W05	2448.9032	2356.971	4	0.4313	0.5429	8.4956	0.1968	1	8.3492
W05	2449.9032	2357.9699	4	0.4313	0.5429	8.4956	0.1968	1	8.3492
W05	2450.9032	2358.9687	4	0.4313	0.5429	8.4956	0.1968	1	8.3492
W05	2451.9032	2359.9675	4	0.3432			0.2095	1	74.5174
W05	2452.9032	2360.9664		0.3432	0.299	9.7281	0.2095	1	74.5174
W05	2453.9032	2361.9652	4	0.3432	0.299	9.7281	0.2095	1	74.5174
W05	2454.9032	2362.964	4		0.299	9.7281	0.2095	1	74.5174
W05	2455.9032	2363.9628	4	0.3432	0.299	9.7281	0.2095	1	74.5174
W05	2456.9032	2364.9617	4	0.2853	0.2587	10.6338	0.2494	1	
W05	2457.9032	2365.9605	4	0.2853	0.2587	10.6338	0.2494	1	146.6241
W05	2458.9032	2366.9593	4	0.2853	0.2587	10.6338	0.2494	1	146.6241
W05	2459.9032	2367.9581	4	0.2853	0.2587	10.6338	0.2494	1	146.6241
W05	2460.9032	2368.9569		0.5348	0.5143	7.2453	0.213	1	11.1394
W05	2461.9032	2369.9557	4	0.5348	0.5143	7.2453	0.213	1	11.1394
W05	2462.9032	2370.9544	4	0.5348	0.5143	7.2453	0.213	1	11.1394
W05	2463.9032	2371.9532	4	0.5348	0.5143	7.2453	0.213	1	11.1394
W05	2464.9032	2372.952	4	0.437	0.9229	8.4215		0	0.8973
W05	2465.9032	2373.9508	4	0.437	0.9229	8.4215	0.1706	0	
W05	2466.9032	2374.9496	4	0.437	0.9229	8.4215	0.1706	0	0.8973
W05	2467.9032	2375.9483	4	0.437	0.9229		0.1706	0	0.8973
W05	2468.9032	2376.9471	4	0.5134			0.2007	1	8.9698
W05	2469.9032	2377.9458	4	0.5134	0.5376	7.4882	0.2007	1	8.9698
W05	2470.9032	2378.9446	7	0.4811	0.5155	7.8697	0.2131	1	11.1752
W05	2471.9032	2379.9433	7	0.4811	0.5155	7.8697	0.2131	1	11.1752
W05	2472.9032	2380.9421	7	0.4811		7.8697	0.2131	1	11.1752
W05	2473.9032	2381.9408	7	0.4811	0.5155	7.8697		1	11.1752
W05	2474.9032	2382.9396	7	0.4811	0.5155	7.8697	0.2131	1	11.1752
W05	2475.9032	2383.9383	7	0.5595	0.8782	6.975	0.1882	0	1.2332
W05	2476.9032	2384.937	7	0.5595	0.8782	6.975	0.1882	0	1.2332
W05	2477.9032	2385.9358	7	0.5595	0.8782	6.975	0.1882	0	1.2332
W05	2478.9032	2386.9345	7	0.5595	0.8782	6.975	0.1882	0	1.2332
W05	2479.9032	2387.9332	7	0.5595	0.8782	6.975	0.1882	0	1.2332
W05	2480.9032	2388.9319	7	0.3838	0.2863	9.1389	0.223	1	94.851
W05	2481.9032	2389.9306	7	0.3838	0.2863	9.1389	0.223	1	94.851
W05	2482.9032	2390.9293	7	0.3838	0.2863	9.1389	0.223	1	94.851
W05	2483.9032	2391.928	7	0.3838		9.1389	0.223	1	94.851
W05	2484.9032	2392.9267	7	0.2969	0.2602	10.4446	0.2504	1	149.015
W05	2485.9032	2393.9254	7	0.2969		10.4446	0.2504	1	149.015
W05	2486.9032	2394.9241	7	0.2969	0.2602		0.2504	1	149.015
W05	2487.9032	2395.9228	7	0.2969	0.2602	10.4446	0.2504	1	149.015
W05	2488.9032	2396.9214	7	0.2969		10.4446	0.2504	1	149.015
W05	2489.9032	2397.9201	7	0.252	0.2972	11.1909	0.214	1	80.8525
W05	2490.9032	2398.9188	7	0.252	0.2972	11.1909	0.214	1	80.8525
W05	2491.9032	2399.9174	7	0.252	0.2972	11.1909	0.214	1	80.8525
W05	2492.9032	2400.9161	7	0.252	0.2972	11.1909	0.214	1	80.8525
W05	2493.9032	2401.9148	7	0.252	0.2972	11.1909	0.214	1	80.8525
W05	2494.9032	2402.9134		0.1789			0.2169	1	85.2113
W05	2495.9032	2403.912	7	0.1789	0.2944	15.9496	0.2169	1	85.2113
W05	2496.9032	2404.9107	7	0.1789	0.2944	15.9496	0.2169	1	85.2113
W05	2497.9032	2405.9093	7	0.1789	0.2944	15.9496	0.2169	1	85.2113
W05	2498.9032	2406.908	7	0.1789	0.2944	15.9496	0.2169	1	85.2113
W05	2499.9032	2407.9066	7	0.1663	0.2801	18.0046	0.2306	1	108.1446
W05	2500.9032	2408.9052	7		0.2801	18.0046	0.2306	1	108.1446
W05	2501.9032	2409.9038	7	0.1663	0.2801	18.0046	0.2306	1	108.1446
W05	2502.9032	2410.9025	7	0.1663	0.2801	18.0046	0.2306	1	108.1446
W05	2503.9032	2411.9011	7	0.1663	0.2801	18.0046	0.2306	1	108.1446
W05	2504.9032	2412.8997	7	0.3848	0.283	9.1253	0.2283	1	103.95
W05	2505.9032	2413.8983	7	0.3848	0.283	9.1253	0.2283	1	103.95
W05	2506.9032	2414.8969	7	0.3848	0.283	9.1253	0.2283	1	103.95
W05	2507.9032	2415.8956	7	0.3848	0.283	9.1253	0.2283	1	103.95
W05	2508.9032	2416.8942	7	0.3848	0.283	9.1253	0.2283	1	103.95
W05	2509.9032	2417.8928	7	0.3669	0.281		0.2307	1	108.3132
W05	2510.9032	2418.8914	7	0.3669	0.281	9.379	0.2307	1	108.3132
W05	2511.9032	2419.89	7		0.281	9.379	0.2307	1	108.3132
W05	2512.9032	2420.8886	7	0.3669	0.281	9.379	0.2307	1	108.3132
W05	2513.9032	2421.8872	7	0.3669	0.281	9.379	0.2307	1	108.3132
W05	2514.9032	2422.8859	7	0.1736	0.2617	16.7753	0.2516	1	151.8658
W05	2515.9032	2423.8845	7	0.1736	0.2617	16.7753	0.2516	1	
W05	2516.9032	2424.8831	7	0.1736	0.2617	16.7753	0.2516	1	151.8658
W05	2517.9032	2425.8817	7	0.1736	0.2617	16.7753	0.2516	1	151.8658
W05	2518.9032	2426.8803	7	0.1736		16.7753	0.2516	1	
W05	2519.9032	2427.8789	7	0.2131	0.2645	11.8805	0.2491	1	145.9559
W05	2520.9032	2428.8775	7	0.2131	0.2645	11.8805	0.2491	1	145.9559
W05	2521.9032	2429.8761	7	0.2131	0.2645	11.8805	0.2491	1	145.9559
W05	2522.9032	2430.8747	7		0.2645	11.8805	0.2491	1	145.9559
W05	2523.9032	2431.8733			0.2645	11.8805	0.2491	1	145.9559
W05	2524.9032	2432.8719	7	0.2127	0.2709	11.8889	0.2426	1	131.7168
W05	2525.9032	2433.8705	7	0.2127	0.2709	11.8889	0.2426	1	131.7168
W05	2526.9032	2434.8691	7	0.2127	0.2709			1	131.7168
W05	2527.9032	2435.8677	7	0.2127	0.2709	11.8889	0.2426	1	131.7168
W05	2528.9032	2436.8663	7	0.2127	0.2709	11.8889	0.2426	1	131.7168
W05	2529.9032	2437.8649		0.2869	0.2829	10.6072		1	108.65
W05	2530.9032	2438.8635	7	0.2869	0.2829	10.6072	0.2309	1	108.65
W05	2531.9032	2439.8621	7	0.2869	0.2829	10.6072	0.2309	1	108.65
W05	2532.9032	2440.8607	7	0.2869	0.2829	10.6072	0.2309	1	108.65
W05	2533.9032	2441.8593	7	0.2869	0.2829	10.6072	0.2309	1	108.65
W05	2534.9032	2442.8579	7	0.1828	0.1587	15.3542	0.2667	1	904.8946
W05	2535.9032	2443.8565	7	0.1828	0.1587	15.3542	0.2667	1	904.8946
W05	2536.9032	2444.8551	7	0.1828			0.2667	1	904.8946
W05	2537.9032	2445.8537	7	0.1828	0.1587	15.3542	0.2667	1	904.8946
W05	2538.9032	2446.8523	7		0.2847	9.9945		1	107.3731
W05	2539.9032	2447.8509	7	0.3256	0.2847	9.9945	0.2302	1	107.3731
W05	2540.9032	2448.8495	7	0.3256	0.2847	9.9945	0.2302	1	107.3731
W05	2541.9032	2449.8481	7	0.3256	0.2847	9.9945	0.2302	1	107.3731
W05	2542.9032	2450.8467	7	0.3256	0.2847	9.9945	0.2302	1	107.3731
W05	2543.9032	2451.8452	7	0.4058	0.5397	8.8352	0.2059	1	9.8422
W05	2544.9032	2452.8438	7	0.4058	0.5397	8.8352	0.2059	1	9.8422
W05	2545.9032	2453.8424	7	0.4058	0.5397	8.8352		1	9.8422
W05	2546.9032	2454.841		0.4058	0.5397	8.8352	0.2059	1	9.8422
W05	2547.9032	2455.8396	7	0.4058	0.5397	8.8352	0.2059	1	9.8422
W05	2548.9032	2456.8382	7	0.4581	0.5497	8.1524	0.2011	1	9.031
W05	2549.9032	2457.8367	7	0.4581	0.5497	8.1524	0.2011	1	9.031
W05	2550.9032	2458.8353	7	0.4581	0.5497	8.1524	0.2011	1	9.031
W05	2551.9032	2459.8339			0.5497	8.1524	0.2011	1	9.031
W05	2552.9032	2460.8325	7	0.4581	0.5497	8.1524	0.2011	1	9.031
W05	2553.9032	2461.8311	7	0.3701	0.2793	9.3335	0.2373	1	120.971
W05	2554.9032	2462.8296	7	0.3701	0.2793	9.3335	0.2373	1	120.971
W05	2555.9032	2463.8282	7	0.3701	0.2793	9.3335	0.2373	1	120.971
W05	2556.9032	2464.8268	7	0.3701	0.2793	9.3335	0.2373	1	120.971
W05	2557.9032	2465.8254	7	0.3701	0.2793	9.3335	0.2373	1	120.971
W05	2558.9032	2466.8239	7	0.4769		7.9203	0.1741	0	0.9588
W05	2559.9032	2467.8225	7	0.4769	0.92	7.9203	0.1741	0	0.9588
W05	2560.9032	2468.8211	7	0.4769	0.92	7.9203	0.1741	0	0.9588
W05	2561.9032	2469.8197	7	0.4769	0.92		0.1741	0	0.9588
W05	2562.9032	2470.8182	7	0.4769	0.92	7.9203	0.1741	0	0.9588
W05	2563.9032	2471.8168	7	0.4667	0.5459	8.0453	0.2046	1	9.6247
W05	2564.9032	2472.8154	7	0.4667	0.5459	8.0453	0.2046	1	9.6247
W05	2565.9032	2473.8139	7	0.4667	0.5459	8.0453	0.2046	1	9.6247
W05	2566.9032	2474.8125	7	0.4667	0.5459	8.0453	0.2046	1	9.6247
W05	2567.9032	2475.8111	7	0.4667	0.5459	8.0453	0.2046	1	9.6247
W05	2568.9032	2476.8096	7	0.4473		8.2885	0.1853	1	6.7043
W05	2569.9032	2477.8082	7	0.4473	0.5861	8.2885	0.1853	1	6.7043
W05	2570.9032	2478.8068	7	0.4473	0.5861	8.2885	0.1853	1	6.7043
W05	2571.9032	2479.8053	7	0.4473	0.5861	8.2885	0.1853	1	6.7043
W05	2572.9032	2480.8039	7	0.4473	0.5861	8.2885	0.1853	1	6.7043
W05	2573.9032	2481.8024	7	0.4931	0.5732	7.7252	0.1918	1	7.6097
W05	2574.9032	2482.801	7	0.4931	0.5732	7.7252	0.1918	1	7.6097
W05	2575.9032	2483.7996	7	0.4931	0.5732	7.7252	0.1918	1	7.6097
W05	2576.9032	2484.7981	7	0.4931	0.5732	7.7252	0.1918	1	7.6097
W05	2577.9032	2485.7967	7	0.4931	0.5732	7.7252	0.1918	1	7.6097
W05	2578.9032	2486.7952		0.5353	0.9559	7.24	0.1608	0	0.7419
W05	2579.9032	2487.7938	7	0.5353	0.9559	7.24	0.1608	0	0.7419
W05	2580.9032	2488.7923	7	0.5353	0.9559	7.24	0.1608	0	0.7419
W05	2581.9032	2489.7909	7	0.5353	0.9559	7.24	0.1608	0	0.7419
W05	2582.9032	2490.7895	7	0.5353	0.9559	7.24	0.1608	0	0.7419
W05	2583.9032	2491.788	7	0.438	0.567	8.4078		1	8.2309
W05	2584.9032	2492.7866	7	0.438	0.567	8.4078	0.196	1	8.2309
W05	2585.9032	2493.7851	7	0.438	0.567	8.4078	0.196	1	
W05	2586.9032	2494.7837	7	0.438	0.567	8.4078	0.196	1	8.2309
W05	2587.9032	2495.7822	7	0.438	0.567	8.4078	0.196	1	8.2309
W05	2588.9032	2496.7808	7	0.5734	0.6223	6.828	0.1717	1	5.079
W05	2589.9032	2497.7793	7		0.6223	6.828		1	5.079
W05	2590.9032	2498.7778	7	0.5734	0.6223	6.828	0.1717	1	5.079
W05	2591.9032	2499.7764	7	0.5734	0.6223	6.828	0.1717	1	
W05	2592.9032	2500.7749	7	0.3426	0.567	9.7365	0.1972	1	8.4185
W05	2593.9032	2501.7735	7	0.3426	0.567	9.7365	0.1972	1	
W05	2594.9032	2502.772	7	0.3426	0.567	9.7365	0.1972	1	8.4185
W05	2595.9032	2503.7706	7	0.3426	0.567	9.7365	0.1972	1	8.4185
W05	2596.9032	2504.7691		0.3426	0.567	9.7365	0.1972	1	8.4185
W05	2597.9032	2505.7676	7	0.4514	0.5632	8.2368	0.1998	1	8.831
W05	2598.9032	2506.7661	7	0.4514	0.5632	8.2368	0.1998	1	8.831
W05	2599.9032	2507.7646	7	0.4514	0.5632	8.2368	0.1998	1	8.831
W05	2600.9032	2508.7632	7	0.4514	0.5632	8.2368	0.1998	1	8.831
W05	2601.9032	2509.7616	7	0.4514	0.5632	8.2368	0.1998	1	8.831
W05	2602.9032	2510.7601	7	0.5626	0.5846	6.9424	0.19	1	7.3408
W05	2603.9032	2511.7586	7	0.5626	0.5846	6.9424	0.19	1	7.3408
W05	2604.9032	2512.7571	7	0.5626	0.5846	6.9424	0.19	1	7.3408
W05	2605.9032	2513.7556	7	0.5626	0.5846	6.9424	0.19	1	7.3408
W05	2606.9032	2514.754	7	0.5626	0.5846	6.9424	0.19	1	7.3408
W05	2607.9032	2515.7525	7	0.5711	0.6097	6.8518	0.1793	1	5.9406
W05	2608.9032	2516.7509	7	0.5711	0.6097	6.8518	0.1793	1	5.9406
W05	2609.9032	2517.7494	7	0.5711	0.6097	6.8518	0.1793	1	5.9406
W05	2610.9032	2518.7478	7	0.5711	0.6097	6.8518	0.1793	1	5.9406
W05	2611.9032	2519.7462	7	0.5711	0.6097	6.8518	0.1793	1	5.9406
W05	2612.9032	2520.7446	7	0.6929	0.5763	5.6823	0.1954	1	8.1341
W05	2613.9032	2521.7431	7	0.6929	0.5763	5.6823	0.1954	1	8.1341
W05	2614.9032	2522.7415		0.6929	0.5763	5.6823	0.1954	1	
W05	2615.9032	2523.7399		0.6929		5.6823	0.1954	1	8.1341
W05	2616.9032	2524.7382	7	0.6929	0.5763	5.6823	0.1954	1	8.1341
W05	2617.9032	2525.7366	7	0.5832		6.7258	0.1936	1	7.8622
W05	2618.9032	2526.735	7	0.5832	0.5814	6.7258	0.1936	1	7.8622
W05	2619.9032	2527.7334	7	0.5832	0.5814	6.7258	0.1936	1	7.8622
W05	2620.9032	2528.7317	7	0.5832	0.5814	6.7258	0.1936	1	7.8622
W05	2621.9032	2529.7301	7	0.5832	0.5814	6.7258	0.1936	1	7.8622
W05	2622.9032	2530.7284	7	0.7451	0.5807	5.2436	0.1944	1	7.9867
W05	2623.9032	2531.7268	7	0.7451	0.5807		0.1944	1	7.9867
W05	2624.9032	2532.7251	7	0.7451	0.5807	5.2436	0.1944	1	7.9867
W05	2625.9032	2533.7234	7	0.7451	0.5807	5.2436		1	7.9867
W05	2626.9032	2534.7217	7	0.7451	0.5807	5.2436	0.1944	1	7.9867
W05	2627.9032	2535.72	7	0.6692	0.5991	5.8928	0.1859	1	6.7869
W05	2628.9032	2536.7183	9	0.615	0.6292	6.4053	0.1732	1	5.2442
W05	2629.9032	2537.7166	9	0.615	0.6292	6.4053	0.1732	1	5.2442
W05	2630.9032	2538.7149	9	0.615		6.4053	0.1732	1	5.2442
W05	2631.9032	2539.7132	9	0.615	0.6292	6.4053		1	5.2442
W05	2632.9032	2540.7115	9		0.6292	6.4053	0.1732	1	
W05	2633.9032	2541.7097	9	0.4843	0.9665	7.8303	0.1582	0	0.703
W05	2634.9032	2542.708	9	0.4843	0.9665	7.8303	0.1582	0	0.703
W05	2635.9032	2543.7062	9	0.4843	0.9665	7.8303	0.1582	0	0.703
W05	2636.9032	2544.7044	9	0.4843	0.9665		0.1582	0	0.703
W05	2637.9032	2545.7027	9	0.4843	0.9665	7.8303	0.1582	0	
W05	2638.9032	2546.7009	9	0.4666	0.3085	8.0467	0.2231	1	95.1156
W05	2639.9032	2547.6991	9	0.4666	0.3085	8.0467	0.2231	1	95.1156
W05	2640.9032	2548.6973	9	0.4666	0.3085	8.0467	0.2231	1	95.1156
W05	2641.9032	2549.6955	9	0.4666	0.3085	8.0467	0.2231	1	95.1156
W05	2642.9032	2550.6937	9	0.4666	0.3085	8.0467	0.2231	1	95.1156
W05	2643.9032	2551.6919	9	0.4166	0.5741	8.6897	0.201	1	9.0239
W05	2644.9032	2552.6901	9	0.4166	0.5741	8.6897	0.201	1	
W05	2645.9032	2553.6882	9	0.4166	0.5741	8.6897		1	9.0239
W05	2646.9032	2554.6864	9	0.4166	0.5741	8.6897	0.201	1	9.0239
W05	2647.9032	2555.6845	9	0.3857	0.5954		0.1914	1	7.5522
W05	2648.9032	2556.6827	9	0.3857	0.5954	9.1126	0.1914	1	7.5522
W05	2649.9032	2557.6808	9	0.3857	0.5954	9.1126	0.1914	1	7.5522
W05	2650.9032	2558.6789	9	0.3857	0.5954	9.1126	0.1914	1	7.5522
W05	2651.9032	2559.6771	9	0.3857	0.5954	9.1126	0.1914	1	7.5522
W05	2652.9032	2560.6752	9	0.2395	0.3096	11.4083	0.2255	1	99.1005
W05	2653.9032	2561.6733	9	0.2395	0.3096	11.4083	0.2255	1	99.1005
W05	2654.9032	2562.6714	9	0.2395	0.3096	11.4083	0.2255	1	99.1005
W05	2655.9032	2563.6694	9	0.2395	0.3096	11.4083	0.2255	1	99.1005
W05	2656.9032	2564.6675	9	0.2395	0.3096	11.4083	0.2255	1	99.1005
W05	2657.9032	2565.6656	9	0.2103	0.2868	11.9335	0.2487	1	145.0022
W05	2658.9032	2566.6636	9	0.2103	0.2868	11.9335	0.2487	1	145.0022
W05	2659.9032	2567.6617	9	0.2103	0.2868	11.9335	0.2487	1	
W05	2660.9032	2568.6597	9	0.2103	0.2868	11.9335	0.2487	1	145.0022
W05	2661.9032	2569.6578	9		0.2868	11.9335	0.2487	1	145.0022
W05	2662.9032	2570.6558	9	0.2011	0.289	12.1029	0.2479	1	143.2607
W05	2663.9032	2571.6538	9	0.2011		12.1029	0.2479	1	143.2607
W05	2664.9032	2572.6518	9	0.2011	0.289	12.1029	0.2479	1	143.2607
W05	2665.9032	2573.6498	9	0.2011	0.289	12.1029	0.2479	1	143.2607
W05	2666.9032	2574.6478	9	0.2011	0.289	12.1029	0.2479	1	143.2607
W05	2667.9032	2575.6458	9	0.1903	0.2824	14.2804	0.2564	1	163.2119
W05	2668.9032	2576.6438		0.1903	0.2824	14.2804	0.2564	1	163.2119
W05	2669.9032	2577.6418	9	0.1903	0.2824	14.2804	0.2564	1	163.2119
W05	2670.9032	2578.6397	9	0.1903	0.2824	14.2804	0.2564	1	163.2119
W05	2671.9032	2579.6377	9	0.1903	0.2824	14.2804	0.2564	1	163.2119
W05	2672.9032	2580.6356	9	0.1825	0.288	15.3943	0.252	1	152.6478
W05	2673.9032	2581.6335	9	0.1825	0.288	15.3943	0.252	1	152.6478
W05	2674.9032	2582.6315	9	0.1825	0.288	15.3943	0.252	1	152.6478
W05	2675.9032	2583.6294	9	0.1825	0.288	15.3943	0.252	1	152.6478
W05	2676.9032	2584.6273	9	0.1825	0.288	15.3943	0.252	1	152.6478
W05	2677.9032	2585.6252	9	0.3096	0.3246	10.2425	0.2195	1	89.233
W05	2678.9032	2586.6231	9	0.3096	0.3246	10.2425	0.2195	1	89.233
W05	2679.9032	2587.621	9	0.3096	0.3246	10.2425	0.2195	1	89.233
W05	2680.9032	2588.6188	9	0.3096	0.3246	10.2425	0.2195	1	89.233
W05	2681.9032	2589.6167	9	0.3096	0.3246	10.2425	0.2195	1	89.233
W05	2682.9032	2590.6146	9		0.6832	8.4573	0.1615	1	4.0626
W05	2683.9032	2591.6124	9		0.6832	8.4573	0.1615	1	4.0626
W05	2684.9032	2592.6102	9	0.4342	0.6832	8.4573	0.1615	1	4.0626
W05	2685.9032	2593.6081	9	0.4342	0.6832		0.1615	1	4.0626
W05	2686.9032	2594.6059	9	0.4342	0.6832	8.4573	0.1615	1	4.0626
W05	2687.9032	2595.6037	9	0.4064	0.6079	8.8274	0.1949	1	8.0669
W05	2688.9032	2596.6015	9	0.4064	0.6079	8.8274	0.1949	1	8.0669
W05	2689.9032	2597.5993	9	0.4064	0.6079	8.8274	0.1949	1	8.0669
W05	2690.9032	2598.5971	9	0.4064	0.6079	8.8274	0.1949	1	
W05	2691.9032	2599.5949	9	0.4064	0.5885	8.8274	0.1949	1	8.0669
W05	2692.9032	2600.5927	9	0.4492		8.2642	0.1974	1	8.4406
W05	2693.9032	2601.5905	9	0.4492	0.5856	8.2642		1	8.4406
W05	2694.9032	2602.5883	9	0.4492	0.5856	8.2642	0.1974	1	8.4406
W05	2695.9032	2603.5861	9	0.4492		8.2642	0.1974	1	8.4406
W05	2696.9032	2604.5839	9	0.4492	0.5856	8.2642	0.1974	1	8.4406
W05	2697.9032	2605.5817	9	0.5642	0.6084	6.9251	0.1875	1	6.9973
W05	2698.9032	2606.5795	9		0.6084	6.9251	0.1875	1	
W05	2699.9032	2607.5773	9	0.5642	0.6084	6.9251	0.1875	1	6.9973
W05	2700.9032	2608.5751	9	0.5642	0.6084	6.9251	0.1875	1	6.9973
W05	2701.9032	2609.5729	9	0.5273	0.9394	7.3293	0.1715	0	0.9137
W05	2702.9032	2610.5707	9	0.5273	0.9394	7.3293	0.1715	0	0.9137
W05	2703.9032	2611.5685	9	0.5273	0.9394	7.3293	0.1715	0	0.9137
W05	2704.9032	2612.5663	9	0.5273	0.9394	7.3293		0	0.9137
W05	2705.9032	2613.5641	9	0.5273	0.9394	7.3293	0.1715	0	0.9137
W05	2706.9032	2614.5619	9	0.4468	0.6066	8.2952	0.1905	1	
W05	2707.9032	2615.5597	9	0.4468	0.6066		0.1905	1	
W05	2708.9032	2616.5574	9	0.4468	0.6066	8.2952	0.1905	1	7.412
W05	2709.9032	2617.5552	9	0.4468	0.6066	8.2952	0.1905	1	7.412
W05	2710.9032	2618.553	9	0.4468	0.6066	8.2952	0.1905	1	7.412
W05	2711.9032	2619.5508	9	0.5137	0.6163	7.4843	0.1871	1	6.9513
W05	2712.9032	2620.5486		0.5137	0.6163	7.4843	0.1871	1	6.9513
W05	2713.9032	2621.5464	9		0.6163	7.4843	0.1871	1	6.9513
W05	2714.9032	2622.5442	9	0.5137	0.6163	7.4843	0.1871	1	6.9513
W05	2715.9032	2623.542	9	0.5137		7.4843	0.1871	1	6.9513
W05	2716.9032	2624.5398	9	0.7284	0.629	5.3799	0.1826	1	6.3615
W05	2717.9032	2625.5376	9	0.7284	0.629	5.3799	0.1826	1	6.3615
W05	2718.9032	2626.5354	9	0.7284	0.629	5.3799	0.1826	1	6.3615
W05	2719.9032	2627.5332	9	0.7284	0.629	5.3799	0.1826	1	6.3615
W05	2720.9032	2628.531	9	0.7284	0.629	5.3799	0.1826	1	6.3615
W05	2721.9032	2629.5288		0.6864	0.9602	5.7387	0.1636	0	0.7841
W05	2722.9032	2630.5266	9	0.6864		5.7387	0.1636	0	0.7841
W05	2723.9032	2631.5244	9	0.6864	0.9602	5.7387	0.1636	0	0.7841
W05	2724.9032	2632.5222	9	0.6864	0.9602	5.7387	0.1636	0	0.7841
W05	2725.9032	2633.52	9	0.6864	0.9602	5.7387	0.1636	0	0.7841
W05	2726.9032	2634.5178	9	0.6674	0.9582	5.909	0.165	0	0.8062
W05	2727.9032	2635.5157	9	0.6674	0.9582	5.909	0.165	0	0.8062
W05	2728.9032	2636.5135	9	0.6674	0.9582	5.909	0.165	0	0.8062
W05	2729.9032	2637.5113	10		0.9367	5.1648		0	0.9971
W05	2730.9032	2638.5091	10	0.755	0.9367	5.1648	0.1762	0	0.9971
W05	2731.9032	2639.5069	10	0.755	0.9367	5.1648	0.1762	0	0.9971
W05	2732.9032	2640.5047	10	0.755	0.9367	5.1648	0.1762	0	0.9971
W05	2733.9032	2641.5025	10	0.755	0.9367	5.1648	0.1762	0	0.9971
W05	2734.9032	2642.5003	10	0.6513	0.9451	6.0576	0.1727	0	0.9344
W05	2735.9032	2643.4981	10	0.6513	0.9451	6.0576	0.1727	0	0.9344
W05	2736.9032	2644.4959	10	0.6513	0.9451		0.1727	0	0.9344
W05	2737.9032	2645.4937	10	0.6513	0.9451	6.0576	0.1727	0	0.9344
W05	2738.9032	2646.4915	10	0.6507	0.6465	6.0631		1	6.2565
W05	2739.9032	2647.4893	10	0.6507	0.6465	6.0631	0.1818	1	6.2565
W05	2740.9032	2648.4871	10	0.6507	0.6465	6.0631	0.1818	1	6.2565
W05	2741.9032	2649.4849		0.6507	0.6465	6.0631	0.1818	1	6.2565
W05	2742.9032	2650.4827	10	0.6507	0.6465	6.0631	0.1818	1	6.2565
W05	2743.9032	2651.4805	10	0.633	0.9517	6.2303	0.1709	0	0.9035
W05	2744.9032	2652.4783	10	0.633	0.9517	6.2303	0.1709	0	0.9035
W05	2745.9032	2653.4761	10	0.633	0.9517	6.2303	0.1709	0	0.9035
W05	2746.9032	2654.4739	10		0.9517	6.2303	0.1709	0	0.9035
W05	2747.9032	2655.4717		0.633	0.9517	6.2303	0.1709	0	
W05	2748.9032	2656.4695	10	0.6889	0.9485	5.7168	0.1736	0	0.95
W05	2749.9032	2657.4673	10	0.6889	0.9485	5.7168	0.1736	0	0.95
W05	2750.9032	2658.4651	10	0.6889	0.9485	5.7168	0.1736	0	0.95
W05	2751.9032	2659.4629		0.6889	0.9485	5.7168	0.1736	0	0.95
W05	2752.9032	2660.4607	10	0.6889	0.9485	5.7168	0.1736	0	0.95
W05	2753.9032	2661.4585	10	0.72	0.9612	5.45	0.1675	0	0.8462
W05	2754.9032	2662.4563	10	0.72	0.9612	5.45	0.1675	0	0.8462
W05	2755.9032	2663.4541	10	0.72	0.9612	5.45	0.1675	0	0.8462
W05	2756.9032	2664.4519	10	0.72	0.9612	5.45	0.1675	0	0.8462
W05	2757.9032	2665.4497	10	0.72	0.9612		0.1675	0	0.8462
W05	2758.9032	2666.4475	10	0.6972	0.9678	5.6442	0.1647	0	0.8017
W05	2759.9032	2667.4453	10	0.6972	0.9678	5.6442	0.1647	0	
W05	2760.9032	2668.4431	10	0.6972	0.9678	5.6442	0.1647	0	0.8017
W05	2761.9032	2669.4409	10	0.6972	0.9678	5.6442	0.1647	0	0.8017
W05	2762.9032	2670.4388		0.6972	0.9678	5.6442	0.1647	0	0.8017
W05	2763.9032	2671.4366	10	0.7576		5.144	0.1769	0	1.0089
W05	2764.9032	2672.4344	10	0.7576	0.9495	5.144	0.1769	0	
W05	2765.9032	2673.4322	10	0.7576		5.144	0.1769	0	1.0089
W05	2766.9032	2674.43	10	0.7576	0.9495	5.144	0.1769	0	1.0089
W05	2767.9032	2675.4278	10	0.7576	0.9495	5.144	0.1769	0	1.0089
W05	2768.9032	2676.4256	10	0.7565	0.6695	5.153	0.1844	1	6.59
W05	2769.9032	2677.4234	10	0.7565	0.6695	5.153	0.1844	1	6.59
W05	2770.9032	2678.4212	10	0.7565	0.6695	5.153	0.1844	1	6.59
W05	2771.9032	2679.419	10	0.7565	0.6695	5.153	0.1844	1	6.59
W05	2772.9032	2680.4168	10		0.6695	5.153	0.1844	1	6.59
W05	2773.9032	2681.4146	10	0.7635	0.6642	5.0977	0.1898	1	7.3121
W05	2774.9032	2682.4124	10	0.7635	0.6642	5.0977	0.1898	1	7.3121
W05	2775.9032	2683.4102	10	0.7635	0.6642	5.0977	0.1898	1	7.3121
W05	2776.9032	2684.408	10	0.7635	0.6642	5.0977	0.1898	1	7.3121
W05	2777.9032	2685.4058	10	0.7635	0.6642	5.0977	0.1898	1	7.3121
W05	2778.9032	2686.4036	10		0.6557	4.7835	0.1971	1	8.3935
W05	2779.9032	2687.4014	10	0.8049	0.6557	4.7835	0.1971	1	8.3935
W05	2780.9032	2688.3993	10	0.8049	0.6557	4.7835	0.1971	1	8.3935
W05	2781.9032	2689.3971	10	0.8049	0.6557	4.7835	0.1971	1	8.3935
W05	2782.9032	2690.3949	10	0.8049	0.6557	4.7835	0.1971	1	8.3935
W05	2783.9032	2691.3927	10	0.8672	0.6598	4.3463	0.1989	1	8.6808
W05	2784.9032	2692.3905		0.8672	0.6598	4.3463	0.1989	1	8.6808
W05	2785.9032	2693.3883	10	0.8672	0.6598	4.3463	0.1989	1	8.6808
W05	2786.9032	2694.3861	10	0.8672	0.6598	4.3463	0.1989	1	8.6808
W05	2787.9032	2695.3839	10	0.8672	0.6598	4.3463	0.1989	1	8.6808
W05	2788.9032	2696.3817	10	0.8669	0.6906	4.3482	0.1886	1	7.1494
W05	2789.9032	2697.3795	10	0.8669	0.6906	4.3482	0.1886	1	7.1494
W05	2790.9032	2698.3773	10	0.8669	0.6906	4.3482	0.1886	1	7.1494
W05	2791.9032	2699.3751	10	0.8669	0.6906		0.1886	1	7.1494
W05	2792.9032	2700.3729	10	0.8753	0.6811	4.2923	0.1977	1	8.4867
W05	2793.9032	2701.3707	10	0.8753	0.6811	4.2923	0.1977	1	8.4867
W05	2794.9032	2702.3684	10		0.6811	4.2923	0.1977	1	8.4867
W05	2795.9032	2703.3662	10	0.8753	0.6811	4.2923	0.1977	1	
W05	2796.9032	2704.364	10	0.8753	0.6811	4.2923	0.1977	1	8.4867
W05	2797.9032	2705.3618	10	0.7993	0.9716	4.8248	0.1814	0	1.0952
W05	2798.9032	2706.3596	10	0.7993	0.9716	4.8248	0.1814	0	1.0952
W05	2799.9032	2707.3574	10	0.7993	0.9716		0.1814	0	1.0952
W05	2800.9032	2708.3552	10	0.7993	0.9716	4.8248	0.1814	0	1.0952
W05	2801.9032	2709.353	10	0.7993	0.9716	4.8248	0.1814	0	1.0952
W05	2802.9032	2710.3507	10	0.8049		4.7832	0.1905	1	7.4197
W05	2803.9032	2711.3485	10	0.8049	0.7208	4.7832	0.1905	1	
W05	2804.9032	2712.3463	10	0.8049	0.7208		0.1905	1	7.4197
W05	2805.9032	2713.3441	10	0.8049	0.7208	4.7832	0.1905	1	7.4197
W05	2806.9032	2714.3418	10	0.8049	0.7208	4.7832	0.1905	1	7.4197
W05	2807.9032	2715.3396	10	0.8243	0.982		0.1864	0	1.1947
W05	2808.9032	2716.3374	10	0.8243	0.982	4.6428	0.1864	0	1.1947
W05	2809.9032	2717.3352	10	0.8243	0.982	4.6428	0.1864	0	1.1947
W05	2810.9032	2718.3329		0.8243	0.982		0.1864	0	1.1947
W05	2811.9032	2719.3307	10	0.8243	0.982	4.6428	0.1864	0	1.1947
W05	2812.9032	2720.3285	10	0.8412	0.9993	4.5236	0.1753	0	0.9793
W05	2813.9032	2721.3262	10	0.8412	0.9993	4.5236	0.1753	0	0.9793
W05	2814.9032	2722.324	10		0.9993	4.5236	0.1753	0	0.9793
W05	2815.9032	2723.3218	10	0.8412	0.9993	4.5236	0.1753	0	0.9793
W05	2816.9032	2724.3195	10	0.8412	0.9993	4.5236	0.1753	0	0.9793
W05	2817.9032	2725.3173	10	0.7636	0.7858	5.0969	0.1856	1	6.7437
W05	2818.9032	2726.3151	10	0.7636	0.7858	5.0969	0.1856	1	
W05	2819.9032	2727.3128	10	0.7636	0.7858	5.0969	0.1856	1	6.7437
W05	2820.9032	2728.3106	10		0.7858	5.0969	0.1856	1	
W05	2821.9032	2729.3083	10	0.6557	0.8154	6.0169	0.1781	1	5.8026
W05	2822.9032	2730.3061	11	0.4445	0.7664	8.3249	0.207	1	10.0426
W05	2823.9032	2731.3038	11		0.7664	8.3249		1	10.0426
W05	2824.9032	2732.3016	11	0.4445	0.7664	8.3249	0.207	1	10.0426
W05	2825.9032	2733.2993	11	0.4445	0.7664	8.3249	0.207	1	10.0426
W05	2826.9032	2734.2971	11	0.4445	0.7664	8.3249	0.207	1	10.0426
W05	2827.9032	2735.2948		0.2927	0.4875	10.5131	0.2127	1	79.0318
W05	2828.9032	2736.2926	11	0.2927	0.4875	10.5131	0.2127	1	79.0318
W05	2829.9032	2737.2903	11		0.4875	10.5131	0.2127	1	79.0318
W05	2830.9032	2738.2881	11	0.2927	0.4875	10.5131	0.2127	1	79.0318
W05	2831.9032	2739.2858	11	0.2927		10.5131	0.2127	1	79.0318
W05	2832.9032	2740.2836	11	0.3615	0.881	9.4578	0.1911	1	7.509
W05	2833.9032	2741.2813	11	0.3615	0.881	9.4578	0.1911	1	7.509
W05	2834.9032	2742.279	11	0.3615	0.881	9.4578	0.1911	1	7.509
W05	2835.9032	2743.2768		0.3615	0.881	9.4578	0.1911	1	7.509
W05	2836.9032	2744.2745	11	0.521	1	7.4013	0.1448	0	
W05	2837.9032	2745.2723	11	0.521	1	7.4013	0.1448	0	0.5286
W05	2838.9032	2746.27	11	0.521	1	7.4013	0.1448	0	0.5286
W05	2839.9032	2747.2677	11	0.521	1	7.4013	0.1448	0	0.5286
W05	2840.9032	2748.2654	11	0.521	1	7.4013		0	0.5286
W05	2841.9032	2749.2632	11			7.6946	0.157	0	0.6858
W05	2842.9032	2750.2609	11		1		0.157	0	0.6858
W05	2843.9032	2751.2586	11	0.4957	1	7.6946	0.157	0	0.6858
W05	2844.9032	2752.2564	11	0.4957	1	7.6946		0	0.6858
W05	2845.9032	2753.2541	11	0.4957	1	7.6946	0.157	0	0.6858
W05	2846.9032	2754.2518	11	0.5751	1	6.81		0	0.7438
W05	2847.9032	2755.2495	11	0.5751	1	6.81	0.1609	0	0.7438
W05	2848.9032	2756.2472	11	0.5751	1	6.81	0.1609	0	0.7438
W05	2849.9032	2757.245	11	0.5751	1	6.81		0	0.7438
W05	2850.9032	2758.2427	11	0.5751	1	6.81	0.1609	0	0.7438
W05	2851.9032	2759.2404	11	0.5655	1	6.9114	0.1592	0	0.7186
W05	2852.9032	2760.2381	11	0.5655	1	6.9114	0.1592	0	0.7186
W05	2853.9032	2761.2358	11	0.5655	1	6.9114	0.1592	0	0.7186
W05	2854.9032	2762.2335	11	0.5655	1	6.9114	0.1592	0	0.7186
W05	2855.9032	2763.2312	11		1	6.9114	0.1592	0	
W05	2856.9032	2764.229	11	0.5845	1	6.7129	0.168	0	0.8536
W05	2857.9032	2765.2267	11	0.5845	1	6.7129	0.168	0	0.8536
W05	2858.9032	2766.2244	11			6.7129	0.168	0	0.8536
W05	2859.9032	2767.2221	11	0.5845	1	6.7129	0.168	0	0.8536
W05	2860.9032	2768.2198	11	0.5845	1	6.7129	0.168	0	0.8536
W05	2861.9032	2769.2175	11	0.5958	1	6.5971	0.1549	0	0.6576
W05	2862.9032	2770.2152	11	0.5958	1	6.5971	0.1549	0	0.6576
W05	2863.9032	2771.2129	11	0.5958	1	6.5971	0.1549	0	0.6576
W05	2864.9032	2772.2106	11	0.5958	1	6.5971	0.1549	0	0.6576
W05	2865.9032	2773.2083	11	0.5958	1	6.5971		0	0.6576
W05	2866.9032	2774.206	11	0.4872	1	7.7955	0.1797	1	5.992
W05	2867.9032	2775.2037	11	0.4872	1	7.7955	0.1797	1	5.992
W05	2868.9032	2776.2014	11	0.4872	1	7.7955		1	5.992
W05	2869.9032	2777.199	11	0.4872	1		0.1797	1	5.992
W05	2870.9032	2778.1967	11	0.4872	1	7.7955	0.1797	1	5.992
W05	2871.9032	2779.1944	11	0.5524	1	7.0525	0.1672	0	0.8415
W05	2872.9032	2780.1921	11	0.5524	1	7.0525	0.1672	0	0.8415
W05	2873.9032	2781.1898	11	0.5524	1	7.0525	0.1672	0	0.8415
W05	2874.9032	2782.1875	11	0.5524	1	7.0525	0.1672	0	0.8415
W05	2875.9032	2783.1852	11	0.5524	1	7.0525	0.1672	0	0.8415
W05	2876.9032	2784.1828	11		1	7.2654		1	4.7022
W05	2877.9032	2785.1805	11	0.533		7.2654	0.1681	1	4.7022
W05	2878.9032	2786.1782	11	0.533	1	7.2654	0.1681	1	4.7022
W05	2879.9032	2787.1759	11	0.533	1	7.2654	0.1681	1	4.7022
W05	2880.9032	2788.1736	11	0.6044	1	6.51	0.174	1	5.3262
W05	2881.9032	2789.1712	11	0.6044	1	6.51	0.174	1	5.3262
W05	2882.9032	2790.1689	11	0.6044		6.51	0.174	1	5.3262
W05	2883.9032	2791.1666	11	0.6044	1			1	5.3262
W05	2884.9032	2792.1643	11	0.6044			0.174	1	
W05	2885.9032	2793.1619	11	0.5716	1	6.8471	0.1893	1	7.2441
W05	2886.9032	2794.1596	11	0.5716	1		0.1893	1	7.2441
W05	2887.9032	2795.1573	11	0.5716		6.8471	0.1893	1	7.2441
W05	2888.9032	2796.155	11	0.5716	1	6.8471	0.1893	1	
W05	2889.9032	2797.1527	11	0.5716	1	6.8471		1	7.2441
W05	2890.9032	2798.1503	11	0.5971	1	6.5834	0.1937	1	7.8791
W05	2891.9032	2799.148	11	0.5971	1	6.5834	0.1937	1	7.8791
W05	2892.9032	2800.1457	11	0.5971	1	6.5834	0.1937	1	7.8791
W05	2893.9032	2801.1434	11	0.5971	1	6.5834	0.1937	1	7.8791
W05	2894.9032	2802.1411	11	0.5971	1	6.5834	0.1937	1	7.8791
W05	2895.9032	2803.1387	11	0.7048	1	5.579	0.1918	1	7.6069
W05	2896.9032	2804.1364		0.7048		5.579	0.1918	1	7.6069
W05	2897.9032	2805.1341	11	0.7048	1	5.579	0.1918	1	7.6069
W05	2898.9032	2806.1318	11	0.7048	1	5.579	0.1918	1	7.6069
W05	2899.9032	2807.1295	11	0.7048	1	5.579	0.1918	1	7.6069
W05	2900.9032	2808.1272	11	0.7506	1	5.1998	0.2001	1	8.8734
W05	2901.9032	2809.1248	11	0.7506	1	5.1998	0.2001	1	8.8734
W05	2902.9032	2810.1225	11	0.7506	1	5.1998	0.2001	1	8.8734
W05	2903.9032	2811.1202	11	0.7506	1	5.1998	0.2001	1	8.8734
W05	2904.9032	2812.1179	11	0.7506	1	5.1998	0.2001	1	8.8734
W05	2905.9032	2813.1156	11		1	5.7822	0.1847	1	6.6271
W05	2906.9032	2814.1132	11	0.6815	1	5.7822	0.1847	1	6.6271
W05	2907.9032	2815.1109	11	0.6815	1	5.7822	0.1847	1	6.6271
W05	2908.9032	2816.1086		0.6815	1	5.7822	0.1847	1	6.6271
W05	2909.9032	2817.1063	11	0.6815	1	5.7822	0.1847	1	6.6271
W05	2910.9032	2818.104	11	0.4536	1	8.2092	0.1447	0	0.527
W05	2911.9032	2819.1017	11	0.4536	1			0	0.527
W05	2912.9032	2820.0993	11	0.4536	1	8.2092	0.1447	0	0.527
W05	2913.9032	2821.097	11	0.4536	1	8.2092	0.1447	0	
W05	2914.9032	2822.0947	11	0.4536	1	8.2092	0.1447	0	0.527
W05	2915.9032	2823.0924	11	0.4865	1	7.8043	0.1522	1	3.2695
W05	2916.9032	2824.0901	11	0.4865	1	7.8043	0.1522	1	3.2695
W05	2917.9032	2825.0878	11	0.4865	1	7.8043	0.1522	1	3.2695
W05	2918.9032	2826.0854	11	0.4865	1	7.8043	0.1522	1	3.2695
W05	2919.9032	2827.0831	11	0.4865	1	7.8043	0.1522	1	3.2695
W05	2920.9032	2828.0808	11	0.6036	1	6.5179	0.1538	0	0.6426
W05	2921.9032	2829.0785	11	0.6036	1	6.5179	0.1538	0	0.6426
W05	2922.9032	2830.0762	11	0.6036	1	6.5179	0.1538	0	0.6426
W05	2923.9032	2831.0739	11		1	6.5179	0.1538	0	0.6426
W05	2924.9032	2832.0715	11	0.6036	1	6.5179	0.1538	0	0.6426
W05	2925.9032	2833.0692		0.5736			0.1625	1	4.1547
W05	2926.9032	2834.0669	11	0.5736	1	6.8263	0.1625	1	4.1547
W05	2927.9032	2835.0646	11	0.5736	1	6.8263	0.1625	1	4.1547
W05	2928.9032	2836.0623	11		1	6.8263	0.1625	1	4.1547
W05	2929.9032	2837.06	11	0.529	1	7.3105	0.1181	0	0.2737
W05	2930.9032	2838.0577	11	0.529	1	7.3105	0.1181	0	0.2737
W05	2931.9032	2839.0553	11	0.529	1	7.3105	0.1181	0	0.2737
W05	2932.9032	2840.053	11	0.529	1	7.3105	0.1181	0	0.2737
W05	2933.9032	2841.0507	11	0.529	1	7.3105	0.1181	0	0.2737
W05	2934.9032	2842.0484	11	0.478	1	7.9064	0.1359	0	0.4308
W05	2935.9032	2843.0461	11	0.478	1	7.9064	0.1359	0	0.4308
W05	2936.9032	2844.0438	11	0.478		7.9064	0.1359	0	0.4308
W05	2937.9032	2845.0415	11	0.478	1	7.9064	0.1359	0	0.4308
W05	2938.9032	2846.0391	11	0.478	1	7.9064	0.1359	0	0.4308
W05	2939.9032	2847.0368	11		1	8.0052	0.1505	0	0.5987
W05	2940.9032	2848.0345	11	0.4699	1	8.0052	0.1505	0	0.5987
W05	2941.9032	2849.0322	11	0.4699	1	8.0052	0.1505	0	0.5987
W05	2942.9032	2850.0299	11	0.4699	1	8.0052	0.1505	0	0.5987
W05	2943.9032	2851.0276	11	0.4699	1	8.0052	0.1505	0	0.5987
W05	2944.9032	2852.0253	11	0.1829	1	15.3392	0.2258	1	99.6837
W05	2945.9032	2853.0229	11	0.1829	1	15.3392	0.2258	1	99.6837
W05	2946.9032	2854.0206	11	0.1829	1	15.3392	0.2258	1	
W05	2947.9032	2855.0183	11	0.1829	1	15.3392	0.2258	1	99.6837
W05	2948.9032	2856.016	11	0.1829	1	15.3392	0.2258	1	99.6837
W05	2949.9032	2857.0137	11	0.2476	1	11.2677	0.2042	1	67.3855
W05	2950.9032	2858.0114		0.2476	1	11.2677	0.2042	1	67.3855
W05	2951.9032	2859.0091	11	0.2476	1	11.2677	0.2042	1	67.3855
W05	2952.9032	2860.0068			1	11.2677	0.2042	1	67.3855
W05	2953.9032	2861.0044	11	0.2476		11.2677	0.2042	1	67.3855
W05	2954.9032	2862.0021	11	0.3366	1	9.8265	0.2119	1	77.7884
W05	2955.9032	2862.9998	11	0.3366	1	9.8265	0.2119	1	77.7884
W05	2956.9032	2863.9975	11			9.8265	0.2119	1	77.7884
W05	2957.9032	2864.9952	11	0.3366	1	9.8265	0.2119	1	77.7884
W05	2958.9032	2865.9929		0.3366	1	9.8265	0.2119	1	77.7884
W05	2959.9032	2866.9906	11	0.3322	1	9.8937		1	7.2653
W05	2960.9032	2867.9883	11	0.3322	1	9.8937	0.1894	1	7.2653
W05	2961.9032	2868.986	11	0.3322	1	9.8937	0.1894	1	7.2653
W05	2962.9032	2869.9836	11	0.3322	1	9.8937	0.1894	1	7.2653
W05	2963.9032	2870.9813	11	0.3322	1	9.8937	0.1894	1	7.2653
W05	2964.9032	2871.979	11	0.5274	1	7.3289	0.1697	1	4.8662
W05	2965.9032	2872.9767	11	0.5274	1	7.3289	0.1697	1	4.8662
W05	2966.9032	2873.9744		0.5274	1	7.3289	0.1697	1	4.8662
W05	2967.9032	2874.9721	11	0.5274	1	7.3289	0.1697	1	4.8662
W05	2968.9032	2875.9698	11	0.5274	1	7.3289	0.1697	1	4.8662
W05	2969.9032	2876.9675	11	0.4571	1	8.1654	0.1927	1	7.7344
W05	2970.9032	2877.9652	11	0.4571	1	8.1654	0.1927	1	7.7344
W05	2971.9032	2878.9628	11	0.4571	1	8.1654	0.1927	1	7.7344
W05	2972.9032	2879.9605	11	0.4571	1	8.1654	0.1927	1	7.7344
W05	2973.9032	2880.9582	11	0.4571	1	8.1654	0.1927	1	7.7344
W05	2974.9032	2881.9559	11	0.6483	1	6.0852	0.1826	1	6.3594
W05	2975.9032	2882.9535	11	0.6483	1	6.0852	0.1826	1	6.3594
W05	2976.9032	2883.9512	11	0.6483	1	6.0852	0.1826	1	6.3594
W05	2977.9032	2884.9489	11	0.6483	1	6.0852	0.1826	1	6.3594
W05	2978.9032	2885.9465		0.6862	1	5.741	0.1814	1	6.2015
W05	2979.9032	2886.9441	11	0.6862	1	5.741	0.1814	1	6.2015
W05	2980.9032	2887.9418	11	0.6862	1	5.741	0.1814	1	6.2015
W05	2981.9032	2888.9394	11	0.6862	1	5.741	0.1814	1	6.2015
W05	2982.9032	2889.937	11	0.6862	1	5.741	0.1814	1	
W05	2983.9032	2890.9346	11	0.5892	1	6.6638	0.1622	0	0.7625
W05	2984.9032	2891.9322	11	0.5892	1	6.6638	0.1622	0	0.7625
W05	2985.9032	2892.9298	11	0.5892	1		0.1622	0	0.7625
W05	2986.9032	2893.9273	11	0.5892	1	6.6638	0.1622	0	0.7625
W05	2987.9032	2894.9249	11	0.5892	1	6.6638	0.1622	0	0.7625
W05	2988.9032	2895.9225	11	0.9186	1	4.0159	0.1969	1	8.3675
W05	2989.9032	2896.92	11	0.9186	1	4.0159	0.1969	1	8.3675
W05	2990.9032	2897.9176			1	4.0159	0.1969	1	8.3675
W05	2991.9032	2898.9151	11	0.9186	1	4.0159	0.1969	1	8.3675
W05	2992.9032	2899.9127	11	0.9186	1	4.0159	0.1969	1	8.3675
W05	2993.9032	2900.9102	11	0.9121	1	4.0566	0.2034	1	9.4187
W05	2994.9032	2901.9077	11	0.9121	1	4.0566	0.2034	1	
W05	2995.9032	2902.9052	11	0.9121	1	4.0566	0.2034	1	9.4187
W05	2996.9032	2903.9027	11	0.9121	1	4.0566	0.2034	1	9.4187
W05	2997.9032	2904.9002	11	0.9121	1	4.0566	0.2034	1	9.4187
W05	2998.9032	2905.8977		0.6681	1	5.9028	0.1744	1	5.3732
W05	2999.9032	2906.8952	11	0.6681	1	5.9028	0.1744	1	5.3732
W05	3000.9032	2907.8926	11	0.6681	1	5.9028	0.1744	1	5.3732
W05	3001.9032	2908.8901	11	0.6681	1	5.9028	0.1744	1	5.3732
W05	3002.9032	2909.8875	11	0.6681	1	5.9028	0.1744	1	5.3732
W05	3003.9032	2910.885	11	0.5498	1	7.08	0.1625	1	4.1521
W05	3004.9032	2911.8824	11	0.5498	1	7.08		1	
W05	3005.9032	2912.8798	11	0.5498	1	7.08	0.1625	1	4.1521
W05	3006.9032	2913.8773	11	0.5498	1	7.08	0.1625	1	4.1521
W05	3007.9032	2914.8747	11	0.5498	1	7.08	0.1625	1	4.1521
W05	3008.9032	2915.8721	11	0.5834	1	6.7239	0.1767	1	5.6333
W05	3009.9032	2916.8695	11	0.5834	1	6.7239	0.1767	1	5.6333
W05	3010.9032	2917.8669	11	0.5834	1	6.7239	0.1767	1	5.6333
W05	3011.9032	2918.8642	11	0.5834	1	6.7239	0.1767	1	5.6333
W05	3012.9032	2919.8616	11	0.5834	1	6.7239	0.1767	1	5.6333
W05	3013.9032	2920.859	11	0.5062		7.5706	0.1494	0	0.5853
W05	3014.9032	2921.8563	11	0.5062	1	7.5706	0.1494	0	0.5853
W05	3015.9032	2922.8537	11	0.5062	1	7.5706	0.1494	0	0.5853
W05	3016.9032	2923.851	11	0.5062	1	7.5706	0.1494	0	0.5853
W05	3017.9032	2924.8483	11	0.5062	1	7.5706	0.1494	0	0.5853
W05	3018.9032	2925.8457	11	0.733	1	5.342	0.1792	0	1.0523
W05	3019.9032	2926.843	11	0.733	1	5.342	0.1792	0	1.0523
W05	3020.9032	2927.8403	11	0.733		5.342	0.1792	0	1.0523
W05	3021.9032	2928.8376	11	0.733	1	5.342	0.1792	0	1.0523
W05	3022.9032	2929.8349	11	0.5521	1	7.055	0.1861	1	6.8139
W05	3023.9032	2930.8321		0.5521	1	7.055	0.1861	1	6.8139
W05	3024.9032	2931.8294	11		1	7.055	0.1861	1	6.8139
W05	3025.9032	2932.8267	11	0.5521	1	7.055	0.1861	1	6.8139
W05	3026.9032	2933.8239	11	0.5521	1	7.055	0.1861	1	6.8139
W05	3027.9032	2934.8212	11	0.5214	1	7.396	0.1544	0	
W05	3028.9032	2935.8184		0.5214	1	7.396	0.1544	0	
W05	3029.9032	2936.8156	11	0.5214	1	7.396	0.1544	0	0.6504
W05	3030.9032	2937.8129	11	0.5214	1	7.396	0.1544	0	0.6504
W05	3031.9032	2938.8101	11	0.5214	1	7.396	0.1544	0	0.6504
W05	3032.9032	2939.8073	11	0.4778	1	7.9095	0.181	0	1.0871
W05	3033.9032	2940.8045	11	0.4778	1	7.9095	0.181	0	1.0871
W05	3034.9032	2941.8017	11	0.4778	1	7.9095	0.181	0	1.0871
W05	3035.9032	2942.7988	11	0.4778	1	7.9095	0.181	0	
W05	3036.9032	2943.796		0.4778	1	7.9095	0.181	0	1.0871
W05	3037.9032	2944.7932	11	0.5122	1	7.5012	0.1567	0	0.6824
W05	3038.9032	2945.7903	11	0.5122	1	7.5012	0.1567	0	0.6824
W05	3039.9032	2946.7875	11	0.5122	1	7.5012	0.1567	0	0.6824
W05	3040.9032	2947.7846	11	0.5122		7.5012	0.1567	0	0.6824
W05	3041.9032	2948.7817	11	0.5122	1	7.5012	0.1567	0	0.6824
W05	3042.9032	2949.7788	11	0.6042	1	6.5125	0.1602	0	0.7322
W05	3043.9032	2950.776	11	0.6042	1	6.5125	0.1602	0	0.7322
W05	3044.9032	2951.7731	11	0.6042	1	6.5125	0.1602	0	0.7322
W05	3045.9032	2952.7702	11	0.6042	1	6.5125	0.1602	0	0.7322
W05	3046.9032	2953.7672	11	0.6042	1	6.5125	0.1602	0	0.7322
W05	3047.9032	2954.7643	11	0.6204	1	6.3518	0.1508	0	0.6024
W05	3048.9032	2955.7614	11	0.6204	1	6.3518	0.1508	0	0.6024
W05	3049.9032	2956.7584	11	0.6204	1	6.3518	0.1508	0	0.6024
W05	3050.9032	2957.7555	11	0.6204	1	6.3518	0.1508	0	0.6024
W05	3051.9032	2958.7525	11	0.6204	1	6.3518	0.1508	0	0.6024
W05	3052.9032	2959.7496		0.5958	1	6.5966	0.1609	0	
W05	3053.9032	2960.7466	11	0.5958		6.5966	0.1609	0	
W05	3054.9032	2961.7436	11	0.5958	1	6.5966	0.1609	0	0.7436
W05	3055.9032	2962.7406	11	0.5958	1	6.5966	0.1609	0	0.7436
W05	3056.9032	2963.7376	11		1	6.5966	0.1609	0	0.7436
W05	3057.9032	2964.7346	11	0.4018	1	8.89	0.1426	1	2.5781
W05	3058.9032	2965.7316	11	0.4018	1	8.89	0.1426	1	2.5781
W05	3059.9032	2966.7285	11	0.4018	1	8.89	0.1426	1	2.5781
W05	3060.9032	2967.7255	11	0.4018	1	8.89	0.1426	1	2.5781
W05	3061.9032	2968.7224	11	0.4018	1	8.89	0.1426	1	2.5781
W05	3062.9032	2969.7194		0.6706	1	5.8806	0.191	0	1.2935
W05	3063.9032	2970.7163	11	0.6706		5.8806	0.191	0	1.2935
W05	3064.9032	2971.7132	11	0.6706	1	5.8806	0.191	0	1.2935
W05	3065.9032	2972.7102	11	0.6706	1	5.8806	0.191	0	
W05	3066.9032	2973.7071	11	0.6875	1	5.7295	0.1785	0	1.0392
W05	3067.9032	2974.704	11	0.6875	1	5.7295	0.1785	0	1.0392
W05	3068.9032	2975.7009	11	0.6875	1	5.7295	0.1785	0	1.0392
W05	3069.9032	2976.6978	11	0.6875	1	5.7295	0.1785	0	1.0392
W05	3070.9032	2977.6947	11	0.6875	1	5.7295	0.1785	0	1.0392
W05	3071.9032	2978.6916	11	0.6951	1	5.6632	0.1956	1	8.1694
W05	3072.9032	2979.6885	11	0.6951	1	5.6632	0.1956	1	8.1694
W05	3073.9032	2980.6854	11	0.6951	1	5.6632	0.1956	1	8.1694
W05	3074.9032	2981.6823	11	0.3683	1	9.3597	0.1883	1	7.1086
W05	3075.9032	2982.6792	11	0.2473	1	11.2722	0.2028	1	65.6012
W05	3076.9032	2983.676	12	0.0928	1	36.6774	0.2326	1	111.8898
W05	3077.9032	2984.6729	12	0.0928		36.6774	0.2326	1	111.8898
W05	3078.9032	2985.6698	12	0.0928	1	36.6774	0.2326	1	111.8898
W05	3079.9032	2986.6667	12	0.0928	1	36.6774	0.2326	1	111.8898
W05	3080.9032	2987.6636	12	0.1723	1	16.9879	0.2187	1	
W05	3081.9032	2988.6604	12	0.1723		16.9879	0.2187	1	88.0509
W05	3082.9032	2989.6573	12	0.1723	1	16.9879	0.2187	1	88.0509
W05	3083.9032	2990.6542	12	0.1723	1	16.9879	0.2187	1	88.0509
W05	3084.9032	2991.651	12	0.1723	1	16.9879	0.2187	1	88.0509
W05	3085.9032	2992.6479	12	0.1453	1	22.0584	0.2316	1	513.8135
W05	3086.9032	2993.6448	12	0.1453	1	22.0584	0.2316	1	513.8135
W05	3087.9032	2994.6416	12		1	22.0584	0.2316	1	513.8135
W05	3088.9032	2995.6385	12	0.1453	1	22.0584	0.2316	1	513.8135
W05	3089.9032	2996.6353	12	0.1453	1	22.0584	0.2316	1	513.8135
W05	3090.9032	2997.6322	12	0.0606	1	50.0988	0.2453	1	647.1804
W05	3091.9032	2998.629	12	0.0606	1	50.0988	0.2453	1	647.1804
W05	3092.9032	2999.6259	12	0.0606	1	50.0988	0.2453	1	647.1804
W05	3093.9032	3000.6227	12	0.0606	1	50.0988	0.2453	1	647.1804
W05	3094.9032	3001.6196	12	0.0606	1	50.0988	0.2453	1	647.1804
W05	3095.9032	3002.6164	12	0.0755	1	43.3694	0.2559	1	766.9225
W05	3096.9032	3003.6132	12	0.0755	1	43.3694	0.2559	1	766.9225
W05	3097.9032	3004.6101	12	0.0755	1	43.3694	0.2559	1	766.9225
W05	3098.9032	3005.6069	12	0.0755	1	43.3694	0.2559	1	766.9225
W05	3099.9032	3006.6037	12	0.0755	1	43.3694	0.2559	1	766.9225
W05	3100.9032	3007.6005	12	0.1555	1		0.2379	1	122.1162
W05	3101.9032	3008.5974	12	0.1555	1	19.9868	0.2379	1	122.1162
W05	3102.9032	3009.5942	12	0.1555	1	19.9868	0.2379	1	122.1162
W05	3103.9032	3010.591	12	0.1555	1		0.2379	1	
W05	3104.9032	3011.5878		0.1555	1	19.9868	0.2379	1	122.1162
W05	3105.9032	3012.5846	12		1	10.3012	0.218	1	86.8848
W05	3106.9032	3013.5814	12	0.3059	1	10.3012	0.218	1	86.8848
W05	3107.9032	3014.5782		0.3059	1	10.3012		1	86.8848
W05	3108.9032	3015.575	12	0.3059	1	10.3012	0.218	1	86.8848
W05	3109.9032	3016.5718	12	0.3059	1	10.3012	0.218	1	86.8848
W05	3110.9032	3017.5686	12	0.2931	1	10.5066	0.2018	1	64.4129
W05	3111.9032	3018.5654	12	0.2931	1	10.5066	0.2018	1	
W05	3112.9032	3019.5622	12		1	10.5066	0.2018	1	64.4129
W05	3113.9032	3020.559	12	0.2931	1	10.5066	0.2018	1	64.4129
W05	3114.9032	3021.5558	12	0.2931	1	10.5066	0.2018	1	64.4129
W05	3115.9032	3022.5526	12	0.2682	1	10.916	0.2115	1	77.2492
W05	3116.9032	3023.5494	12	0.2682	1	10.916	0.2115	1	77.2492
W05	3117.9032	3024.5461	12	0.2682	1	10.916	0.2115	1	77.2492
W05	3118.9032	3025.5429	12	0.2682	1	10.916	0.2115	1	77.2492
W05	3119.9032	3026.5397	12	0.2682	1	10.916	0.2115	1	77.2492
W05	3120.9032	3027.5365	12	0.3755	1	9.2567	0.1739	0	0.9542
W05	3121.9032	3028.5332	12		1	9.2567	0.1739	0	0.9542
W05	3122.9032	3029.53	12	0.3755		9.2567	0.1739	0	0.9542
W05	3123.9032	3030.5267	12	0.3755	1		0.1739	0	0.9542
W05	3124.9032	3031.5235	12	0.3755	1	9.2567	0.1739	0	0.9542
W05	3125.9032	3032.5203	12	0.5012	1	7.6295	0.151	0	0.6052
W05	3126.9032	3033.517	12	0.5012	1	7.6295	0.151	0	0.6052
W05	3127.9032	3034.5138	12	0.5012	1	7.6295	0.151	0	0.6052
W05	3128.9032	3035.5105	12	0.5012	1	7.6295	0.151	0	0.6052
W05	3129.9032	3036.5072	12	0.5012		7.6295	0.151	0	0.6052
W05	3130.9032	3037.504	12	0.5741	1	6.8207	0.143	0	
W05	3131.9032	3038.5007	12	0.5741	1	6.8207	0.143	0	0.5073
W05	3132.9032	3039.4975	12	0.5741	1	6.8207	0.143	0	0.5073
W05	3133.9032	3040.4942	12	0.5741	1	6.8207	0.143	0	
W05	3134.9032	3041.4909	12	0.6265	1	6.2928	0.1495	0	0.5861
W05	3135.9032	3042.4876	12	0.6265	1	6.2928	0.1495	0	0.5861
W05	3136.9032	3043.4844	12	0.6265	1	6.2928	0.1495	0	
W05	3137.9032	3044.4811	12	0.6265	1	6.2928	0.1495	0	0.5861
W05	3138.9032	3045.4778	12	0.6265	1	6.2928	0.1495	0	0.5861
W05	3139.9032	3046.4745	12	0.631	1	6.2489	0.1522	0	0.6209
W05	3140.9032	3047.4712	12		1	6.2489	0.1522	0	
W05	3141.9032	3048.4679	12	0.631	1	6.2489	0.1522	0	
W05	3142.9032	3049.4646		0.631	1	6.2489		0	0.6209
W05	3143.9032	3050.4613	12	0.631	1	6.2489	0.1522	0	0.6209
W05	3144.9032	3051.458	12	0.3398	1	9.7791	0.1798	1	6.0118
W05	3145.9032	3052.4547		0.3398	1	9.7791	0.1798	1	6.0118
W05	3146.9032	3053.4514	12	0.3398	1	9.7791	0.1798	1	6.0118
W05	3147.9032	3054.4481	12	0.3398	1	9.7791	0.1798	1	6.0118
W05	3148.9032	3055.4448	12	0.3398	1	9.7791	0.1798	1	6.0118
W05	3149.9032	3056.4415		0.3512	1	9.6079	0.1966	1	58.2148
W05	3150.9032	3057.4381	12	0.3512	1	9.6079	0.1966	1	58.2148
W05	3151.9032	3058.4348	12	0.3512	1	9.6079	0.1966	1	58.2148
W05	3152.9032	3059.4315		0.3512	1	9.6079	0.1966	1	58.2148
W05	3153.9032	3060.4282	12	0.3512	1	9.6079	0.1966	1	58.2148
W05	3154.9032	3061.4248	12	0.3883	1	9.0765	0.2039	1	67.0191
W05	3155.9032	3062.4215		0.3883	1	9.0765	0.2039	1	67.0191
W05	3156.9032	3063.4182	12	0.3883	1	9.0765	0.2039	1	67.0191
W05	3157.9032	3064.4148	12	0.3883	1	9.0765	0.2039	1	67.0191
W05	3158.9032	3065.4115	12	0.3883	1	9.0765	0.2039	1	67.0191
W05	3159.9032	3066.4081	12	0.2968	1	10.4472	0.207	1	71.1082
W05	3160.9032	3067.4048	12	0.2968	1		0.207	1	71.1082
W05	3161.9032	3068.4014		0.2968	1	10.4472	0.207	1	71.1082
W05	3162.9032	3069.398	12	0.2968	1	10.4472	0.207	1	71.1082
W05	3163.9032	3070.3947	12	0.2968	1	10.4472	0.207	1	71.1082
W05	3164.9032	3071.3913	12	0.3331	1	9.8804	0.199	1	8.6952
W05	3165.9032	3072.3879	12	0.3331	1	9.8804	0.199	1	8.6952
W05	3166.9032	3073.3845	12	0.3331	1	9.8804	0.199	1	8.6952
W05	3167.9032	3074.381	12	0.3331	1	9.8804	0.199	1	8.6952
W05	3168.9032	3075.3776	12	0.3331		9.8804	0.199	1	8.6952
W05	3169.9032	3076.3742	12	0.443	1	8.344	0.1721	1	5.1205
W05	3170.9032	3077.3707	12	0.443	1		0.1721	1	5.1205
W05	3171.9032	3078.3672	12	0.443	1	8.344	0.1721	1	5.1205
W05	3172.9032	3079.3638	12	0.443	1		0.1721	1	5.1205
W05	3173.9032	3080.3603	12	0.443	1	8.344	0.1721	1	5.1205
W05	3174.9032	3081.3568	12	0.5517	1	7.0593	0.1623	0	0.7642
W05	3175.9032	3082.3533	12	0.5517	1	7.0593	0.1623	0	0.7642
W05	3176.9032	3083.3498	12	0.5517	1		0.1623	0	0.7642
W05	3177.9032	3084.3463		0.5517	1	7.0593	0.1623	0	0.7642
W05	3178.9032	3085.3427	12	0.5517	1	7.0593	0.1623	0	0.7642
W05	3179.9032	3086.3392	12	0.5912	1	6.6436	0.1613	1	4.0391
W05	3180.9032	3087.3356	12	0.5912	1	6.6436	0.1613	1	4.0391
W05	3181.9032	3088.332	12	0.5912	1	6.6436	0.1613	1	4.0391
W05	3182.9032	3089.3285	12	0.5912	1	6.6436	0.1613	1	4.0391
W05	3183.9032	3090.3249	12	0.5912	1	6.6436	0.1613	1	4.0391
W05	3184.9032	3091.3213	12	0.5274	1	7.3289	0.1714	1	5.047
W05	3185.9032	3092.3177	12	0.5274	1	7.3289	0.1714	1	
W05	3186.9032	3093.3141	12	0.5274	1	7.3289	0.1714	1	5.047
W05	3187.9032	3094.3104	12	0.5274	1	7.3289	0.1714	1	5.047
W05	3188.9032	3095.3068	12		1	8.2193	0.1621	0	0.7617
W05	3189.9032	3096.3031	12	0.4528	1	8.2193	0.1621	0	0.7617
W05	3190.9032	3097.2995	12	0.4528	1	8.2193	0.1621	0	0.7617
W05	3191.9032	3098.2958	12	0.4528	1	8.2193	0.1621	0	0.7617
W05	3192.9032	3099.2921	12	0.4528	1	8.2193	0.1621	0	0.7617
W05	3193.9032	3100.2884	12	0.605	1	6.5047	0.1578	0	0.6983
W05	3194.9032	3101.2847	12	0.605	1	6.5047	0.1578	0	0.6983
W05	3195.9032	3102.281		0.605	1	6.5047	0.1578	0	0.6983
W05	3196.9032	3103.2773		0.605	1	6.5047	0.1578	0	0.6983
W05	3197.9032	3104.2735	12	0.605	1	6.5047	0.1578	0	0.6983
W05	3198.9032	3105.2698	12	0.6042	1	6.5126	0.1734	1	5.2649
W05	3199.9032	3106.266	12		1	6.5126	0.1734	1	5.2649
W05	3200.9032	3107.2622	12	0.6042	1	6.5126	0.1734	1	5.2649
W05	3201.9032	3108.2585	12	0.6042	1	6.5126	0.1734	1	5.2649
W05	3202.9032	3109.2547	12	0.6042	1	6.5126	0.1734	1	5.2649
W05	3203.9032	3110.2509	12	0.3645	1	9.4138	0.1901	1	7.3659
W05	3204.9032	3111.247	12	0.3645	1	9.4138	0.1901	1	7.3659
W05	3205.9032	3112.2432	12	0.3645	1		0.1901	1	7.3659
W05	3206.9032	3113.2394	12	0.3645	1	9.4138	0.1901	1	7.3659
W05	3207.9032	3114.2355	12	0.3645	1	9.4138	0.1901	1	7.3659
W05	3208.9032	3115.2317	12	0.2243	1	11.6793	0.1968	1	58.3837
W05	3209.9032	3116.2278	12	0.2243	1	11.6793	0.1968	1	58.3837
W05	3210.9032	3117.2239	12	0.2243	1	11.6793	0.1968	1	58.3837
W05	3211.9032	3118.22	12	0.2243	1	11.6793	0.1968	1	58.3837
W05	3212.9032	3119.2161		0.2243	1	11.6793	0.1968	1	58.3837
W05	3213.9032	3120.2122	12	0.2651	1	10.9688	0.1987	1	8.6512
W05	3214.9032	3121.2083	12	0.2651		10.9688	0.1987	1	8.6512
W05	3215.9032	3122.2044	12	0.2651	1	10.9688	0.1987	1	8.6512
W05	3216.9032	3123.2004	12	0.2651	1	10.9688	0.1987	1	8.6512
W05	3217.9032	3124.1965	12	0.2651	1	10.9688	0.1987	1	8.6512
W05	3218.9032	3125.1925	12	0.1169	1	29.0357	0.2366	1	119.4826
W05	3219.9032	3126.1885		0.1169	1	29.0357	0.2366	1	119.4826
W05	3220.9032	3127.1845	12	0.1169	1	29.0357	0.2366	1	119.4826
W05	3221.9032	3128.1805	12	0.1169	1	29.0357	0.2366	1	119.4826
W05	3222.9032	3129.1765		0.1169	1	29.0357	0.2366	1	119.4826
W05	3223.9032	3130.1725	12	0.4334	1	8.4674	0.1806	1	6.1006
W05	3224.9032	3131.1684	12	0.4334	1	8.4674	0.1806	1	6.1006
W05	3225.9032	3132.1644	12		1	8.4674	0.1806	1	6.1006
W05	3226.9032	3133.1603	12	0.4334	1	8.4674	0.1806	1	6.1006
W05	3227.9032	3134.1563	12	0.4334	1	8.4674	0.1806	1	6.1006
W05	3228.9032	3135.1522	12	0.3955	1	8.9754	0.1653	1	4.4218
W05	3229.9032	3136.1481	12	0.3955	1		0.1653	1	4.4218
W05	3230.9032	3137.144	12	0.3955	1	8.9754	0.1653	1	4.4218
W05	3231.9032	3138.1399	12	0.3955	1	8.9754	0.1653	1	4.4218
W05	3232.9032	3139.1357	12	0.3955	1	8.9754	0.1653	1	4.4218
W05	3233.9032	3140.1316	12	0.339	1	9.791	0.1877	1	7.0217
W05	3234.9032	3141.1274	12	0.339	1	9.791	0.1877	1	7.0217
W05	3235.9032	3142.1233		0.339	1	9.791	0.1877	1	7.0217
W05	3236.9032	3143.1191	12	0.339	1	9.791	0.1877	1	7.0217
W05	3237.9032	3144.1149	12	0.4995		7.6496	0.1722	1	5.1347
W05	3238.9032	3145.1107	12	0.4995	1	7.6496	0.1722	1	5.1347
W05	3239.9032	3146.1065	12	0.4995		7.6496	0.1722	1	5.1347
W05	3240.9032	3147.1023	12	0.4995	1	7.6496	0.1722	1	5.1347
W05	3241.9032	3148.0981	12	0.4995	1	7.6496	0.1722	1	5.1347
W05	3242.9032	3149.0938	12	0.4328	1	8.4757	0.1676	1	4.646
W05	3243.9032	3150.0896	12	0.4328	1		0.1676	1	4.646
W05	3244.9032	3151.0853	12	0.4328	1		0.1676	1	4.646
W05	3245.9032	3152.081	12	0.4328	1	8.4757	0.1676	1	4.646
W05	3246.9032	3153.0767	12	0.4328	1	8.4757	0.1676	1	4.646
W05	3247.9032	3154.0724	12			7.3784	0.1765	1	5.6143
W05	3248.9032	3155.0681	12	0.523	1	7.3784	0.1765	1	5.6143
W05	3249.9032	3156.0638	12	0.523	1	7.3784	0.1765	1	5.6143
W05	3250.9032	3157.0595	12	0.523	1	7.3784	0.1765	1	5.6143
W05	3251.9032	3158.0551	12	0.523	1	7.3784	0.1765	1	5.6143
W05	3252.9032	3159.0508	12	0.6099	1	6.4554	0.1655	0	0.8144
W05	3253.9032	3160.0464	12	0.6099	1	6.4554	0.1655	0	0.8144
W05	3254.9032	3161.042	12	0.6099	1	6.4554	0.1655	0	0.8144
W05	3255.9032	3162.0376	12	0.6099	1	6.4554	0.1655	0	0.8144
W05	3256.9032	3163.0333	12	0.6099	1		0.1655	0	0.8144
W05	3257.9032	3164.0289	12	0.7164	1	5.4801		1	7.7138
W05	3258.9032	3165.0245	12	0.7164	1	5.4801	0.1926	1	
W05	3259.9032	3166.0201	12	0.7164	1	5.4801	0.1926	1	7.7138
W05	3260.9032	3167.0157	12	0.7164	1	5.4801	0.1926	1	7.7138
W05	3261.9032	3168.0112	12	0.7164	1	5.4801	0.1926	1	
W05	3262.9032	3169.0068	12	0.6044	1	6.5101	0.1698	0	0.8849
W05	3263.9032	3170.0024	12	0.6044		6.5101	0.1698	0	
W05	3264.9032	3170.998	12	0.6044	1	6.5101	0.1698	0	0.8849
W05	3265.9032	3171.9935	12	0.6044	1	6.5101	0.1698	0	0.8849
W05	3266.9032	3172.9891	12	0.6044	1	6.5101	0.1698	0	0.8849
W05	3267.9032	3173.9846	12	0.626	1	6.2974	0.1793	1	5.944
W05	3268.9032	3174.9801	12	0.626	1	6.2974	0.1793	1	5.944
W05	3269.9032	3175.9757	12	0.626	1	6.2974	0.1793	1	5.944
W05	3270.9032	3176.9712		0.626			0.1793	1	5.944
W05	3271.9032	3177.9667	12	0.626	1	6.2974	0.1793	1	5.944
W05	3272.9032	3178.9622	12	0.5521	1	7.055	0.1723	1	5.1469
W05	3273.9032	3179.9577	12	0.5521	1	7.055	0.1723	1	
W05	3274.9032	3180.9532	12	0.5521	1	7.055	0.1723	1	5.1469
W05	3275.9032	3181.9487	12	0.5521	1	7.055	0.1723	1	5.1469
W05	3276.9032	3182.9442	12	0.5521	1	7.055	0.1723	1	5.1469
W05	3277.9032	3183.9397	12	0.6256	1	6.3012	0.1634	1	4.2389
W05	3278.9032	3184.9352	12	0.6256	1	6.3012	0.1634	1	4.2389
W05	3279.9032	3185.9306	12	0.6256	1	6.3012	0.1634	1	4.2389
W05	3280.9032	3186.9261	12	0.6256	1	6.3012	0.1634	1	4.2389
W05	3281.9032	3187.9215	12	0.6256	1	6.3012		1	4.2389
W05	3282.9032	3188.917	12	0.6575	1	5.9999	0.1525	0	0.6245
W05	3283.9032	3189.9124	12	0.6575	1	5.9999	0.1525	0	0.6245
W05	3284.9032	3190.9079	12	0.6575	1	5.9999	0.1525	0	0.6245
W05	3285.9032	3191.9033	12	0.6575	1	5.9999	0.1525	0	0.6245
W05	3286.9032	3192.8987	12	0.5817	1	6.7416	0.1604	1	3.9574
W05	3287.9032	3193.8941	12	0.5817	1	6.7416	0.1604	1	3.9574
W05	3288.9032	3194.8895	12	0.5817	1	6.7416	0.1604	1	3.9574
W05	3289.9032	3195.8849	12	0.5817	1	6.7416	0.1604	1	3.9574
W05	3290.9032	3196.8803	12	0.5817	1	6.7416	0.1604	1	3.9574
W05	3291.9032	3197.8757	12	0.7477	1	5.2228	0.1849	1	6.6523
W05	3292.9032	3198.8711	12	0.7477	1	5.2228	0.1849	1	6.6523
W05	3293.9032	3199.8665	12	0.7477	1	5.2228	0.1849	1	6.6523
W05	3294.9032	3200.8618	12	0.7477	1	5.2228	0.1849	1	6.6523
W05	3295.9032	3201.8572	12	0.7477	1	5.2228	0.1849	1	6.6523
W05	3296.9032	3202.8525	12	0.7583	1	5.1385	0.1784	1	5.8321
W05	3297.9032	3203.8479	12	0.7583	1	5.1385	0.1784	1	5.8321
W05	3298.9032	3204.8432	12	0.7583	1	5.1385	0.1784	1	5.8321
W05	3299.9032	3205.8385	12	0.7583	1	5.1385	0.1784	1	5.8321
W05	3300.9032	3206.8339	12	0.7583	1	5.1385	0.1784	1	5.8321
W05	3301.9032	3207.8292	12	0.6925	1	5.6853	0.1869	1	6.9151
W05	3302.9032	3208.8245	12	0.6925	1	5.6853	0.1869	1	6.9151
W05	3303.9032	3209.8198		0.6925		5.6853	0.1869	1	6.9151
W05	3304.9032	3210.8151	12	0.6925	1	5.6853	0.1869	1	6.9151
W05	3305.9032	3211.8104	12	0.6925	1	5.6853	0.1869	1	6.9151
W05	3306.9032	3212.8057	12	0.6051	1	6.5036	0.2	1	8.8607
W05	3307.9032	3213.8009	12	0.6051	1	6.5036	0.2	1	8.8607
W05	3308.9032	3214.7962		0.6051	1	6.5036	0.2	1	8.8607
W05	3309.9032	3215.7915	12	0.6051	1	6.5036	0.2	1	8.8607
W05	3310.9032	3216.7867	12	0.6051	1	6.5036	0.2	1	8.8607
W05	3311.9032	3217.782	12	0.605	1	6.5042	0.1977	1	
W05	3312.9032	3218.7772	12	0.605	1	6.5042		1	8.4949
W05	3313.9032	3219.7724	12	0.605	1	6.5042	0.1977	1	8.4949
W05	3314.9032	3220.7676	12	0.605	1	6.5042	0.1977	1	8.4949
W05	3315.9032	3221.7629	12		1	6.5042	0.1977	1	8.4949
W05	3316.9032	3222.7581	12		1	6.4094	0.1926	1	7.7155
W05	3317.9032	3223.7533	12	0.6146	1	6.4094	0.1926	1	7.7155
W05	3318.9032	3224.7485	12	0.6146	1	6.4094	0.1926	1	7.7155
W05	3319.9032	3225.7436	12	0.6146	1	6.4094		1	7.7155
W05	3320.9032	3226.7388	12	0.6146	1	6.4094	0.1926	1	7.7155
W05	3321.9032	3227.734	12	0.5532	1	7.0434	0.1707	0	0.8998
W05	3322.9032	3228.7292	12	0.5532	1	7.0434	0.1707	0	0.8998
W05	3323.9032	3229.7243	12	0.5532	1	7.0434	0.1707	0	0.8998
W05	3324.9032	3230.7195	12	0.5532	1	7.0434	0.1707	0	0.8998
W05	3325.9032	3231.7146	12		1	7.0434	0.1707	0	0.8998
W05	3326.9032	3232.7097	12	0.41	1	8.7784	0.2027	1	65.5522
W05	3327.9032	3233.7049	12	0.41	1	8.7784	0.2027	1	65.5522
W05	3328.9032	3234.7	12	0.41		8.7784	0.2027	1	65.5522
W05	3329.9032	3235.6951	12	0.41	1	8.7784	0.2027	1	65.5522
W05	3330.9032	3236.6902	12	0.7072	1	5.5588	0.185	1	6.6712
W05	3331.9032	3237.6853	12	0.7072	1	5.5588	0.185	1	6.6712
W05	3332.9032	3238.6804	12	0.7072	1	5.5588	0.185	1	6.6712
W05	3333.9032	3239.6755	12	0.7072	1	5.5588	0.185	1	6.6712
W05	3334.9032	3240.6705	12	0.7072	1	5.5588	0.185	1	6.6712
W05	3335.9032	3241.6656	12	0.7496	1	5.2074	0.1746	0	0.9672
W05	3336.9032	3242.6607	12	0.7496	1	5.2074	0.1746	0	
W05	3337.9032	3243.6557	12	0.7496		5.2074	0.1746	0	0.9672
W05	3338.9032	3244.6508	12	0.7496	1	5.2074	0.1746	0	0.9672
W05	3339.9032	3245.6458	12	0.7496	1	5.2074	0.1746	0	0.9672
W05	3340.9032	3246.6408	12	0.8371	1	4.5521	0.1757	0	0.9865
W05	3341.9032	3247.6358	12	0.8371	1	4.5521	0.1757	0	0.9865
W05	3342.9032	3248.6309	12	0.8371	1	4.5521	0.1757	0	0.9865
W05	3343.9032	3249.6259	12	0.8371	1	4.5521	0.1757	0	0.9865
W05	3344.9032	3250.6209	12	0.8371	1	4.5521	0.1757	0	0.9865
W05	3345.9032	3251.6158	12	0.8547	1	4.4309	0.1725	0	0.9304
W05	3346.9032	3252.6108		0.8547	1	4.4309	0.1725	0	0.9304
W05	3347.9032	3253.6058	12	0.8547	1	4.4309	0.1725	0	0.9304
W05	3348.9032	3254.6008	12	0.8547	1	4.4309	0.1725	0	0.9304
W05	3349.9032	3255.5957	12	0.8547	1	4.4309	0.1725	0	0.9304
W05	3350.9032	3256.5907	12	0.77	1	5.0466	0.1575	0	0.6937
W05	3351.9032	3257.5857	12	0.77	1	5.0466	0.1575	0	0.6937
W05	3352.9032	3258.5807	12	0.77	1	5.0466	0.1575	0	0.6937
W05	3353.9032	3259.5757	12	0.77	1	5.0466	0.1575	0	0.6937
W05	3354.9032	3260.5706	12	0.77	1	5.0466	0.1575	0	0.6937
W05	3355.9032	3261.5656	12	0.8016		4.8079	0.1677	0	0.8487
W05	3356.9032	3262.5606	12	0.8016	1	4.8079		0	0.8487
W05	3357.9032	3263.5556	12	0.8016	1	4.8079	0.1677	0	0.8487
W05	3358.9032	3264.5505	12	0.8016	1		0.1677	0	0.8487
W05	3359.9032	3265.5455		0.8016	1	4.8079	0.1677	0	0.8487
W05	3360.9032	3266.5405	12	0.7628	1	5.1031	0.1687	0	0.8652
W05	3361.9032	3267.5355	12	0.7628	1		0.1687	0	0.8652
W05	3362.9032	3268.5304	12	0.7628	1	5.1031		0	
W05	3363.9032	3269.5254	12	0.7628	1	5.1031	0.1687	0	0.8652
W05	3364.9032	3270.5204	12	0.7628	1	5.1031	0.1687	0	0.8652
W05	3365.9032	3271.5154	12	0.7783	1	4.9833	0.176	1	5.5604
W05	3366.9032	3272.5104	12	0.7783	1		0.176	1	5.5604
W05	3367.9032	3273.5053	12	0.7783	1	4.9833	0.176	1	5.5604
W05	3368.9032	3274.5003	12	0.7783	1	4.9833	0.176	1	5.5604
W05	3369.9032	3275.4953	12	0.7148	1	5.4936	0.17	1	4.8988
W05	3370.9032	3276.4903	12	0.7148	1	5.4936	0.17	1	4.8988
W05	3371.9032	3277.4852	12	0.7148	1	5.4936	0.17	1	4.8988
W05	3372.9032	3278.4802	13	0.6672	1	5.9113	0.1271	0	0.3474
W05	3373.9032	3279.4752	13	0.6672	1	5.9113	0.1271	0	
W05	3374.9032	3280.4702	13	0.6672	1	5.9113	0.1271	0	0.3474
W05	3375.9032	3281.4651	13	0.6672	1	5.9113	0.1271	0	0.3474
W05	3376.9032	3282.4601	13	0.6672	1		0.1271	0	0.3474
W05	3377.9032	3283.4551	13	0.6053	1	6.501	0.132	0	0.3925
W05	3378.9032	3284.4501	13	0.6053	1	6.501	0.132	0	
W05	3379.9032	3285.4451	13	0.6053	1	6.501	0.132	0	0.3925
W05	3380.9032	3286.44	13	0.6053	1	6.501	0.132	0	0.3925
W05	3381.9032	3287.435	13		1	6.2132	0.1535	0	0.6385
W05	3382.9032	3288.43	13	0.6348	1	6.2132	0.1535	0	0.6385
W05	3383.9032	3289.425	13	0.6348	1	6.2132		0	0.6385
W05	3384.9032	3290.4199	13	0.6348		6.2132	0.1535	0	0.6385
W05	3385.9032	3291.4149	13	0.6348	1	6.2132	0.1535	0	0.6385
W05	3386.9032	3292.4099	13	0.744	1	5.2531	0.1809	0	1.0841
W05	3387.9032	3293.4049	13	0.744	1	5.2531	0.1809	0	1.0841
W05	3388.9032	3294.3999	13	0.744	1	5.2531	0.1809	0	1.0841
W05	3389.9032	3295.3948	13	0.744	1	5.2531	0.1809	0	1.0841
W05	3390.9032	3296.3898	13	0.744	1	5.2531	0.1809	0	1.0841
W05	3391.9032	3297.3848	13	0.754	1	5.1723	0.1813	1	6.1895
W05	3392.9032	3298.3798	13	0.754	1	5.1723	0.1813	1	6.1895
W05	3393.9032	3299.3747	13	0.754	1	5.1723	0.1813	1	6.1895
W05	3394.9032	3300.3697	13	0.754	1	5.1723		1	6.1895
W05	3395.9032	3301.3647	13	0.754	1	5.1723	0.1813	1	6.1895
W05	3396.9032	3302.3597	13	0.5906	1	6.6495	0.1427	0	0.5046
W05	3397.9032	3303.3546	13	0.5906	1	6.6495	0.1427	0	0.5046
W05	3398.9032	3304.3496	13	0.5906	1	6.6495	0.1427	0	
W05	3399.9032	3305.3446	13	0.5906	1	6.6495	0.1427	0	0.5046
W05	3400.9032	3306.3396	13	0.5906	1	6.6495	0.1427	0	0.5046
W05	3401.9032	3307.3345	13	0.6362	1	6.1999	0.161	0	0.7445
W05	3402.9032	3308.3295	13	0.6362	1	6.1999	0.161	0	0.7445
W05	3403.9032	3309.3245	13	0.6362		6.1999	0.161	0	0.7445
W05	3404.9032	3310.3195		0.6362	1	6.1999	0.161	0	0.7445
W05	3405.9032	3311.3144	13	0.6362	1	6.1999	0.161	0	0.7445
W05	3406.9032	3312.3094	13	0.5285	1	7.3163	0.1463	0	0.5469
W05	3407.9032	3313.3044	13	0.5285	1	7.3163	0.1463	0	0.5469
W05	3408.9032	3314.2994	13	0.5285	1	7.3163	0.1463	0	0.5469
W05	3409.9032	3315.2943	13	0.5285	1	7.3163	0.1463	0	0.5469
W05	3410.9032	3316.2893	13	0.5285	1	7.3163	0.1463	0	0.5469
W05	3411.9032	3317.2843	13	0.185	1	15.0267	0.215	1	82.379
W05	3412.9032	3318.2792	13	0.185	1	15.0267	0.215	1	82.379
W05	3413.9032	3319.2742	13	0.185	1	15.0267		1	82.379
W05	3414.9032	3320.2692	13	0.185	1	15.0267	0.215	1	82.379
W05	3415.9032	3321.2642	13	0.1299	1	25.6217	0.2212	1	91.9594
W05	3416.9032	3322.2591	13		1	25.6217	0.2212	1	91.9594
W05	3417.9032	3323.2541	13	0.1299	1	25.6217	0.2212	1	91.9594
W05	3418.9032	3324.2491	13	0.1299	1	25.6217	0.2212	1	91.9594
W05	3419.9032	3325.244	13	0.1299	1	25.6217	0.2212	1	91.9594
W05	3420.9032	3326.239	13	0.1493	1	21.2382	0.2274	1	102.355
W05	3421.9032	3327.234	13	0.1493	1	21.2382	0.2274	1	102.355
W05	3422.9032	3328.229	13	0.1493	1	21.2382	0.2274	1	102.355
W05	3423.9032	3329.2239	13	0.1493	1	21.2382	0.2274	1	102.355
W05	3424.9032	3330.2189	13	0.1493	1	21.2382	0.2274	1	102.355
W05	3425.9032	3331.2139	13	0.2469	1	11.2793	0.2171	1	85.4827
W05	3426.9032	3332.2088	13	0.2469	1		0.2171	1	85.4827
W05	3427.9032	3333.2038	13	0.2469	1	11.2793	0.2171	1	85.4827
W05	3428.9032	3334.1988	13	0.2469	1	11.2793	0.2171	1	85.4827
W05	3429.9032	3335.1937	13	0.2469		11.2793	0.2171	1	85.4827
W05	3430.9032	3336.1887	13	0.381	1	9.1782	0.1702	1	4.9194
W05	3431.9032	3337.1837	13	0.381	1	9.1782	0.1702	1	4.9194
W05	3432.9032	3338.1786	13	0.381	1	9.1782	0.1702	1	4.9194
W05	3433.9032	3339.1736	13	0.381	1	9.1782	0.1702	1	4.9194
W05	3434.9032	3340.1686	13	0.381	1	9.1782	0.1702	1	4.9194
W05	3435.9032	3341.1635	13	0.4179	1	8.672	0.1833	1	6.4393
W05	3436.9032	3342.1585	13	0.4179	1	8.672	0.1833	1	6.4393
W05	3437.9032	3343.1535	13	0.4179	1	8.672	0.1833	1	6.4393
W05	3438.9032	3344.1484	13	0.4179	1	8.672	0.1833	1	6.4393
W05	3439.9032	3345.1434	13	0.4179		8.672	0.1833	1	6.4393
W05	3440.9032	3346.1383	13		1	9.5297	0.1858	1	6.769
W05	3441.9032	3347.1333	13	0.3566	1	9.5297	0.1858	1	6.769
W05	3442.9032	3348.1283	13		1	9.5297	0.1858	1	6.769
W05	3443.9032	3349.1232	13	0.3566	1	9.5297	0.1858	1	6.769
W05	3444.9032	3350.1181	13	0.3566	1		0.1858	1	
W05	3445.9032	3351.1131	13	0.3727	1	9.2961	0.1497	0	0.5887
W05	3446.9032	3352.108	13	0.3727	1	9.2961		0	0.5887
W05	3447.9032	3353.1028	13		1	9.2961	0.1497	0	0.5887
W05	3448.9032	3354.0977	13	0.3727	1	9.2961	0.1497	0	0.5887
W05	3449.9032	3355.0926	13	0.6255	1	6.3029	0.127	0	0.3463
W05	3450.9032	3356.0874	13	0.6255	1	6.3029	0.127	0	0.3463
W05	3451.9032	3357.0823	13	0.6255	1	6.3029	0.127	0	0.3463
W05	3452.9032	3358.0771	13	0.6255	1	6.3029		0	0.3463
W05	3453.9032	3359.0719	13	0.6255	1	6.3029	0.127	0	0.3463
W05	3454.9032	3360.0667	13	0.5353	1	7.2402	0.1358	0	0.4296
W05	3455.9032	3361.0614	13	0.5353	1	7.2402	0.1358	0	0.4296
W05	3456.9032	3362.0562	13	0.5353	1	7.2402	0.1358	0	0.4296
W05	3457.9032	3363.0509	13	0.5353	1	7.2402	0.1358	0	0.4296
W05	3458.9032	3364.0457	13	0.5353	1	7.2402	0.1358	0	0.4296
W05	3459.9032	3365.0404	13	0.5659	1	6.9076	0.1173	0	0.268
W05	3460.9032	3366.0351	13	0.5659	1	6.9076	0.1173	0	0.268
W05	3461.9032	3367.0298	13	0.5659	1	6.9076	0.1173	0	0.268
W05	3462.9032	3368.0245	13	0.5659	1	6.9076	0.1173	0	0.268
W05	3463.9032	3369.0191	13	0.5659	1	6.9076	0.1173	0	0.268
W05	3464.9032	3370.0138	13	0.7259	1	5.4006	0.1576	0	0.6944
W05	3465.9032	3371.0084	13	0.7259	1	5.4006	0.1576	0	0.6944
W05	3466.9032	3372.003	13	0.7259	1	5.4006	0.1576	0	
W05	3467.9032	3372.9976	13	0.7259	1	5.4006	0.1576	0	
W05	3468.9032	3373.9922	13	0.7259	1	5.4006	0.1576	0	0.6944
W05	3469.9032	3374.9868	13	0.8801	1	4.2609		0	0.9653
W05	3470.9032	3375.9814	13	0.8801	1	4.2609	0.1745	0	
W05	3471.9032	3376.9759	13	0.8801	1	4.2609	0.1745	0	
W05	3472.9032	3377.9705	13		1	4.2609	0.1745	0	0.9653
W05	3473.9032	3378.965	13	0.8801	1	4.2609	0.1745	0	0.9653
W05	3474.9032	3379.9595	13		1	4.4559	0.1733	0	0.9442
W05	3475.9032	3380.954	13		1	4.4559	0.1733	0	0.9442
W05	3476.9032	3381.9484	13	0.851	1	4.4559	0.1733	0	0.9442
W05	3477.9032	3382.9429	13	0.851	1	4.4559	0.1733	0	0.9442
W05	3478.9032	3383.9373	13	0.749	1	5.2129	0.1687	0	0.8657
W05	3479.9032	3384.9318	13	0.749	1	5.2129	0.1687	0	0.8657
W05	3480.9032	3385.9262	13	0.749	1	5.2129	0.1687	0	0.8657
W05	3481.9032	3386.9206	13	0.749	1	5.2129	0.1687	0	0.8657
W05	3482.9032	3387.915	13	0.749	1	5.2129	0.1687	0	0.8657
W05	3483.9032	3388.9094	13	0.8287	1	4.6111	0.1873	1	6.9719
W05	3484.9032	3389.9037	13	0.8287	1	4.6111		1	6.9719
W05	3485.9032	3390.898	13	0.8287	1	4.6111	0.1873	1	6.9719
W05	3486.9032	3391.8924	13	0.8287	1	4.6111	0.1873	1	6.9719
W05	3487.9032	3392.8867	13	0.8287	1	4.6111	0.1873	1	6.9719
W05	3488.9032	3393.881			1	5.4616	0.181	1	6.1601
W05	3489.9032	3394.8753	13	0.7186	1	5.4616	0.181	1	6.1601
W05	3490.9032	3395.8695	13	0.7186	1	5.4616	0.181	1	6.1601
W05	3491.9032	3396.8638	13	0.7186	1	5.4616	0.181	1	6.1601
W05	3492.9032	3397.858	13	0.7186	1	5.4616	0.181	1	6.1601
W05	3493.9032	3398.8522	13	0.5084	1	7.5459	0.1317	0	0.3895
W05	3494.9032	3399.8464	13	0.5084	1	7.5459	0.1317	0	0.3895
W05	3495.9032	3400.8406	13	0.5084	1	7.5459		0	0.3895
W05	3496.9032	3401.8348	13	0.5084	1		0.1317	0	0.3895
W05	3497.9032	3402.829	13	0.5084	1	7.5459	0.1317	0	0.3895
W05	3498.9032	3403.8231	13	0.4185	1		0.1889	1	7.1974
W05	3499.9032	3404.8172	13	0.4185	1	8.6636	0.1889	1	7.1974
W05	3500.9032	3405.8113		0.4185	1	8.6636	0.1889	1	
W05	3501.9032	3406.8054	13	0.4185	1	8.6636	0.1889	1	7.1974
W05	3502.9032	3407.7995	13	0.4185	1	8.6636	0.1889	1	7.1974
W05	3503.9032	3408.7936	13	0.3482	1	9.6529	0.1808	1	6.1348
W05	3504.9032	3409.7876	13	0.3482	1	9.6529	0.1808	1	6.1348
W05	3505.9032	3410.7817	13	0.3482		9.6529	0.1808	1	6.1348
W05	3506.9032	3411.7757	13	0.3482	1	9.6529	0.1808	1	6.1348
W05	3507.9032	3412.7697	13	0.4065	1	8.8251	0.1858	1	46.6687
W05	3508.9032	3413.7637	13	0.4065	1	8.8251	0.1858	1	46.6687
W05	3509.9032	3414.7577	13	0.4065	1	8.8251		1	46.6687
W05	3510.9032	3415.7516	13	0.4065	1	8.8251	0.1858	1	46.6687
W05	3511.9032	3416.7456		0.4065	1	8.8251	0.1858	1	46.6687
W05	3512.9032	3417.7395	13	0.4478	1	8.2825	0.1565	0	0.6801
W05	3513.9032	3418.7334	13	0.4478	1	8.2825	0.1565	0	0.6801
W05	3514.9032	3419.7273	13	0.4478	1	8.2825	0.1565	0	0.6801
W05	3515.9032	3420.7212	13	0.4478	1	8.2825	0.1565	0	0.6801
W05	3516.9032	3421.715	13	0.4478	1	8.2825	0.1565	0	0.6801
W05	3517.9032	3422.7089	13	0.5451	1	7.1314	0.1669	1	4.5787
W05	3518.9032	3423.7027		0.5451	1	7.1314	0.1669	1	4.5787
W05	3519.9032	3424.6965	13		1	7.1314	0.1669	1	4.5787
W05	3520.9032	3425.6903	13	0.5451	1	7.1314	0.1669	1	
W05	3521.9032	3426.6841	13	0.5451	1	7.1314	0.1669	1	4.5787
W05	3522.9032	3427.6779	13	0.5802	1	6.7565	0.1308	0	0.381
W05	3523.9032	3428.6716	13	0.5802	1	6.7565	0.1308	0	0.381
W05	3524.9032	3429.6654	13	0.5802		6.7565	0.1308	0	0.381
W05	3525.9032	3430.6591	13	0.5802	1	6.7565	0.1308	0	0.381
W05	3526.9032	3431.6528	13	0.5802	1	6.7565	0.1308	0	0.381
W05	3527.9032	3432.6465	13	0.669	1	5.8945	0.1654	0	0.8121
W05	3528.9032	3433.6402	13	0.669	1	5.8945	0.1654	0	0.8121
W05	3529.9032	3434.6338	13	0.669	1	5.8945	0.1654	0	0.8121
W05	3530.9032	3435.6274	13	0.669	1	5.8945	0.1654	0	0.8121
W05	3531.9032	3436.6211	13	0.669	1	5.8945	0.1654	0	0.8121
W05	3532.9032	3437.6147	13	0.7417	1	5.2713	0.1852	1	6.6857
W05	3533.9032	3438.6083	13	0.7417	1	5.2713	0.1852	1	6.6857
W05	3534.9032	3439.6018	13	0.7417	1	5.2713	0.1852	1	6.6857
W05	3535.9032	3440.5954	13	0.7417	1	5.2713	0.1852	1	6.6857
W05	3536.9032	3441.589	13	0.7593	1	5.1306	0.1641	1	4.2991
W05	3537.9032	3442.5825	13	0.7593	1	5.1306	0.1641	1	4.2991
W05	3538.9032	3443.5761	13	0.7593	1	5.1306	0.1641	1	4.2991
W05	3539.9032	3444.5696	13	0.7593	1	5.1306	0.1641	1	4.2991
W05	3540.9032	3445.5631	13	0.7593	1	5.1306	0.1641	1	4.2991
W05	3541.9032	3446.5566	13	0.7993	1	4.8244	0.1537	0	0.6408
W05	3542.9032	3447.5501	13	0.7993	1	4.8244	0.1537	0	0.6408
W05	3543.9032	3448.5436	13	0.7993	1	4.8244	0.1537	0	0.6408
W05	3544.9032	3449.5371	13			4.8244	0.1537	0	0.6408
W05	3545.9032	3450.5306		0.7993	1	4.8244	0.1537	0	0.6408
W05	3546.9032	3451.5241	13	0.7406	1	5.28	0.1606	0	0.7389
W05	3547.9032	3452.5175	13	0.7406	1	5.28	0.1606	0	0.7389
W05	3548.9032	3453.511	13	0.7406	1	5.28	0.1606	0	0.7389
W05	3549.9032	3454.5044	13	0.7406	1	5.28	0.1606	0	0.7389
W05	3550.9032	3455.4979	13	0.7406	1	5.28	0.1606	0	0.7389
W05	3551.9032	3456.4913		0.635	1			0	0.3207
W05	3552.9032	3457.4847	13	0.635	1	6.211	0.124	0	
W05	3553.9032	3458.4782	13	0.635	1	6.211	0.124	0	0.3207
W05	3554.9032	3459.4716	13	0.635	1	6.211	0.124	0	0.3207
W05	3555.9032	3460.465	13	0.635		6.211	0.124	0	
W05	3556.9032	3461.4583	13	0.592	1	6.6356	0.1489	0	0.5792
W05	3557.9032	3462.4517	13	0.592	1	6.6356	0.1489	0	0.5792
W05	3558.9032	3463.4451	13	0.592	1	6.6356	0.1489	0	0.5792
W05	3559.9032	3464.4385	13	0.592	1	6.6356	0.1489	0	0.5792
W05	3560.9032	3465.4318	13	0.592	1	6.6356	0.1489	0	0.5792
W05	3561.9032	3466.4252	13	0.3658	1	9.3954	0.1596	1	3.8928
W05	3562.9032	3467.4185	13	0.3658	1	9.3954	0.1596	1	3.8928
W05	3563.9032	3468.4118	13	0.3658	1	9.3954	0.1596	1	3.8928
W05	3564.9032	3469.4051	13		1	9.3954	0.1596	1	3.8928
W05	3565.9032	3470.3984	13	0.3405	1	9.7678	0.1439	1	2.662
W05	3566.9032	3471.3917	13	0.3405	1	9.7678	0.1439	1	2.662
W05	3567.9032	3472.385	13	0.3405	1	9.7678	0.1439	1	2.662
W05	3568.9032	3473.3783	13	0.3405	1	9.7678	0.1439	1	2.662
W05	3569.9032	3474.3716	13	0.3405	1	9.7678		1	2.662
W05	3570.9032	3475.3649	13	0.5285	1	7.3164	0.1434	0	0.5128
W05	3571.9032	3476.3581	13	0.5285	1	7.3164	0.1434	0	0.5128
W05	3572.9032	3477.3514	13		1	7.3164	0.1434	0	0.5128
W05	3573.9032	3478.3446	13	0.5285	1		0.1434	0	0.5128
W05	3574.9032	3479.3378	13	0.5285		7.3164	0.1434	0	0.5128
W05	3575.9032	3480.3311	13	0.557	1	7.0022	0.1697	1	4.8633
W05	3576.9032	3481.3243	13	0.557	1	7.0022	0.1697	1	4.8633
W05	3577.9032	3482.3175	13	0.557	1	7.0022	0.1697	1	4.8633
W05	3578.9032	3483.3107	13	0.557			0.1697	1	4.8633
W05	3579.9032	3484.3039	13	0.557	1	7.0022	0.1697	1	4.8633
W05	3580.9032	3485.2971	13	0.6722	1	5.8657	0.1941	1	7.941
W05	3581.9032	3486.2902	13	0.6722	1		0.1941	1	7.941
W05	3582.9032	3487.2834	13	0.6722	1	5.8657	0.1941	1	7.941
W05	3583.9032	3488.2765	13	0.6722	1	5.8657	0.1941	1	7.941
W05	3584.9032	3489.2697	13	0.6722	1	5.8657	0.1941	1	7.941
W05	3585.9032	3490.2628	13	0.7198	1	5.4521	0.1745	1	5.3823
W05	3586.9032	3491.2559	13	0.7198		5.4521	0.1745	1	5.3823
W05	3587.9032	3492.2491	13	0.7198	1	5.4521	0.1745	1	5.3823
W05	3588.9032	3493.2422	13	0.7198	1	5.4521	0.1745	1	5.3823
W05	3589.9032	3494.2353	13	0.7198	1	5.4521	0.1745	1	5.3823
W05	3590.9032	3495.2284	13	0.6345	1		0.1723	1	5.1465
W05	3591.9032	3496.2214	13	0.6345	1	6.2161		1	5.1465
W05	3592.9032	3497.2145	13	0.6345	1	6.2161	0.1723	1	5.1465
W05	3593.9032	3498.2076	13	0.6345	1	6.2161	0.1723	1	5.1465
W05	3594.9032	3499.2006	13	0.6109	1	6.4459	0.1596	0	0.7234
W05	3595.9032	3500.1937	13	0.6109	1	6.4459	0.1596	0	0.7234
W05	3596.9032	3501.1867	13	0.6109	1	6.4459	0.1596	0	0.7234
W05	3597.9032	3502.1798	13	0.6109	1	6.4459		0	0.7234
W05	3598.9032	3503.1728	13	0.6109	1		0.1596	0	0.7234
W05	3599.9032	3504.1658	13	0.6916	1	5.6937	0.1553	0	0.6626
W05	3600.9032	3505.1588	13	0.6916	1	5.6937	0.1553	0	0.6626
W05	3601.9032	3506.1518	13	0.6916	1	5.6937	0.1553	0	0.6626
W05	3602.9032	3507.1448	13	0.6916	1	5.6937	0.1553	0	0.6626
W05	3603.9032	3508.1377	13	0.6916			0.1553	0	0.6626
W05	3604.9032	3509.1307	13	0.7707	1	5.0416	0.1868	1	6.9012
W05	3605.9032	3510.1237	13	0.7707	1	5.0416	0.1868	1	6.9012
W05	3606.9032	3511.1166	13	0.7707	1	5.0416		1	6.9012
W05	3607.9032	3512.1096	13	0.7707	1	5.0416	0.1868	1	6.9012
W05	3608.9032	3513.1025	13	0.7707	1	5.0416	0.1868	1	6.9012
W05	3609.9032	3514.0954	13	0.5463	1	7.1182	0.1492	0	0.5821
W05	3610.9032	3515.0883	13	0.5463	1	7.1182	0.1492	0	0.5821
W05	3611.9032	3516.0812	13	0.5463	1	7.1182	0.1492	0	0.5821
W05	3612.9032	3517.0741	13	0.5463	1	7.1182	0.1492	0	0.5821
W05	3613.9032	3518.067	13	0.5463	1	7.1182	0.1492	0	0.5821
W05	3614.9032	3519.0599	13	0.0803	1	41.4054	0.0504	0	0.0175
W05	3615.9032	3520.0527	13	0.0803	1	41.4054	0.0504	0	0.0175
W05	3616.9032	3521.0456	13	0.0803		41.4054	0.0504	0	0.0175
W05	3617.9032	3522.0385	13	0.0803	1	41.4054	0.0504	0	
W05	3618.9032	3523.0313	13	0.0803	1	41.4054	0.0504	0	0.0175
W05	3619.9032	3524.0241	13	0.499	1	7.6553	0.1621	1	4.118
W05	3620.9032	3525.0169	13	0.499	1	7.6553	0.1621	1	4.118
W05	3621.9032	3526.0098	13	0.499	1	7.6553	0.1621	1	4.118
W05	3622.9032	3527.0026	13	0.499	1	7.6553	0.1621	1	4.118
W05	3623.9032	3527.9954	13	0.721	1	5.4416	0.2027	1	9.3064
W05	3624.9032	3528.9881	13	0.721	1	5.4416	0.2027	1	9.3064
W05	3625.9032	3529.9809	13	0.721	1	5.4416	0.2027	1	9.3064
W05	3626.9032	3530.9737	13	0.721	1	5.4416	0.2027	1	9.3064
W05	3627.9032	3531.9665	13	0.721	1	5.4416	0.2027	1	9.3064
W05	3628.9032	3532.9592	13	0.3727	1	9.2966	0.2041	1	9.5336
W05	3629.9032	3533.952	13	0.3727	1	9.2966	0.2041	1	9.5336
W05	3630.9032	3534.9447	13	0.3727	1	9.2966	0.2041	1	9.5336
W05	3631.9032	3535.9375	13	0.3727	1	9.2966	0.2041	1	9.5336
W05	3632.9032	3536.9303	13		1	9.2966	0.2041	1	9.5336
W05	3633.9032	3537.9231	13	0.1429	1	22.5793	0.2219	1	93.0513
W05	3634.9032	3538.9158			1	22.5793	0.2219	1	93.0513
W05	3635.9032	3539.9086		0.1429		22.5793	0.2219	1	93.0513
W05	3636.9032	3540.9014	13	0.1429	1	22.5793	0.2219	1	93.0513
W05	3637.9032	3541.8942	13	0.1429		22.5793	0.2219	1	93.0513
W05	3638.9032	3542.887	13	0.229	1	11.5937	0.1825	1	43.5854
W05	3639.9032	3543.8799	13	0.229	1		0.1825	1	43.5854
W05	3640.9032	3544.8727	13	0.229	1	11.5937	0.1825	1	43.5854
W05	3641.9032	3545.8655	13	0.229	1		0.1825	1	43.5854
W05	3642.9032	3546.8583	13	0.229	1	11.5937	0.1825	1	43.5854
W05	3643.9032	3547.8512	13	0.0467	1	57.2943	0.1826	1	43.6529
W05	3644.9032	3548.844	13	0.0467	1	57.2943	0.1826	1	43.6529
W05	3645.9032	3549.8368	13	0.0467	1	57.2943	0.1826	1	43.6529
W05	3646.9032	3550.8297	13	0.0467	1	57.2943	0.1826	1	43.6529
W05	3647.9032	3551.8225	13		1			1	5.2131
W05	3648.9032	3552.8154	13	0.1022	1	33.4749		1	5.2131
W05	3649.9032	3553.8083	13	0.1022	1	33.4749	0.173	1	5.2131
W05	3650.9032	3554.8011	13	0.1022	1	33.4749	0.173	1	5.2131
W05	3651.9032	3555.794	13	0.1022	1	33.4749	0.173	1	5.2131
W05	3652.9032	3556.7869	13	0.1185	1	28.6098	0.117	0	0.2657
W05	3653.9032	3557.7798	13	0.1185	1	28.6098	0.117	0	
W05	3654.9032	3558.7727	13	0.1185	1	28.6098	0.117	0	0.2657
W05	3655.9032	3559.7656	13	0.1185	1	28.6098	0.117	0	
W05	3656.9032	3560.7585	13	0.1185	1	28.6098	0.117	0	0.2657
W05	3657.9032	3561.7514	13	0.1797	1	15.828	0.1611	1	4.0211
W05	3658.9032	3562.7443	13	0.1797	1	15.828	0.1611	1	4.0211
W05	3659.9032	3563.7372	13	0.1797	1	15.828	0.1611	1	4.0211
W05	3660.9032	3564.7301	13	0.1797	1	15.828	0.1611	1	4.0211
W05	3661.9032	3565.723	13	0.1797	1	15.828	0.1611	1	
W05	3662.9032	3566.7159	13	0.35	1	9.626	0.1687	1	4.7629
W05	3663.9032	3567.7089	13	0.35	1	9.626	0.1687	1	4.7629
W05	3664.9032	3568.7018	13	0.35	1	9.626	0.1687	1	4.7629
W05	3665.9032	3569.6947	13	0.35	1	9.626	0.1687	1	4.7629
W05	3666.9032	3570.6877	13	0.35	1	9.626	0.1687	1	4.7629
W05	3667.9032	3571.6806	13	0.326		9.988	0.1771	1	
W05	3668.9032	3572.6736	13	0.326	1	9.988	0.1771	1	5.6894
W05	3669.9032	3573.6666	13	0.326	1	9.988	0.1771	1	5.6894
W05	3670.9032	3574.6595	13	0.326		9.988	0.1771	1	
W05	3671.9032	3575.6525	13	0.326	1	9.988	0.1771	1	5.6894
W05	3672.9032	3576.6455	13	0.5237	1	7.3702	0.1494	1	3.0545
W05	3673.9032	3577.6384	13	0.5237	1	7.3702	0.1494	1	3.0545
W05	3674.9032	3578.6314	13	0.5237		7.3702	0.1494	1	3.0545
W05	3675.9032	3579.6244	13	0.5237	1	7.3702	0.1494	1	3.0545
W05	3676.9032	3580.6174	13	0.6501	1	6.0687	0.1387	0	0.4597
W05	3677.9032	3581.6104	13	0.6501	1	6.0687	0.1387	0	
W05	3678.9032	3582.6034	13	0.6501	1	6.0687		0	0.4597
W05	3679.9032	3583.5964	13	0.6501	1	6.0687	0.1387	0	0.4597
W05	3680.9032	3584.5894	13	0.6501		6.0687		0	0.4597
W05	3681.9032	3585.5824	13	0.8051	1	4.7821	0.133	0	0.4019
W05	3682.9032	3586.5754	13	0.8051	1	4.7821	0.133	0	0.4019
W05	3683.9032	3587.5685	13	0.8051	1	4.7821	0.133	0	0.4019
W05	3684.9032	3588.5615	13	0.8051	1	4.7821	0.133	0	0.4019
W05	3685.9032	3589.5545	13	0.8051	1	4.7821		0	0.4019
W05	3686.9032	3590.5475	13	0.7519	1	5.1895	0.146	0	0.5435
W05	3687.9032	3591.5406	13	0.7519	1	5.1895	0.146	0	0.5435
W05	3688.9032	3592.5336	13	0.7519	1	5.1895	0.146	0	0.5435
W05	3689.9032	3593.5267	14	0.549		7.0887	0.0998	0	0.1588
W05	3690.9032	3594.5197	14	0.549		7.0887	0.0998	0	0.1588
W05	3691.9032	3595.5128	14	0.549	1	7.0887	0.0998	0	0.1588
W05	3692.9032	3596.5058	14	0.549	1	7.0887		0	0.1588
W05	3693.9032	3597.4989	14	0.4725	1	7.9739	0.0919	0	0.1217
W05	3694.9032	3598.492	14	0.4725	1	7.9739	0.0919	0	0.1217
W05	3695.9032	3599.485	14	0.4725	1	7.9739	0.0919	0	0.1217
W05	3696.9032	3600.4781		0.4725	1	7.9739	0.0919	0	0.1217
W05	3697.9032	3601.4712	14	0.4725	1	7.9739	0.0919	0	0.1217
W05	3698.9032	3602.4643	14	0.5114	1	7.5111	0.1407	0	0.4816
W05	3699.9032	3603.4574	14	0.5114	1	7.5111	0.1407	0	0.4816
W05	3700.9032	3604.4505	14	0.5114	1	7.5111	0.1407	0	0.4816
W05	3701.9032	3605.4436	14	0.5114	1	7.5111	0.1407	0	0.4816
W05	3702.9032	3606.4367	14	0.5114	1	7.5111	0.1407	0	0.4816
W05	3703.9032	3607.4298	14	0.4263	1	8.5606	0.1766	1	5.6308
W05	3704.9032	3608.4229	14	0.4263	1	8.5606	0.1766	1	5.6308
W05	3705.9032	3609.416	14	0.4263	1	8.5606	0.1766	1	5.6308
W05	3706.9032	3610.4091	14	0.4263	1	8.5606	0.1766	1	5.6308
W05	3707.9032	3611.4022	14	0.4263	1	8.5606	0.1766	1	5.6308
W05	3708.9032	3612.3953	14	0.553	1	7.0453	0.1713	1	5.0321
W05	3709.9032	3613.3885	14	0.553	1			1	5.0321
W05	3710.9032	3614.3816	14	0.553	1	7.0453		1	5.0321
W05	3711.9032	3615.3747	14	0.553	1	7.0453	0.1713	1	5.0321
W05	3712.9032	3616.3679	14	0.553	1		0.1713	1	5.0321
W05	3713.9032	3617.361	14	0.3521	1	9.5954	0.1209	0	0.2951
W05	3714.9032	3618.3542	14	0.3521	1	9.5954	0.1209	0	0.2951
W05	3715.9032	3619.3473	14	0.3521	1	9.5954	0.1209	0	
W05	3716.9032	3620.3405	14	0.3521	1		0.1209	0	0.2951
W05	3717.9032	3621.3336	14	0.3521	1	9.5954	0.1209	0	0.2951
W05	3718.9032	3622.3268	14	0.4615	1	8.11	0.1812	1	6.1759
W05	3719.9032	3623.3199	14	0.4615	1	8.11	0.1812	1	
W05	3720.9032	3624.3131	14	0.4615	1	8.11	0.1812	1	6.1759
W05	3721.9032	3625.3063	14	0.4615	1	8.11	0.1812	1	6.1759
W05	3722.9032	3626.2995	14	0.5671	1	6.8949		0	0.6237
W05	3723.9032	3627.2926	14	0.5671	1	6.8949	0.1524	0	0.6237
W05	3724.9032	3628.2858	14	0.5671	1	6.8949	0.1524	0	0.6237
W05	3725.9032	3629.2791	14	0.5671	1	6.8949	0.1524	0	0.6237
W05	3726.9032	3630.2723	14		1	6.8949	0.1524	0	0.6237
W05	3727.9032	3631.2655	14	0.7279		5.384	0.1249	0	0.3283
W05	3728.9032	3632.2588	14	0.7279	1	5.384	0.1249	0	0.3283
W05	3729.9032	3633.252	14	0.7279	1	5.384	0.1249	0	0.3283
W05	3730.9032	3634.2453	14	0.7279	1	5.384	0.1249	0	0.3283
W05	3731.9032	3635.2385	14		1	5.384	0.1249	0	0.3283
W05	3732.9032	3636.2318	14	0.7349	1	5.3268	0.1706	0	0.8979
W05	3733.9032	3637.2251	14	0.7349	1	5.3268	0.1706	0	0.8979
W05	3734.9032	3638.2184	14	0.7349	1	5.3268	0.1706	0	0.8979
W05	3735.9032	3639.2118		0.7349	1	5.3268	0.1706	0	0.8979
W05	3736.9032	3640.2051	14	0.7349	1	5.3268	0.1706	0	0.8979
W05	3737.9032	3641.1984	14	0.4468	1	8.2947	0.1546	1	3.4613
W05	3738.9032	3642.1918	14	0.4468	1	8.2947	0.1546	1	3.4613
W05	3739.9032	3643.1851	14	0.4468	1	8.2947	0.1546	1	3.4613
W05	3740.9032	3644.1785	14	0.4468	1	8.2947	0.1546	1	3.4613
W05	3741.9032	3645.1719	14	0.4468	1	8.2947	0.1546	1	3.4613
W05	3742.9032	3646.1653	14	0.509	1	7.5386	0.1264	0	0.3406
W05	3743.9032	3647.1587	14		1	7.5386	0.1264	0	0.3406
W05	3744.9032	3648.1521	14	0.509	1	7.5386	0.1264	0	0.3406
W05	3745.9032	3649.1455	14	0.509	1	7.5386	0.1264	0	0.3406
W05	3746.9032	3650.1389	14	0.509	1	7.5386	0.1264	0	0.3406
W05	3747.9032	3651.1324	14	0.3761		9.248	0.1625	1	4.1569
W05	3748.9032	3652.1258	14	0.3761	1	9.248	0.1625	1	4.1569
W05	3749.9032	3653.1193	14	0.3761	1	9.248	0.1625	1	4.1569
W05	3750.9032	3654.1128	14	0.3761	1	9.248	0.1625	1	4.1569
W05	3751.9032	3655.1063		0.6019	1	6.5348	0.1379	0	0.4521
W05	3752.9032	3656.0998	14	0.6019	1	6.5348	0.1379	0	0.4521
W05	3753.9032	3657.0933	14	0.6019	1	6.5348	0.1379	0	0.4521
W05	3754.9032	3658.0868	14	0.6019	1	6.5348	0.1379	0	0.4521
W05	3755.9032	3659.0803	14	0.6019	1	6.5348	0.1379	0	0.4521
W05	3756.9032	3660.0739	14	0.6812	1	5.7847	0.1464	0	0.5483
W05	3757.9032	3661.0674	14	0.6812	1	5.7847	0.1464	0	0.5483
W05	3758.9032	3662.061	14	0.6812	1	5.7847	0.1464	0	0.5483
W05	3759.9032	3663.0546	14	0.6812	1	5.7847	0.1464	0	0.5483
W05	3760.9032	3664.0481	14	0.6812	1	5.7847	0.1464	0	0.5483
W05	3761.9032	3665.0417	14	0.7591	1	5.1325	0.1299	0	0.3722
W05	3762.9032	3666.0353	14	0.7591	1	5.1325	0.1299	0	0.3722
W05	3763.9032	3667.0289	14	0.7591	1		0.1299	0	0.3722
W05	3764.9032	3668.0226	14	0.7591	1		0.1299	0	0.3722
W05	3765.9032	3669.0162	14	0.7591	1	5.1325	0.1299	0	0.3722
W05	3766.9032	3670.0098	14	0.7268	1	5.3932	0.1439	0	0.5187
W05	3767.9032	3671.0035	14	0.7268	1	5.3932	0.1439	0	0.5187
W05	3768.9032	3671.9972	14	0.7268	1	5.3932	0.1439	0	0.5187
W05	3769.9032	3672.9908	14	0.7268	1	5.3932	0.1439	0	0.5187
W05	3770.9032	3673.9845	14	0.7268	1	5.3932	0.1439	0	0.5187
W05	3771.9032	3674.9782	14	0.4331	1	8.4721	0.1615	1	4.0613
W05	3772.9032	3675.9719	14	0.4331	1	8.4721	0.1615	1	4.0613
W05	3773.9032	3676.9656	14	0.4331	1	8.4721	0.1615	1	
W05	3774.9032	3677.9594	14	0.4331	1	8.4721	0.1615	1	4.0613
W05	3775.9032	3678.9531	14	0.4331	1	8.4721	0.1615	1	4.0613
W05	3776.9032	3679.9468	14	0.3555	1	9.5445	0.2012	1	63.6194
W05	3777.9032	3680.9406	14		1	9.5445	0.2012	1	63.6194
W05	3778.9032	3681.9344	14		1	9.5445	0.2012	1	63.6194
W05	3779.9032	3682.9281	14	0.3555	1	9.5445	0.2012	1	63.6194
W05	3780.9032	3683.9219	14	0.2973	1	10.4382	0.1415	0	0.4909
W05	3781.9032	3684.9157	14	0.2973	1	10.4382	0.1415	0	0.4909
W05	3782.9032	3685.9095		0.2973	1	10.4382	0.1415	0	0.4909
W05	3783.9032	3686.9034	14	0.2973	1	10.4382	0.1415	0	0.4909
W05	3784.9032	3687.8972	14	0.2973	1	10.4382	0.1415	0	0.4909
W05	3785.9032	3688.891	14	0.6051	1	6.5033	0.1343	0	
W05	3786.9032	3689.8849	14	0.6051	1	6.5033	0.1343	0	0.415
W05	3787.9032	3690.8787	14	0.6051	1	6.5033	0.1343	0	0.415
W05	3788.9032	3691.8726	14	0.6051	1	6.5033	0.1343	0	0.415
W05	3789.9032	3692.8665	14	0.6051	1	6.5033	0.1343	0	0.415
W05	3790.9032	3693.8604	14	0.3081	1	10.2661	0.0491	0	0.0161
W05	3791.9032	3694.8543		0.3081	1	10.2661	0.0491	0	
W05	3792.9032	3695.8482	14	0.3081	1	10.2661	0.0491	0	0.0161
W05	3793.9032	3696.8421	14	0.3081	1	10.2661	0.0491	0	0.0161
W05	3794.9032	3697.836	14		1	10.2661		0	0.0161
W05	3795.9032	3698.83	14	0.1866	1	14.7978	0.0091	0	0.0001
W05	3796.9032	3699.8239	14	0.1866	1	14.7978	0.0091	0	0.0001
W05	3797.9032	3700.8179	14	0.1866	1	14.7978	0.0091	0	0.0001
W05	3798.9032	3701.8119	14	0.1866	1	14.7978	0.0091	0	0.0001
W05	3799.9032	3702.8058		0.1866	1	14.7978	0.0091	0	0.0001
W05	3800.9032	3703.7998	14	0.4475	1	8.2862	0.0946	0	0.1337
W05	3801.9032	3704.7938	14	0.4475	1		0.0946	0	0.1337
W05	3802.9032	3705.7878	14	0.4475	1	8.2862	0.0946	0	0.1337
W05	3803.9032	3706.7819	14	0.4475	1	8.2862	0.0946	0	0.1337
W05	3804.9032	3707.7759	14	0.4475	1		0.0946	0	0.1337
W05	3805.9032	3708.7699	14	0.5185	1	7.4297	0.1174	0	0.2687
W05	3806.9032	3709.764	14	0.5185	1	7.4297	0.1174	0	0.2687
W05	3807.9032	3710.758	14	0.5185	1	7.4297	0.1174	0	0.2687
W05	3808.9032	3711.7521	14	0.5185	1	7.4297	0.1174	0	0.2687
W05	3809.9032	3712.7462	14	0.295	1	10.4753	0.0335	0	0.0047
W05	3810.9032	3713.7403	14	0.295	1	10.4753		0	0.0047
W05	3811.9032	3714.7344	14	0.295	1	10.4753	0.0335	0	0.0047
W05	3812.9032	3715.7285	14	0.295	1	10.4753	0.0335	0	0.0047
W05	3813.9032	3716.7226	14		1	10.4753	0.0335	0	0.0047
W05	3814.9032	3717.7167	14	0.6292	1	6.2663	0.1138	0	0.243
W05	3815.9032	3718.7109	14	0.6292	1	6.2663	0.1138	0	0.243
W05	3816.9032	3719.705	14	0.6292	1		0.1138	0	0.243
W05	3817.9032	3720.6992	14	0.6292	1		0.1138	0	0.243
W05	3818.9032	3721.6933	14	0.6292	1	6.2663	0.1138	0	0.243
W05	3819.9032	3722.6875	14	0.3181	1	10.1101	0.0395	0	0.008
W05	3820.9032	3723.6817	14	0.3181	1	10.1101	0.0395	0	0.008
W05	3821.9032	3724.6758	14	0.3181	1		0.0395	0	0.008
W05	3822.9032	3725.67	14	0.3181	1	10.1101	0.0395	0	0.008
W05	3823.9032	3726.6642	14	0.3181	1	10.1101	0.0395	0	0.008
W05	3824.9032	3727.6584	14	0.6732	1	5.8566	0.1203	0	0.2909
W05	3825.9032	3728.6526	14	0.6732	1	5.8566	0.1203	0	0.2909
W05	3826.9032	3729.6467		0.6732	1	5.8566	0.1203	0	0.2909
W05	3827.9032	3730.6409	14	0.6732	1	5.8566		0	0.2909
W05	3828.9032	3731.6351	14	0.6732	1	5.8566	0.1203	0	0.2909
W05	3829.9032	3732.6293	14	0.5427	1	7.1583	0.1077	0	0.2035
W05	3830.9032	3733.6235	14	0.5427	1	7.1583	0.1077	0	0.2035
W05	3831.9032	3734.6178	14		1	7.1583	0.1077	0	0.2035
W05	3832.9032	3735.612	14	0.5427		7.1583	0.1077	0	0.2035
W05	3833.9032	3736.6062	14	0.5427	1	7.1583	0.1077	0	0.2035
W05	3834.9032	3737.6004	14	0.7329	1	5.343	0.1381	0	0.4535
W05	3835.9032	3738.5946	14	0.7329	1	5.343	0.1381	0	0.4535
W05	3836.9032	3739.5889	14	0.7329	1	5.343	0.1381	0	
W05	3837.9032	3740.5831		0.7329	1	5.343	0.1381	0	0.4535
W05	3838.9032	3741.5773	14	0.7329	1	5.343	0.1381	0	0.4535
W05	3839.9032	3742.5716		0.8336	1	4.5767	0.1658	0	0.8192
W05	3840.9032	3743.5658	14	0.8336	1	4.5767	0.1658	0	0.8192
W05	3841.9032	3744.5601	14	0.8336	1	4.5767	0.1658	0	0.8192
W05	3842.9032	3745.5543	14	0.8336	1	4.5767	0.1658	0	0.8192
W05	3843.9032	3746.5486	14		1	6.3408	0.1103	0	0.2197
W05	3844.9032	3747.5429	14	0.6215	1	6.3408	0.1103	0	0.2197
W06	2002.436	1904.6656	0	0.809	0.8809	4.7529	0.1811	0	1.089
W06	2003.436	1905.6638	0	0.809	0.8809	4.7529	0.1811	0	1.089
W06	2004.436	1906.6619	0		0.8809	4.7529	0.1811	0	1.089
W06	2005.436	1907.6601	0	0.809	0.8809	4.7529	0.1811	0	1.089
W06	2006.436	1908.6583	0	0.809	0.8809	4.7529	0.1811	0	1.089
W06	2007.436	1909.6564	0	0.8136	0.9068	4.7196	0.1723	0	0.9268
W06	2008.436	1910.6546	0	0.8136	0.9068	4.7196	0.1723	0	0.9268
W06	2009.436	1911.6527	0	0.8136	0.9068	4.7196	0.1723	0	0.9268
W06	2010.436	1912.6508		0.8136	0.9068	4.7196	0.1723	0	0.9268
W06	2011.436	1913.6489	0	0.8136	0.9068	4.7196	0.1723	0	0.9268
W06	2012.436	1914.647	0	0.8172	0.9315	4.6935	0.1644	0	0.7967
W06	2013.436	1915.6451	0	0.8172	0.9315	4.6935	0.1644	0	0.7967
W06	2014.436	1916.6432	0	0.8172	0.9315	4.6935	0.1644	0	0.7967
W06	2015.436	1917.6412	0	0.8172	0.9315	4.6935	0.1644	0	0.7967
W06	2016.436	1918.6393	0	0.8172	0.9315	4.6935	0.1644	0	0.7967
W06	2017.436	1919.6373	0	0.7719	0.9168	5.0319	0.1691	0	0.8719
W06	2018.436	1920.6353	0	0.7719	0.9168	5.0319	0.1691	0	0.8719
W06	2019.436	1921.6333	0	0.7719	0.9168	5.0319	0.1691	0	0.8719
W06	2020.436	1922.6313	0	0.7719	0.9168	5.0319	0.1691	0	0.8719
W06	2021.436	1923.6293	0	0.7719	0.9168	5.0319	0.1691	0	0.8719
W06	2022.436	1924.6273	0	0.8749	0.8689	4.2953	0.1856	0	1.178
W06	2023.436	1925.6253	0	0.8749	0.8689	4.2953	0.1856	0	1.178
W06	2024.436	1926.6232	0	0.8749	0.8689	4.2953	0.1856	0	1.178
W06	2025.436	1927.6211	0	0.8749	0.8689	4.2953	0.1856	0	1.178
W06	2026.436	1928.6191	0	0.8749	0.8689	4.2953		0	1.178
W06	2027.436	1929.617	0	0.8099	0.5303	4.7465	0.1909	1	7.4712
W06	2028.436	1930.6149	0	0.8099	0.5303	4.7465	0.1909	1	7.4712
W06	2029.436	1931.6128	0		0.5303		0.1909	1	7.4712
W06	2030.436	1932.6106	0	0.8099	0.5303	4.7465		1	7.4712
W06	2031.436	1933.6085	0	0.7645	0.8851	5.0898	0.1798	0	1.064
W06	2032.436	1934.6063	0	0.7645	0.8851	5.0898	0.1798	0	1.064
W06	2033.436	1935.6042	0		0.8851	5.0898	0.1798	0	
W06	2034.436	1936.602	0	0.7645	0.8851	5.0898	0.1798	0	1.064
W06	2035.436	1937.5998	0	0.7645	0.8851	5.0898	0.1798	0	1.064
W06	2036.436	1938.5976	0	0.6988	0.9064	5.6309	0.1725	0	0.9312
W06	2037.436	1939.5954	0	0.6988	0.9064	5.6309	0.1725	0	0.9312
W06	2038.436	1940.5931	0	0.6988	0.9064	5.6309	0.1725	0	0.9312
W06	2039.436	1941.5909	0	0.6988		5.6309	0.1725	0	
W06	2040.436	1942.5886	0	0.6988	0.9064	5.6309	0.1725	0	0.9312
W06	2041.436	1943.5864		0.6314	0.9154	6.2451		0	0.8812
W06	2042.436	1944.5841	0	0.6314	0.9154	6.2451	0.1696	0	0.8812
W06	2043.436	1945.5818	0	0.6314	0.9154	6.2451	0.1696	0	0.8812
W06	2044.436	1946.5795	0	0.6314	0.9154	6.2451	0.1696	0	0.8812
W06	2045.436	1947.5772	0		0.9154	6.2451	0.1696	0	0.8812
W06	2046.436	1948.5748	0	0.5727	0.5557	6.8353	0.1795	1	5.9649
W06	2047.436	1949.5725	0	0.5727	0.5557	6.8353	0.1795	1	5.9649
W06	2048.436	1950.5702	0	0.5727	0.5557	6.8353	0.1795	1	5.9649
W06	2049.436	1951.5679	0	0.5727	0.5557	6.8353	0.1795	1	5.9649
W06	2050.436	1952.5656	0	0.5727	0.5557	6.8353		1	5.9649
W06	2051.436	1953.5633	0	0.7119	0.9252	5.5187	0.1665	0	0.8301
W06	2052.436	1954.561	0	0.7119	0.9252	5.5187	0.1665	0	0.8301
W06	2053.436	1955.5586	0	0.7119	0.9252	5.5187	0.1665	0	0.8301
W06	2054.436	1956.5563	0	0.7119		5.5187	0.1665	0	0.8301
W06	2055.436	1957.554	0	0.7119	0.9252	5.5187	0.1665	0	0.8301
W06	2056.436	1958.5517	0	0.8333	0.9146	4.5786	0.1699	0	0.8862
W06	2057.436	1959.5494	0	0.8333	0.9146	4.5786	0.1699	0	0.8862
W06	2058.436	1960.5471	0	0.8333	0.9146	4.5786	0.1699	0	0.8862
W06	2059.436	1961.5448	0	0.8333	0.9146	4.5786	0.1699	0	0.8862
W06	2060.436	1962.5425	0	0.8028	0.9325	4.7985	0.1642	0	0.7942
W06	2061.436	1963.5401	0	0.8028	0.9325	4.7985	0.1642	0	0.7942
W06	2062.436	1964.5378	0	0.8028	0.9325	4.7985		0	0.7942
W06	2063.436	1965.5355	0	0.8028	0.9325	4.7985	0.1642	0	
W06	2064.436	1966.5332	0	0.8028	0.9325	4.7985	0.1642	0	0.7942
W06	2065.436	1967.5309	0	0.8545	0.9504	4.4319	0.1588	0	0.7124
W06	2066.436	1968.5286	0	0.8545	0.9504	4.4319	0.1588	0	0.7124
W06	2067.436	1969.5263	0	0.8545	0.9504		0.1588	0	0.7124
W06	2068.436	1970.5239	0	0.8545	0.9504	4.4319	0.1588	0	0.7124
W06	2069.436	1971.5216	0	0.8545	0.9504	4.4319	0.1588	0	0.7124
W06	2070.436	1972.5193	0	0.7365	0.9401	5.3137	0.1619	0	0.7588
W06	2071.436	1973.517	0	0.7365	0.9401	5.3137	0.1619	0	0.7588
W06	2072.436	1974.5147	0	0.7365	0.9401	5.3137		0	0.7588
W06	2073.436	1975.5124		0.7365	0.9401	5.3137	0.1619	0	0.7588
W06	2074.436	1976.5101	0	0.7365	0.9401	5.3137	0.1619	0	0.7588
W06	2075.436	1977.5077	0	0.6921	0.944	5.6886	0.1608	0	0.7412
W06	2076.436	1978.5054		0.6921	0.944	5.6886	0.1608	0	
W06	2077.436	1979.5031	0	0.6921	0.944	5.6886	0.1608	0	0.7412
W06	2078.436	1980.5008		0.6921	0.944	5.6886	0.1608	0	0.7412
W06	2079.436	1981.4985	0	0.6921	0.944	5.6886	0.1608	0	0.7412
W06	2080.436	1982.4962	0	0.6906	0.9203	5.7017	0.1682	0	0.8575
W06	2081.436	1983.4939	0	0.6906	0.9203	5.7017	0.1682	0	0.8575
W06	2082.436	1984.4915	0	0.6906	0.9203	5.7017	0.1682	0	0.8575
W06	2083.436	1985.4892	0	0.6906	0.9203	5.7017	0.1682	0	0.8575
W06	2084.436	1986.4869	0	0.7492	0.9621		0.1555	0	0.6649
W06	2085.436	1987.4846	0	0.7492	0.9621	5.2109	0.1555	0	0.6649
W06	2086.436	1988.4823	0	0.7492	0.9621	5.2109	0.1555	0	0.6649
W06	2087.436	1989.48		0.7492	0.9621	5.2109	0.1555	0	0.6649
W06	2088.436	1990.4776	0	0.7492	0.9621	5.2109	0.1555	0	0.6649
W06	2089.436	1991.4753	0	0.6748	0.9272	5.8422	0.166	0	0.8219
W06	2090.436	1992.473	0	0.6748	0.9272	5.8422	0.166	0	0.8219
W06	2091.436	1993.4707	0	0.6748	0.9272	5.8422	0.166	0	0.8219
W06	2092.436	1994.4684	0	0.6748	0.9272	5.8422	0.166	0	0.8219
W06	2093.436	1995.4661	0	0.6748	0.9272	5.8422		0	0.8219
W06	2094.436	1996.4638	0	0.7677	0.9533	5.0644	0.158	0	0.7014
W06	2095.436	1997.4614	0	0.7677		5.0644	0.158	0	0.7014
W06	2096.436	1998.4591	0	0.7677	0.9533	5.0644	0.158	0	0.7014
W06	2097.436	1999.4568	0	0.7677	0.9533	5.0644	0.158	0	0.7014
W06	2098.436	2000.4545	0		0.9533	5.0644	0.158	0	0.7014
W06	2099.436	2001.4522	0	0.6943	0.9611	5.6699	0.1557	0	0.669
W06	2100.436	2002.4499	0	0.6943	0.9611	5.6699	0.1557	0	0.669
W06	2101.436	2003.4475	0	0.6943	0.9611	5.6699	0.1557	0	0.669
W06	2102.436	2004.4452	0	0.6943	0.9611	5.6699	0.1557	0	0.669
W06	2103.436	2005.4429	0	0.6943	0.9611	5.6699	0.1557	0	0.669
W06	2104.436	2006.4406	0	0.7567	0.9568		0.157	0	0.6869
W06	2105.436	2007.4383	0	0.7567	0.9568	5.1515	0.157	0	0.6869
W06	2106.436	2008.436	0	0.7567	0.9568	5.1515	0.157	0	0.6869
W06	2107.436	2009.4336	0	0.7567	0.9568	5.1515	0.157	0	0.6869
W06	2108.436	2010.4313	0	0.6994	0.9542	5.6253	0.1578	0	0.698
W06	2109.436	2011.429	0	0.6994	0.9542	5.6253	0.1578	0	0.698
W06	2110.436	2012.4267	0		0.9542	5.6253	0.1578	0	
W06	2111.436	2013.4244	0	0.6994		5.6253	0.1578	0	0.698
W06	2112.436	2014.4221	0	0.6994	0.9542	5.6253		0	
W06	2113.436	2015.4197	0	0.7626	0.9549	5.1048	0.1576	0	0.695
W06	2114.436	2016.4174	0	0.7626	0.9549	5.1048	0.1576	0	0.695
W06	2115.436	2017.4151	0	0.7626	0.9549	5.1048	0.1576	0	
W06	2116.436	2018.4128		0.7626	0.9549	5.1048	0.1576	0	0.695
W06	2117.436	2019.4105	0	0.7626	0.9549	5.1048	0.1576	0	0.695
W06	2118.436	2020.4082	0	0.8312	0.9631	4.5937	0.1552	0	0.6616
W06	2119.436	2021.4058	0	0.8312		4.5937	0.1552	0	0.6616
W06	2120.436	2022.4035	0	0.8312	0.9631	4.5937	0.1552	0	0.6616
W06	2121.436	2023.4012	0	0.8312	0.9631	4.5937	0.1552	0	0.6616
W06	2122.436	2024.3989	0	0.8312	0.9631	4.5937	0.1552	0	
W06	2123.436	2025.3966	0	0.7292	0.9191	5.3737	0.1687	0	0.8667
W06	2124.436	2026.3943	0	0.7292	0.9191	5.3737	0.1687	0	0.8667
W06	2125.436	2027.3919	0	0.7292	0.9191	5.3737	0.1687	0	0.8667
W06	2126.436	2028.3896	0	0.7292	0.9191	5.3737	0.1687	0	0.8667
W06	2127.436	2029.3873		0.7292	0.9191	5.3737	0.1687	0	0.8667
W06	2128.436	2030.385	0		0.9391	5.4109		0	0.766
W06	2129.436	2031.3827	0	0.7247	0.9391	5.4109	0.1624	0	0.766
W06	2130.436	2032.3803	0	0.7247	0.9391	5.4109	0.1624	0	0.766
W06	2131.436	2033.378	0	0.7247	0.9391	5.4109	0.1624	0	0.766
W06	2132.436	2034.3757	0	0.7247	0.9391	5.4109	0.1624	0	0.766
W06	2133.436	2035.3734	0	0.486	0.5088		0.2037	1	9.4773
W06	2134.436	2036.3711	0	0.486	0.5088	7.8098	0.2037	1	9.4773
W06	2135.436	2037.3688	0	0.486	0.5088	7.8098	0.2037	1	9.4773
W06	2136.436	2038.3664	0	0.486	0.5088	7.8098	0.2037	1	9.4773
W06	2137.436	2039.3641	0	0.5871	0.571	6.6855	0.1743	1	5.3671
W06	2138.436	2040.3618	0	0.5871	0.571	6.6855	0.1743	1	5.3671
W06	2139.436	2041.3595	0	0.5871	0.571		0.1743	1	5.3671
W06	2140.436	2042.3572	0	0.5871		6.6855	0.1743	1	5.3671
W06	2141.436	2043.3549	0	0.6782	0.9855	5.8116	0.1489	0	0.5789
W06	2142.436	2044.3526	0	0.6782	0.9855	5.8116	0.1489	0	0.5789
W06	2143.436	2045.3503	0	0.6782	0.9855	5.8116	0.1489	0	0.5789
W06	2144.436	2046.3481	0	0.6782	0.9855	5.8116	0.1489	0	0.5789
W06	2145.436	2047.3458	0	0.5818	1	6.74	0.1357	0	0.4288
W06	2146.436	2048.3435	0	0.5818	1		0.1357	0	0.4288
W06	2147.436	2049.3413	0	0.5818	1	6.74		0	0.4288
W06	2148.436	2050.3391	0	0.5818	1	6.74	0.1357	0	0.4288
W06	2149.436	2051.3368	0	0.5818		6.74	0.1357	0	0.4288
W06	2150.436	2052.3346	0	0.537	0.9611	7.2206	0.1559	0	0.6706
W06	2151.436	2053.3324	0		0.9611	7.2206	0.1559	0	0.6706
W06	2152.436	2054.3302	0	0.537	0.9611	7.2206		0	0.6706
W06	2153.436	2055.328	0	0.537	0.9611	7.2206	0.1559	0	0.6706
W06	2154.436	2056.3258	0	0.6099	0.9941	6.455	0.1466	0	0.5499
W06	2155.436	2057.3236		0.6099	0.9941	6.455	0.1466	0	0.5499
W06	2156.436	2058.3214	0	0.6099	0.9941	6.455	0.1466	0	
W06	2157.436	2059.3193	0	0.6099	0.9941	6.455	0.1466	0	0.5499
W06	2158.436	2060.3171	0	0.7284	0.9818		0.15	0	0.5921
W06	2159.436	2061.315	0	0.7284	0.9818	5.3801	0.15	0	0.5921
W06	2160.436	2062.3128	0	0.7284	0.9818	5.3801	0.15	0	0.5921
W06	2161.436	2063.3107	0	0.7284	0.9818	5.3801	0.15	0	0.5921
W06	2162.436	2064.3086	0	0.6803	0.9602	5.7931	0.1562	0	0.6748
W06	2163.436	2065.3064	0	0.6803	0.9602	5.7931	0.1562	0	0.6748
W06	2164.436	2066.3043	0		0.9602	5.7931	0.1562	0	0.6748
W06	2165.436	2067.3022	0	0.6803	0.9602		0.1562	0	0.6748
W06	2166.436	2068.3001	0	0.6932	0.9611		0.1559	0	0.671
W06	2167.436	2069.298	0		0.9611	5.6792	0.1559	0	0.671
W06	2168.436	2070.2959	0	0.666	0.9877	5.9218	0.1483	0	0.5714
W06	2169.436	2071.2939	0	0.666	0.9877	5.9218	0.1483	0	0.5714
W06	2170.436	2072.2918	0	0.666	0.9877	5.9218	0.1483	0	0.5714
W06	2171.436	2073.2897	0	0.7425	0.9666	5.2651	0.1543	0	
W06	2172.436	2074.2877	0	0.7425	0.9666	5.2651	0.1543	0	0.6493
W06	2173.436	2075.2856	1	0.6858	0.9974	5.7443	0.1457	0	0.5394
W06	2174.436	2076.2836	1		0.9974	5.7443	0.1457	0	0.5394
W06	2175.436	2077.2815	1	0.6858	0.9974	5.7443	0.1457	0	0.5394
W06	2176.436	2078.2795	1	0.6858	0.9974	5.7443	0.1457	0	0.5394
W06	2177.436	2079.2775	1	0.6858	0.9974	5.7443		0	0.5394
W06	2178.436	2080.2755	1	0.4179	1	8.6726	0.1444	0	0.5237
W06	2179.436	2081.2735	1	0.4179	1	8.6726	0.1444	0	0.5237
W06	2180.436	2082.2715	1	0.4179	1	8.6726	0.1444	0	0.5237
W06	2181.436	2083.2695	1	0.4179	1	8.6726	0.1444	0	0.5237
W06	2182.436	2084.2675	1	0.4179	1	8.6726	0.1444	0	0.5237
W06	2183.436	2085.2655	1	0.2562	0.5408	11.1189	0.1885	1	7.1421
W06	2184.436	2086.2635	1	0.2562	0.5408	11.1189	0.1885	1	7.1421
W06	2185.436	2087.2615	1	0.2562	0.5408	11.1189	0.1885	1	7.1421
W06	2186.436	2088.2596	1	0.2562	0.5408	11.1189		1	7.1421
W06	2187.436	2089.2576	1	0.2562	0.5408	11.1189	0.1885	1	7.1421
W06	2188.436	2090.2557	1	0.2375	0.2762	11.4434	0.218	1	86.875
W06	2189.436	2091.2537	1	0.2375	0.2762	11.4434	0.218	1	86.875
W06	2190.436	2092.2518	1	0.2375	0.2762	11.4434		1	86.875
W06	2191.436	2093.2499	1	0.2375	0.2762	11.4434	0.218	1	
W06	2192.436	2094.2479		0.2375	0.2762	11.4434		1	86.875
W06	2193.436	2095.246	1	0.2627	0.2662	11.0087	0.2279	1	103.3198
W06	2194.436	2096.2441	1	0.2627	0.2662	11.0087	0.2279	1	103.3198
W06	2195.436	2097.2422	1	0.2627	0.2662	11.0087	0.2279	1	103.3198
W06	2196.436	2098.2403	1	0.2627	0.2662	11.0087	0.2279	1	103.3198
W06	2197.436	2099.2384	1	0.2627	0.2662	11.0087	0.2279	1	103.3198
W06	2198.436	2100.2365	1		0.2558	10.8255	0.239	1	124.3368
W06	2199.436	2101.2346	1	0.2736	0.2558	10.8255	0.239	1	124.3368
W06	2200.436	2102.2328	1	0.2736	0.2558	10.8255	0.239	1	
W06	2201.436	2103.2309	1	0.2736	0.2558	10.8255	0.239	1	124.3368
W06	2202.436	2104.229	1	0.2736	0.2558	10.8255	0.239	1	124.3368
W06	2203.436	2105.2272	1	0.2257	0.2511	11.6529	0.2446	1	135.907
W06	2204.436	2106.2253	1	0.2257	0.2511	11.6529	0.2446	1	135.907
W06	2205.436	2107.2235	1	0.2257	0.2511	11.6529	0.2446	1	135.907
W06	2206.436	2108.2216	1	0.2257	0.2511	11.6529	0.2446	1	135.907
W06	2207.436	2109.2198	1	0.2257	0.2511	11.6529	0.2446	1	135.907
W06	2208.436	2110.218	1	0.3387	0.2737	9.7951		1	91.6171
W06	2209.436	2111.2161	1	0.3387	0.2737	9.7951	0.221	1	91.6171
W06	2210.436	2112.2143	1	0.3387	0.2737	9.7951	0.221	1	91.6171
W06	2211.436	2113.2125	1	0.3387	0.2737	9.7951	0.221	1	91.6171
W06	2212.436	2114.2107	1	0.3387	0.2737	9.7951	0.221	1	91.6171
W06	2213.436	2115.2089	1	0.4741	0.5329	7.9543	0.193	1	
W06	2214.436	2116.2071	1	0.4741	0.5329	7.9543	0.193	1	7.7814
W06	2215.436	2117.2053	1	0.4741	0.5329	7.9543	0.193	1	7.7814
W06	2216.436	2118.2035		0.4741	0.5329	7.9543	0.193	1	7.7814
W06	2217.436	2119.2017	1	0.4741	0.5329	7.9543	0.193	1	7.7814
W06	2218.436	2120.2	1	0.5287	0.5658	7.3133	0.178	1	5.7862
W06	2219.436	2121.1982	1	0.5287	0.5658	7.3133	0.178	1	5.7862
W06	2220.436	2122.1964	1	0.5287	0.5658	7.3133	0.178	1	5.7862
W06	2221.436	2123.1946	1	0.5287	0.5658		0.178	1	5.7862
W06	2222.436	2124.1929	1	0.5287	0.5658	7.3133	0.178	1	5.7862
W06	2223.436	2125.1911	1	0.4871	0.2909	7.7968	0.2059	1	69.5855
W06	2224.436	2126.1894	1	0.4871	0.2909	7.7968	0.2059	1	69.5855
W06	2225.436	2127.1876	1	0.4871	0.2909	7.7968	0.2059	1	69.5855
W06	2226.436	2128.1859	1	0.4871	0.2909	7.7968	0.2059	1	69.5855
W06	2227.436	2129.1842	1	0.4871	0.2909	7.7968	0.2059	1	69.5855
W06	2228.436	2130.1824		0.5301	0.5735	7.2978	0.1749	1	5.431
W06	2229.436	2131.1807		0.5301	0.5735	7.2978	0.1749	1	5.431
W06	2230.436	2132.179				7.2978	0.1749	1	5.431
W06	2231.436	2133.1773	1	0.5301	0.5735	7.2978	0.1749	1	5.431
W06	2232.436	2134.1756	1	0.5301	0.5735	7.2978	0.1749	1	5.431
W06	2233.436	2135.1739	1	0.4212	0.2866	8.6287	0.2099	1	75.0174
W06	2234.436	2136.1722	1	0.4212	0.2866	8.6287	0.2099	1	75.0174
W06	2235.436	2137.1705	1	0.4212	0.2866	8.6287		1	75.0174
W06	2236.436	2138.1688	1	0.4212		8.6287	0.2099	1	75.0174
W06	2237.436	2139.1671	1		0.2866	8.6287	0.2099	1	75.0174
W06	2238.436	2140.1654	1	0.2474	0.2671		0.2284	1	104.1899
W06	2239.436	2141.1637	1	0.2474	0.2671	11.2705	0.2284	1	104.1899
W06	2240.436	2142.1621	1	0.2474	0.2671	11.2705	0.2284	1	104.1899
W06	2241.436	2143.1604		0.2474	0.2671	11.2705	0.2284	1	104.1899
W06	2242.436	2144.1588	1	0.2474	0.2671	11.2705	0.2284	1	104.1899
W06	2243.436	2145.1571		0.2822	0.2691	10.6834	0.2265	1	100.9057
W06	2244.436	2146.1554	1	0.2822	0.2691	10.6834	0.2265	1	100.9057
W06	2245.436	2147.1538	1	0.2822		10.6834	0.2265	1	100.9057
W06	2246.436	2148.1522	1	0.2822	0.2691	10.6834	0.2265	1	100.9057
W06	2247.436	2149.1505	1	0.2822	0.2691	10.6834	0.2265	1	100.9057
W06	2248.436	2150.1489	1	0.3222	0.2539	10.0474	0.2428	1	132.1935
W06	2249.436	2151.1473	1	0.3222	0.2539	10.0474	0.2428	1	132.1935
W06	2250.436	2152.1457	1	0.3222	0.2539	10.0474	0.2428	1	132.1935
W06	2251.436	2153.144	1	0.3222	0.2539	10.0474	0.2428	1	132.1935
W06	2252.436	2154.1424	1	0.3222	0.2539	10.0474	0.2428	1	132.1935
W06	2253.436	2155.1408	1	0.3026	0.2631	10.3539	0.233	1	112.5768
W06	2254.436	2156.1392	1	0.3026	0.2631	10.3539	0.233	1	112.5768
W06	2255.436	2157.1376	1	0.3026	0.2631	10.3539	0.233	1	112.5768
W06	2256.436	2158.136	1	0.3026	0.2631	10.3539	0.233	1	
W06	2257.436	2159.1344	1	0.3026	0.2631		0.233	1	112.5768
W06	2258.436	2160.1329	1	0.4167	0.5167	8.6886	0.2024	1	9.2529
W06	2259.436	2161.1313	1	0.4167	0.5167	8.6886	0.2024	1	9.2529
W06	2260.436	2162.1297	1	0.4167	0.5167	8.6886	0.2024	1	9.2529
W06	2261.436	2163.1281	1	0.4167	0.5167	8.6886	0.2024	1	9.2529
W06	2262.436	2164.1266	1	0.2123	0.2648	11.8965	0.2316	1	109.972
W06	2263.436	2165.125	1	0.2123	0.2648	11.8965	0.2316	1	109.972
W06	2264.436	2166.1235	1	0.2123		11.8965	0.2316	1	
W06	2265.436	2167.1219	1	0.2123	0.2648	11.8965	0.2316	1	109.972
W06	2266.436	2168.1204	1	0.2123	0.2648		0.2316	1	109.972
W06	2267.436	2169.1188	1	0.2215	0.2659	11.7293	0.2306	1	108.2101
W06	2268.436	2170.1173	1	0.2215	0.2659	11.7293		1	108.2101
W06	2269.436	2171.1157	1	0.2215	0.2659	11.7293	0.2306	1	108.2101
W06	2270.436	2172.1142	1	0.2215	0.2659	11.7293	0.2306	1	
W06	2271.436	2173.1127	1	0.2215	0.2659	11.7293	0.2306	1	108.2101
W06	2272.436	2174.1112	1	0.1663	0.149	18.0183	0.2658	1	892.9121
W06	2273.436	2175.1097	1	0.1663	0.149	18.0183	0.2658	1	892.9121
W06	2274.436	2176.1081	1	0.1663	0.149	18.0183		1	892.9121
W06	2275.436	2177.1066	1	0.1663	0.149	18.0183		1	892.9121
W06	2276.436	2178.1051	1	0.1663		18.0183	0.2658	1	892.9121
W06	2277.436	2179.1036	1	0.3372	0.5138	9.8177	0.2045	1	9.6115
W06	2278.436	2180.1021	1	0.3372	0.5138	9.8177	0.2045	1	9.6115
W06	2279.436	2181.1006	1	0.3372	0.5138	9.8177	0.2045	1	9.6115
W06	2280.436	2182.0992	1	0.3372	0.5138	9.8177		1	9.6115
W06	2281.436	2183.0977	1	0.3372		9.8177	0.2045	1	9.6115
W06	2282.436	2184.0962	1	0.3133	0.2804	10.1856	0.217	1	85.4418
W06	2283.436	2185.0947	1	0.3133	0.2804	10.1856	0.217	1	85.4418
W06	2284.436	2186.0932	1	0.3133	0.2804	10.1856	0.217	1	85.4418
W06	2285.436	2187.0918	1	0.3133	0.2804	10.1856	0.217	1	85.4418
W06	2286.436	2188.0903	1	0.3133	0.2804		0.217	1	85.4418
W06	2287.436	2189.0888	1	0.2155	0.2553	11.8384	0.2427	1	
W06	2288.436	2190.0874	1	0.2155	0.2553	11.8384	0.2427	1	132.0324
W06	2289.436	2191.0859	1		0.2553	11.8384	0.2427	1	132.0324
W06	2290.436	2192.0845	1	0.2155	0.2553	11.8384	0.2427	1	132.0324
W06	2291.436	2193.083	1	0.2155	0.2553	11.8384	0.2427	1	132.0324
W06	2292.436	2194.0816	1	0.2516	0.2514	11.1988	0.2475	1	142.4182
W06	2293.436	2195.0802	1	0.2516	0.2514	11.1988	0.2475	1	142.4182
W06	2294.436	2196.0787	1	0.2516	0.2514	11.1988	0.2475	1	142.4182
W06	2295.436	2197.0773	1	0.2516	0.2514	11.1988	0.2475	1	142.4182
W06	2296.436	2198.0759	1	0.2516	0.2514	11.1988	0.2475	1	142.4182
W06	2297.436	2199.0744	1	0.3077	0.2988	10.2733	0.2017	1	64.2928
W06	2298.436	2200.073	1	0.3077	0.2988	10.2733	0.2017	1	64.2928
W06	2299.436	2201.0716	1	0.3077	0.2988	10.2733	0.2017	1	64.2928
W06	2300.436	2202.0702	1	0.3077	0.2988	10.2733	0.2017	1	64.2928
W06	2301.436	2203.0688	1	0.3077	0.2988	10.2733	0.2017	1	64.2928
W06	2302.436	2204.0674	1	0.2335	0.2614	11.5147	0.2367	1	119.597
W06	2303.436	2205.066	1	0.2335	0.2614	11.5147	0.2367	1	119.597
W06	2304.436	2206.0646		0.2335	0.2614	11.5147	0.2367	1	119.597
W06	2305.436	2207.0632	1	0.2335	0.2614	11.5147	0.2367	1	
W06	2306.436	2208.0618	1	0.2335		11.5147	0.2367	1	119.597
W06	2307.436	2209.0604	1	0.3174	0.2798	10.1218	0.2185	1	87.7367
W06	2308.436	2210.059	1	0.3174	0.2798	10.1218		1	87.7367
W06	2309.436	2211.0576		0.3174	0.2798	10.1218	0.2185	1	87.7367
W06	2310.436	2212.0563	1	0.3174	0.2798	10.1218	0.2185	1	87.7367
W06	2311.436	2213.0549	1		0.2798	10.1218	0.2185	1	87.7367
W06	2312.436	2214.0535	1	0.4184	0.5352		0.1945	1	8.0019
W06	2313.436	2215.0521	1	0.4184	0.5352	8.6658	0.1945	1	8.0019
W06	2314.436	2216.0508	1	0.4184		8.6658	0.1945	1	8.0019
W06	2315.436	2217.0494	1	0.4184	0.5352	8.6658	0.1945	1	8.0019
W06	2316.436	2218.048	1	0.4184	0.5352		0.1945	1	8.0019
W06	2317.436	2219.0467	1	0.1368	0.2563	23.9667	0.2429	1	132.3366
W06	2318.436	2220.0453	1	0.1368	0.2563	23.9667	0.2429	1	132.3366
W06	2319.436	2221.044	1	0.1368		23.9667	0.2429	1	132.3366
W06	2320.436	2222.0426	1	0.1368	0.2563	23.9667	0.2429	1	132.3366
W06	2321.436	2223.0413	1	0.1368	0.2563	23.9667	0.2429	1	132.3366
W06	2322.436	2224.0399		0.1431	0.1622	22.5369	0.2437	1	630.2256
W06	2323.436	2225.0386		0.1431	0.1622	22.5369	0.2437	1	630.2256
W06	2324.436	2226.0373	1	0.1431		22.5369	0.2437	1	630.2256
W06	2325.436	2227.0359	1	0.1431	0.1622	22.5369	0.2437	1	630.2256
W06	2326.436	2228.0346	1	0.1431	0.1622	22.5369	0.2437	1	630.2256
W06	2327.436	2229.0333	1	0.1915	0.2638	14.12	0.2352	1	116.6985
W06	2328.436	2230.032	1	0.1915	0.2638	14.12	0.2352	1	116.6985
W06	2329.436	2231.0306	1	0.1915	0.2638	14.12	0.2352	1	116.6985
W06	2330.436	2232.0293	1	0.1915		14.12	0.2352	1	116.6985
W06	2331.436	2233.028	1		0.2638	14.12	0.2352	1	116.6985
W06	2332.436	2234.0267	1	0.1093	0.1572	31.2528	0.2529	1	730.7927
W06	2333.436	2235.0254	1	0.1093	0.1572	31.2528	0.2529	1	730.7927
W06	2334.436	2236.0241	1	0.1093	0.1572	31.2528	0.2529	1	730.7927
W06	2335.436	2237.0228	1	0.1093	0.1572		0.2529	1	730.7927
W06	2336.436	2238.0215	1	0.1093		31.2528	0.2529	1	730.7927
W06	2337.436	2239.0202	1		0.1574	23.4042	0.2527	1	728.8779
W06	2338.436	2240.0189	1	0.1392	0.1574	23.4042	0.2527	1	728.8779
W06	2339.436	2241.0176	1	0.1392	0.1574	23.4042	0.2527	1	728.8779
W06	2340.436	2242.0163	1	0.1392	0.1574	23.4042	0.2527	1	728.8779
W06	2341.436	2243.015		0.1392	0.1574	23.4042	0.2527	1	728.8779
W06	2342.436	2244.0137		0.3041	0.2631	10.3308	0.2366	1	119.4757
W06	2343.436	2245.0124	1	0.3041	0.2631	10.3308	0.2366	1	119.4757
W06	2344.436	2246.0112	1	0.3041	0.2631	10.3308	0.2366	1	119.4757
W06	2345.436	2247.0099	1	0.3041	0.2631	10.3308	0.2366	1	
W06	2346.436	2248.0086	1	0.3041	0.2631	10.3308	0.2366	1	119.4757
W06	2347.436	2249.0073	1	0.3188	0.2642	10.0989	0.2357	1	117.667
W06	2348.436	2250.0061	1	0.3188	0.2642	10.0989	0.2357	1	117.667
W06	2349.436	2251.0048	1	0.3188	0.2642	10.0989	0.2357	1	117.667
W06	2350.436	2252.0035	1		0.2642	10.0989	0.2357	1	117.667
W06	2351.436	2253.0023	1		0.2642	10.0989	0.2357	1	117.667
W06	2352.436	2254.001	1	0.2838	0.2595	10.6574	0.241	1	128.2944
W06	2353.436	2254.9998	1	0.2838	0.2595	10.6574	0.241	1	128.2944
W06	2354.436	2255.9985	1	0.2838	0.2595	10.6574	0.241	1	128.2944
W06	2355.436	2256.9973	1	0.2838	0.2595	10.6574	0.241	1	
W06	2356.436	2257.996		0.2838	0.2595	10.6574	0.241	1	128.2944
W06	2357.436	2258.9948	1	0.484	0.9624	7.8346	0.1561	0	0.6742
W06	2358.436	2259.9936	1	0.484	0.9624	7.8346	0.1561	0	0.6742
W06	2359.436	2260.9923	1	0.484	0.9624	7.8346	0.1561	0	0.6742
W06	2360.436	2261.9911	1	0.484	0.9624	7.8346	0.1561	0	0.6742
W06	2361.436	2262.9899	1	0.484	0.9624	7.8346	0.1561	0	0.6742
W06	2362.436	2263.9886	1	0.5852	0.8898	6.7054	0.1809	0	1.0853
W06	2363.436	2264.9874	1	0.5852	0.8898	6.7054	0.1809	0	1.0853
W06	2364.436	2265.9862	1	0.5852	0.8898	6.7054	0.1809	0	1.0853
W06	2365.436	2266.985	4	0.7289		5.3764	0.2132	0	1.8447
W06	2366.436	2267.9838	4	0.7289			0.2132	0	1.8447
W06	2367.436	2268.9826	4	0.7289	0.8131		0.2132	0	1.8447
W06	2368.436	2269.9813	4	0.7289	0.8131	5.3764	0.2132	0	1.8447
W06	2369.436	2270.9801	4	0.7289	0.8131	5.3764	0.2132	0	1.8447
W06	2370.436	2271.9789	4		0.1515	12.0482	0.2656	1	890.0057
W06	2371.436	2272.9777	4	0.204	0.1515	12.0482	0.2656	1	890.0057
W06	2372.436	2273.9765	4	0.204	0.1515		0.2656	1	890.0057
W06	2373.436	2274.9753	4	0.204	0.1515	12.0482	0.2656	1	890.0057
W06	2374.436	2275.9741	4	0.204	0.1515	12.0482	0.2656	1	890.0057
W06	2375.436	2276.973	4	0.132	0.1509	25.1006	0.2671	1	910.1224
W06	2376.436	2277.9718	4	0.132	0.1509	25.1006	0.2671	1	910.1224
W06	2377.436	2278.9706	4	0.132	0.1509	25.1006	0.2671	1	910.1224
W06	2378.436	2279.9694	4	0.132	0.1509	25.1006	0.2671	1	910.1224
W06	2379.436	2280.9682	4	0.132	0.1509	25.1006	0.2671	1	910.1224
W06	2380.436	2281.9671	4	0.1657	0.2443	18.1202	0.2605	1	173.6345
W06	2381.436	2282.9659	4	0.1657	0.2443	18.1202	0.2605	1	173.6345
W06	2382.436	2283.9647	4	0.1657	0.2443	18.1202	0.2605	1	173.6345
W06	2383.436	2284.9635	4	0.1657	0.2443	18.1202	0.2605	1	173.6345
W06	2384.436	2285.9624	4	0.1657	0.2443	18.1202	0.2605	1	173.6345
W06	2385.436	2286.9612	4	0.1964	0.2464	13.4644	0.2582	1	167.7589
W06	2386.436	2287.9601	4	0.1964	0.2464	13.4644	0.2582	1	167.7589
W06	2387.436	2288.9589	4	0.1964	0.2464	13.4644	0.2582	1	167.7589
W06	2388.436	2289.9577	4	0.1964	0.2464	13.4644	0.2582	1	167.7589
W06	2389.436	2290.9566	4	0.1964	0.2464	13.4644	0.2582	1	167.7589
W06	2390.436	2291.9554	4	0.172	0.151	17.0397	0.2678	1	920.0895
W06	2391.436	2292.9543	4	0.172	0.151	17.0397	0.2678	1	920.0895
W06	2392.436	2293.9532	4		0.151	17.0397		1	920.0895
W06	2393.436	2294.952	4	0.172	0.151	17.0397	0.2678	1	920.0895
W06	2394.436	2295.9509	4	0.172	0.151	17.0397	0.2678	1	920.0895
W06	2395.436	2296.9497	4	0.199	0.1464	13.1202	0.2775	1	
W06	2396.436	2297.9486	4	0.199	0.1464	13.1202	0.2775	1	
W06	2397.436	2298.9475	4	0.199	0.1464	13.1202	0.2775	1	
W06	2398.436	2299.9464	4	0.199	0.1464	13.1202	0.2775	1	1061.5576
W06	2399.436	2300.9452	4	0.199	0.1464	13.1202	0.2775	1	1061.5576
W06	2400.436	2301.9441	4	0.5437	0.827	7.1473	0.2077	0	1.6955
W06	2401.436	2302.943	4		0.827	7.1473	0.2077	0	1.6955
W06	2402.436	2303.9419	4	0.5437	0.827	7.1473	0.2077	0	1.6955
W06	2403.436	2304.9408	4	0.5437	0.827	7.1473	0.2077	0	1.6955
W06	2404.436	2305.9397	4	0.5437	0.827	7.1473	0.2077	0	1.6955
W06	2405.436	2306.9385	4	0.5871	0.9754	6.6853	0.1523	0	0.6226
W06	2406.436	2307.9374	4	0.5871	0.9754	6.6853	0.1523	0	0.6226
W06	2407.436	2308.9363	4		0.9754	6.6853	0.1523	0	0.6226
W06	2408.436	2309.9352	4	0.5871	0.9754	6.6853	0.1523	0	0.6226
W06	2409.436	2310.9341	4	0.5871	0.9754	6.6853	0.1523	0	0.6226
W06	2410.436	2311.933	4	0.6723	0.8862	5.8649	0.1831	0	
W06	2411.436	2312.932	4	0.6723	0.8862		0.1831	0	1.128
W06	2412.436	2313.9309	4	0.6723	0.8862	5.8649	0.1831	0	1.128
W06	2413.436	2314.9298	4	0.6723	0.8862	5.8649	0.1831	0	1.128
W06	2414.436	2315.9287	4	0.6723	0.8862	5.8649	0.1831	0	1.128
W06	2415.436	2316.9276	4	0.6951	0.9102	5.6626	0.1742	0	0.9601
W06	2416.436	2317.9265	4	0.6951	0.9102	5.6626	0.1742	0	0.9601
W06	2417.436	2318.9255	4	0.6951	0.9102	5.6626	0.1742	0	0.9601
W06	2418.436	2319.9244	4	0.6951	0.9102	5.6626	0.1742	0	0.9601
W06	2419.436	2320.9233	4	0.6951	0.9102	5.6626	0.1742	0	0.9601
W06	2420.436	2321.9222	4	0.7353	0.9555	5.3232	0.1587	0	0.7103
W06	2421.436	2322.9212	4	0.7353	0.9555	5.3232	0.1587	0	0.7103
W06	2422.436	2323.9201	4	0.7353	0.9555	5.3232	0.1587	0	0.7103
W06	2423.436	2324.919		0.7353	0.9555	5.3232	0.1587	0	0.7103
W06	2424.436	2325.9179	4	0.7353	0.9555	5.3232	0.1587	0	0.7103
W06	2425.436	2326.9168	4	0.6513	0.8781	6.0576	0.1866	0	1.1984
W06	2426.436	2327.9158	4	0.6513	0.8781	6.0576	0.1866	0	1.1984
W06	2427.436	2328.9147	4	0.6513	0.8781	6.0576	0.1866	0	1.1984
W06	2428.436	2329.9136	4		0.8781	6.0576	0.1866	0	1.1984
W06	2429.436	2330.9124		0.6513	0.8781	6.0576		0	1.1984
W06	2430.436	2331.9113	4	0.6092	0.265	6.4625	0.2394	1	125.1108
W06	2431.436	2332.9102	4	0.6092	0.265	6.4625	0.2394	1	125.1108
W06	2432.436	2333.9091	4	0.6092	0.265	6.4625	0.2394	1	125.1108
W06	2433.436	2334.908	4	0.6092	0.265	6.4625	0.2394	1	125.1108
W06	2434.436	2335.9068	4	0.6092	0.265	6.4625	0.2394	1	
W06	2435.436	2336.9057	4	0.7281	0.2621	5.3824	0.2429	1	132.3462
W06	2436.436	2337.9046	4	0.7281	0.2621	5.3824	0.2429	1	132.3462
W06	2437.436	2338.9034	4	0.7281	0.2621	5.3824	0.2429	1	132.3462
W06	2438.436	2339.9023		0.7281	0.2621	5.3824	0.2429	1	132.3462
W06	2439.436	2340.9011	4	0.7281	0.2621	5.3824	0.2429	1	132.3462
W06	2440.436	2341.9	4	0.9042	0.4654	4.106	0.2417	1	17.6767
W06	2441.436	2342.8988	4	0.9042	0.4654	4.106	0.2417	1	17.6767
W06	2442.436	2343.8977	4	0.9042	0.4654	4.106	0.2417	1	17.6767
W06	2443.436	2344.8965	4	0.9042	0.4654	4.106	0.2417	1	17.6767
W06	2444.436	2345.8953	4	0.9004	0.5063	4.1302	0.2157	1	11.6739
W06	2445.436	2346.8941	4	0.9004	0.5063	4.1302	0.2157	1	11.6739
W06	2446.436	2347.893	4	0.9004	0.5063	4.1302	0.2157	1	11.6739
W06	2447.436	2348.8918	4	0.9004	0.5063	4.1302	0.2157	1	11.6739
W06	2448.436	2349.8906	4	0.9004	0.5063	4.1302	0.2157	1	11.6739
W06	2449.436	2350.8894	4	0.5081	0.6137	7.5496	0.1651	1	4.4022
W06	2450.436	2351.8882	4		0.6137	7.5496	0.1651	1	4.4022
W06	2451.436	2352.887	4	0.5081	0.6137	7.5496	0.1651	1	4.4022
W06	2452.436	2353.8858		0.5081	0.6137	7.5496	0.1651	1	4.4022
W06	2453.436	2354.8845	4	0.5081	0.6137	7.5496	0.1651	1	4.4022
W06	2454.436	2355.8833	4	0.2652	0.2795	10.9674	0.2263	1	100.4615
W06	2455.436	2356.8821	4	0.2652	0.2795	10.9674	0.2263	1	100.4615
W06	2456.436	2357.8809	4	0.2652	0.2795	10.9674		1	100.4615
W06	2457.436	2358.8796	4	0.2652	0.2795	10.9674	0.2263	1	100.4615
W06	2458.436	2359.8784	4	0.2652	0.2795	10.9674	0.2263	1	100.4615
W06	2459.436	2360.8772	4	0.2652	0.2795	10.9674	0.2263	1	100.4615
W06	2460.436	2361.8759	4	0.1549	0.2531	20.1151	0.255	1	159.7862
W06	2461.436	2362.8747	4	0.1478	0.1542	21.5508	0.2664	1	900.9826
W06	2462.436	2363.8734		0.1478	0.1542	21.5508	0.2664	1	900.9826
W06	2463.436	2364.8721	7		0.1633	27.6983	0.2502	1	700.5565
W06	2464.436	2365.8709	7	0.1218	0.1633	27.6983	0.2502	1	700.5565
W06	2465.436	2366.8696	7	0.1218	0.1633	27.6983	0.2502	1	700.5565
W06	2466.436	2367.8683	7	0.1218	0.1633	27.6983	0.2502	1	700.5565
W06	2467.436	2368.867	7	0.1218	0.1633	27.6983	0.2502	1	700.5565
W06	2468.436	2369.8658	7	0.4008	0.2612	8.9027	0.2466	1	140.2917
W06	2469.436	2370.8645	7	0.4008	0.2612	8.9027	0.2466	1	140.2917
W06	2470.436	2371.8632	7	0.4008	0.2612	8.9027	0.2466	1	140.2917
W06	2471.436	2372.8619	7	0.4008	0.2612	8.9027	0.2466	1	140.2917
W06	2472.436	2373.8606	7		0.2612	8.9027	0.2466	1	140.2917
W06	2473.436	2374.8593	7	0.8388	0.2524	4.5404	0.2573	1	165.5001
W06	2474.436	2375.858	7	0.8388	0.2524	4.5404	0.2573	1	165.5001
W06	2475.436	2376.8566	7	0.8388	0.2524	4.5404	0.2573	1	165.5001
W06	2476.436	2377.8553	7	0.8388	0.2524	4.5404	0.2573	1	165.5001
W06	2477.436	2378.854	7	0.8388	0.2524	4.5404	0.2573	1	165.5001
W06	2478.436	2379.8527	7	0.6135	0.5112		0.2152	1	11.5672
W06	2479.436	2380.8513		0.6135	0.5112	6.42	0.2152	1	11.5672
W06	2480.436	2381.85		0.6135	0.5112	6.42	0.2152	1	11.5672
W06	2481.436	2382.8486	7	0.6135	0.5112		0.2152	1	11.5672
W06	2482.436	2383.8473	7	0.6135	0.5112	6.42	0.2152	1	11.5672
W06	2483.436	2384.8459	7	0.1756	0.1518	16.4586	0.2733	1	997.9083
W06	2484.436	2385.8446	7	0.1756	0.1518	16.4586	0.2733	1	997.9083
W06	2485.436	2386.8432	7	0.1756	0.1518	16.4586	0.2733	1	997.9083
W06	2486.436	2387.8418	7	0.1756	0.1518	16.4586	0.2733	1	997.9083
W06	2487.436	2388.8404	7	0.2711	0.2753	10.8684	0.2332	1	112.8985
W06	2488.436	2389.8391	7	0.2711	0.2753		0.2332	1	
W06	2489.436	2390.8377	7	0.2711	0.2753	10.8684	0.2332	1	112.8985
W06	2490.436	2391.8363	7	0.2711	0.2753	10.8684	0.2332	1	112.8985
W06	2491.436	2392.8349	7	0.2711	0.2753	10.8684	0.2332	1	112.8985
W06	2492.436	2393.8335	7	0.4789	0.271	7.8959	0.238	1	122.1833
W06	2493.436	2394.8321	7	0.4789	0.271	7.8959	0.238	1	122.1833
W06	2494.436	2395.8307	7	0.4789	0.271	7.8959	0.238	1	122.1833
W06	2495.436	2396.8292	7	0.4789	0.271	7.8959	0.238	1	122.1833
W06	2496.436	2397.8278	7	0.4789	0.271	7.8959	0.238	1	122.1833
W06	2497.436	2398.8264	7	0.4935	0.2918	7.7206	0.2182	1	87.2997
W06	2498.436	2399.825	7	0.4935	0.2918	7.7206	0.2182	1	87.2997
W06	2499.436	2400.8235	7	0.4935	0.2918	7.7206	0.2182	1	87.2997
W06	2500.436	2401.8221	7	0.4935	0.2918	7.7206	0.2182	1	87.2997
W06	2501.436	2402.8206	7	0.4935	0.2918	7.7206	0.2182	1	87.2997
W06	2502.436	2403.8192	7	0.2632	0.2823	11.0006	0.2275	1	102.5606
W06	2503.436	2404.8177	7	0.2632	0.2823	11.0006	0.2275	1	102.5606
W06	2504.436	2405.8163		0.2632	0.2823	11.0006	0.2275	1	102.5606
W06	2505.436	2406.8148	7	0.2632	0.2823	11.0006	0.2275	1	102.5606
W06	2506.436	2407.8133	7	0.2632	0.2823	11.0006	0.2275	1	102.5606
W06	2507.436	2408.8119	7	0.1136	0.1646	30.0001	0.2517	1	717.5081
W06	2508.436	2409.8104	7	0.1136	0.1646		0.2517	1	717.5081
W06	2509.436	2410.8089	7	0.1136	0.1646	30.0001	0.2517	1	717.5081
W06	2510.436	2411.8074	7	0.1136	0.1646	30.0001	0.2517	1	717.5081
W06	2511.436	2412.8059	7	0.1136	0.1646	30.0001	0.2517	1	717.5081
W06	2512.436	2413.8044	7	0.3078	0.2752	10.2714	0.2354	1	117.1286
W06	2513.436	2414.8029	7	0.3078	0.2752	10.2714	0.2354	1	117.1286
W06	2514.436	2415.8014	7	0.3078	0.2752	10.2714	0.2354	1	117.1286
W06	2515.436	2416.7999	7	0.3078	0.2752	10.2714	0.2354	1	117.1286
W06	2516.436	2417.7984	7	0.3078	0.2752	10.2714	0.2354	1	117.1286
W06	2517.436	2418.7968	7	0.1525	0.1612		0.2587	1	800.3321
W06	2518.436	2419.7953	7	0.1525	0.1612	20.5766	0.2587	1	800.3321
W06	2519.436	2420.7938	7	0.1525	0.1612	20.5766	0.2587	1	800.3321
W06	2520.436	2421.7923	7	0.1525	0.1612	20.5766	0.2587	1	800.3321
W06	2521.436	2422.7908	7	0.1525	0.1612	20.5766	0.2587	1	800.3321
W06	2522.436	2423.7893	7	0.1645	0.157	18.3189	0.2669	1	907.0887
W06	2523.436	2424.7878	7	0.1645	0.157	18.3189	0.2669	1	907.0887
W06	2524.436	2425.7863	7	0.1645	0.157	18.3189	0.2669	1	907.0887
W06	2525.436	2426.7848	7	0.1645	0.157	18.3189	0.2669	1	907.0887
W06	2526.436	2427.7833	7	0.1645	0.157	18.3189	0.2669	1	907.0887
W06	2527.436	2428.7818	7	0.1568	0.2599	19.7495	0.2536	1	156.4642
W06	2528.436	2429.7803	7		0.2599	19.7495	0.2536	1	156.4642
W06	2529.436	2430.7788	7	0.1568	0.2599	19.7495	0.2536	1	156.4642
W06	2530.436	2431.7773	7	0.1568	0.2599	19.7495	0.2536	1	156.4642
W06	2531.436	2432.7758	7	0.1568	0.2599	19.7495		1	156.4642
W06	2532.436	2433.7743	7	0.196		13.515	0.2445	1	135.7073
W06	2533.436	2434.7728	7		0.2685	13.515	0.2445	1	135.7073
W06	2534.436	2435.7713		0.196	0.2685	13.515	0.2445	1	135.7073
W06	2535.436	2436.7698			0.2685	13.515	0.2445	1	135.7073
W06	2536.436	2437.7683	7	0.196	0.2685	13.515	0.2445	1	135.7073
W06	2537.436	2438.7668	7	0.2228	0.271	11.7058	0.2422	1	130.9686
W06	2538.436	2439.7653	7	0.2228	0.271	11.7058	0.2422	1	130.9686
W06	2539.436	2440.7638		0.2228	0.271	11.7058	0.2422	1	130.9686
W06	2540.436	2441.7623	7	0.2228	0.271	11.7058	0.2422	1	130.9686
W06	2541.436	2442.7608	7	0.2228	0.271	11.7058	0.2422	1	130.9686
W06	2542.436	2443.7593	7	0.319	0.2804	10.0967	0.2331	1	112.7678
W06	2543.436	2444.7578	7	0.319	0.2804	10.0967	0.2331	1	112.7678
W06	2544.436	2445.7563		0.319	0.2804	10.0967	0.2331	1	112.7678
W06	2545.436	2446.7548	7	0.319	0.2804	10.0967	0.2331	1	112.7678
W06	2546.436	2447.7533	7	0.319	0.2804	10.0967	0.2331	1	112.7678
W06	2547.436	2448.7518		0.2679	0.2785	10.9205	0.2355	1	117.4137
W06	2548.436	2449.7503	7	0.2679	0.2785		0.2355	1	
W06	2549.436	2450.7488	7	0.2679	0.2785	10.9205	0.2355	1	117.4137
W06	2550.436	2451.7473	7		0.2785	10.9205	0.2355	1	117.4137
W06	2551.436	2452.7458		0.2679	0.2785	10.9205	0.2355	1	117.4137
W06	2552.436	2453.7444	7	0.2811	0.2864	10.7017	0.2284	1	104.111
W06	2553.436	2454.7429	7	0.2811	0.2864	10.7017	0.2284	1	104.111
W06	2554.436	2455.7414	7	0.2811	0.2864	10.7017	0.2284	1	104.111
W06	2555.436	2456.7399	7	0.2811	0.2864	10.7017	0.2284	1	104.111
W06	2556.436	2457.7384	7	0.2811	0.2864	10.7017	0.2284	1	104.111
W06	2557.436	2458.7369	7	0.212	0.2753	11.9018	0.24	1	126.2592
W06	2558.436	2459.7354	7	0.212	0.2753	11.9018	0.24	1	126.2592
W06	2559.436	2460.7339	7	0.212	0.2753	11.9018	0.24	1	126.2592
W06	2560.436	2461.7325	7	0.212		11.9018	0.24	1	126.2592
W06	2561.436	2462.731	7	0.212	0.2753	11.9018	0.24	1	126.2592
W06	2562.436	2463.7295	7	0.2553	0.2878	11.1351	0.2281	1	103.6859
W06	2563.436	2464.728	7	0.2553	0.2878	11.1351	0.2281	1	103.6859
W06	2564.436	2465.7265	7	0.2553	0.2878	11.1351	0.2281	1	103.6859
W06	2565.436	2466.725	7	0.2553	0.2878	11.1351		1	103.6859
W06	2566.436	2467.7236	7	0.2553	0.2878	11.1351	0.2281	1	103.6859
W06	2567.436	2468.7221	7	0.3293	0.299	9.9376	0.2184	1	87.5893
W06	2568.436	2469.7206	7	0.3293	0.299	9.9376	0.2184	1	87.5893
W06	2569.436	2470.7191	7	0.3293	0.299	9.9376	0.2184	1	87.5893
W06	2570.436	2471.7176	7	0.3293	0.299	9.9376	0.2184	1	87.5893
W06	2571.436	2472.7162	7	0.4056	0.5498	8.8379	0.2018	1	9.1556
W06	2572.436	2473.7147	7	0.4056	0.5498	8.8379	0.2018	1	9.1556
W06	2573.436	2474.7132	7	0.4056	0.5498	8.8379	0.2018	1	9.1556
W06	2574.436	2475.7117	7	0.4056	0.5498	8.8379	0.2018	1	9.1556
W06	2575.436	2476.7103	7	0.4056	0.5498	8.8379	0.2018	1	9.1556
W06	2576.436	2477.7088	7	0.4341	0.578	8.4584	0.1884	1	7.1223
W06	2577.436	2478.7073	7	0.4341	0.578	8.4584		1	7.1223
W06	2578.436	2479.7058	7	0.4341	0.578	8.4584	0.1884	1	7.1223
W06	2579.436	2480.7044	7	0.4341	0.578	8.4584	0.1884	1	7.1223
W06	2580.436	2481.7029	7	0.4341	0.578	8.4584	0.1884	1	7.1223
W06	2581.436	2482.7014	7	0.1802	0.1727	15.7498	0.2467	1	662.0765
W06	2582.436	2483.6999	7	0.1802	0.1727	15.7498		1	662.0765
W06	2583.436	2484.6985	7	0.1802	0.1727	15.7498	0.2467	1	662.0765
W06	2584.436	2485.697	7	0.1802	0.1727	15.7498	0.2467	1	662.0765
W06	2585.436	2486.6955	7	0.1802	0.1727	15.7498	0.2467	1	662.0765
W06	2586.436	2487.694	7	0.1796	0.2818	15.8289	0.2373	1	120.7847
W06	2587.436	2488.6926	7		0.2818	15.8289	0.2373	1	120.7847
W06	2588.436	2489.6911	7	0.1796	0.2818	15.8289	0.2373	1	120.7847
W06	2589.436	2490.6896	7	0.1796	0.2818	15.8289	0.2373	1	120.7847
W06	2590.436	2491.6882	7	0.1796	0.2818	15.8289	0.2373	1	120.7847
W06	2591.436	2492.6867	7	0.3554	0.5765	9.5469	0.1906	1	7.4274
W06	2592.436	2493.6852	7	0.3554	0.5765	9.5469	0.1906	1	7.4274
W06	2593.436	2494.6838	7	0.3554	0.5765	9.5469	0.1906	1	7.4274
W06	2594.436	2495.6823	7	0.3554	0.5765	9.5469	0.1906	1	7.4274
W06	2595.436	2496.6808	7	0.3554	0.5765	9.5469	0.1906	1	7.4274
W06	2596.436	2497.6794	7	0.4664	0.9747	8.0493	0.1539	0	0.6437
W06	2597.436	2498.6779	7	0.4664	0.9747	8.0493	0.1539	0	0.6437
W06	2598.436	2499.6764	7	0.4664	0.9747	8.0493	0.1539	0	0.6437
W06	2599.436	2500.675	7	0.5055	0.6015	7.5788	0.1797	1	5.9907
W06	2600.436	2501.6735	7	0.5055	0.6015	7.5788	0.1797	1	5.9907
W06	2601.436	2502.672	7	0.5055	0.6015	7.5788	0.1797	1	5.9907
W06	2602.436	2503.6706	7	0.5055	0.6015	7.5788	0.1797	1	5.9907
W06	2603.436	2504.6691	7	0.489	0.5995	7.7744	0.1807	1	6.1153
W06	2604.436	2505.6676	7	0.489	0.5995	7.7744	0.1807	1	6.1153
W06	2605.436	2506.6662	9	0.5072	0.6163	7.5592	0.1738	1	5.3056
W06	2606.436	2507.6647	9	0.5072		7.5592	0.1738	1	5.3056
W06	2607.436	2508.6633	9	0.5072	0.6163	7.5592	0.1738	1	5.3056
W06	2608.436	2509.6618	9	0.5072		7.5592	0.1738	1	5.3056
W06	2609.436	2510.6603	9	0.5072	0.6163	7.5592	0.1738	1	5.3056
W06	2610.436	2511.6589	9	0.3026	0.3253	10.3537		1	64.4086
W06	2611.436	2512.6574	9		0.3253	10.3537	0.2018	1	64.4086
W06	2612.436	2513.6559	9	0.3026	0.3253	10.3537	0.2018	1	64.4086
W06	2613.436	2514.6544	9	0.3026	0.3253	10.3537	0.2018	1	64.4086
W06	2614.436	2515.6529	9	0.3026	0.3253	10.3537	0.2018	1	64.4086
W06	2615.436	2516.6513	9	0.2652	0.3175	10.9674	0.2085	1	73.0836
W06	2616.436	2517.6498	9	0.2652	0.3175	10.9674	0.2085	1	73.0836
W06	2617.436	2518.6483	9	0.2652	0.3175	10.9674	0.2085	1	73.0836
W06	2618.436	2519.6467	9	0.2652	0.3175	10.9674	0.2085	1	73.0836
W06	2619.436	2520.6452	9	0.2652	0.3175	10.9674	0.2085	1	73.0836
W06	2620.436	2521.6436	9	0.4911	0.6316	7.7495	0.1692	1	
W06	2621.436	2522.6421	9	0.4911		7.7495	0.1692	1	4.8079
W06	2622.436	2523.6405	9	0.4911	0.6316	7.7495	0.1692	1	4.8079
W06	2623.436	2524.6389	9	0.4911			0.1692	1	4.8079
W06	2624.436	2525.6373	9	0.4911	0.6316	7.7495	0.1692	1	4.8079
W06	2625.436	2526.6357	9	0.5375	0.6126	7.2154	0.1775	1	5.7358
W06	2626.436	2527.6341	9	0.5375	0.6126		0.1775	1	5.7358
W06	2627.436	2528.6325	9	0.5375	0.6126	7.2154	0.1775	1	5.7358
W06	2628.436	2529.6309	9	0.5375	0.6126	7.2154	0.1775	1	5.7358
W06	2629.436	2530.6292	9	0.5375	0.6126	7.2154	0.1775	1	5.7358
W06	2630.436	2531.6276	9	0.369	0.6185	9.3485	0.1757	1	5.5164
W06	2631.436	2532.6259	9	0.369	0.6185	9.3485	0.1757	1	5.5164
W06	2632.436	2533.6243	9	0.369	0.6185	9.3485	0.1757	1	5.5164
W06	2633.436	2534.6226	9	0.369	0.6185	9.3485	0.1757	1	5.5164
W06	2634.436	2535.6209	9	0.369	0.6185	9.3485	0.1757	1	5.5164
W06	2635.436	2536.6192	9	0.4151	0.6398	8.7098	0.1676	1	
W06	2636.436	2537.6176	9	0.4151	0.6398		0.1676	1	4.6496
W06	2637.436	2538.6158	9	0.4151	0.6398	8.7098	0.1676	1	4.6496
W06	2638.436	2539.6141	9	0.4151	0.6398	8.7098	0.1676	1	
W06	2639.436	2540.6124	9	0.4151	0.6398	8.7098	0.1676	1	4.6496
W06	2640.436	2541.6107	9	0.4849	0.6104	7.8227	0.1805	1	6.0868
W06	2641.436	2542.6089	9	0.4849	0.6104	7.8227	0.1805	1	6.0868
W06	2642.436	2543.6072	9	0.4849	0.6104		0.1805	1	6.0868
W06	2643.436	2544.6054	9	0.4849	0.6104	7.8227		1	6.0868
W06	2644.436	2545.6037	9	0.4849	0.6104	7.8227	0.1805	1	6.0868
W06	2645.436	2546.6019	9	0.5502		7.076	0.1683	1	4.7222
W06	2646.436	2547.6001	9	0.5502	0.6412		0.1683	1	
W06	2647.436	2548.5983		0.5502	0.6412	7.076	0.1683	1	4.7222
W06	2648.436	2549.5965	9	0.5502	0.6412	7.076	0.1683	1	4.7222
W06	2649.436	2550.5947	9		0.6412	7.076	0.1683	1	4.7222
W06	2650.436	2551.5929	9	0.5852	0.9871	6.7058	0.15	0	0.5921
W06	2651.436	2552.5911	9	0.5852	0.9871	6.7058	0.15	0	0.5921
W06	2652.436	2553.5892		0.5852		6.7058	0.15	0	0.5921
W06	2653.436	2554.5874	9	0.5852	0.9871	6.7058	0.15	0	0.5921
W06	2654.436	2555.5855	9	0.5852	0.9871	6.7058	0.15	0	0.5921
W06	2655.436	2556.5837	9	0.6479	1	6.089	0.1437	0	0.5164
W06	2656.436	2557.5818	10	0.7007	0.9703	5.6143	0.1567	0	0.6828
W06	2657.436	2558.5799	10	0.7007	0.9703	5.6143	0.1567	0	0.6828
W06	2658.436	2559.578	10	0.7007	0.9703	5.6143	0.1567	0	0.6828
W06	2659.436	2560.5761	10	0.7007	0.9703	5.6143	0.1567	0	
W06	2660.436	2561.5742	10	0.7007	0.9703	5.6143	0.1567	0	0.6828
W06	2661.436	2562.5723	10	0.6892		5.7142	0.1547	0	0.6544
W06	2662.436	2563.5704	10	0.6892	0.9757	5.7142	0.1547	0	0.6544
W06	2663.436	2564.5684	10	0.6892	0.9757	5.7142		0	0.6544
W06	2664.436	2565.5665	10		0.9757	5.7142	0.1547	0	0.6544
W06	2665.436	2566.5645	10	0.6892	0.9757	5.7142	0.1547	0	0.6544
W06	2666.436	2567.5626	10	0.7418	0.9875	5.2703	0.15	0	0.5929
W06	2667.436	2568.5606	10	0.7418	0.9875	5.2703	0.15	0	0.5929
W06	2668.436	2569.5586	10	0.7418	0.9875	5.2703	0.15	0	
W06	2669.436	2570.5566	10	0.7418		5.2703	0.15	0	0.5929
W06	2670.436	2571.5546	10	0.7418	0.9875	5.2703	0.15	0	0.5929
W06	2671.436	2572.5526	10	0.7494	0.986	5.2092	0.1507	0	0.6015
W06	2672.436	2573.5506	10	0.7494	0.986	5.2092	0.1507	0	0.6015
W06	2673.436	2574.5485	10	0.7494	0.986	5.2092	0.1507	0	0.6015
W06	2674.436	2575.5465	10	0.7494	0.986	5.2092	0.1507	0	0.6015
W06	2675.436	2576.5444	10	0.7494	0.986	5.2092	0.1507	0	
W06	2676.436	2577.5424	10		0.9772		0.1545	0	0.6518
W06	2677.436	2578.5403	10	0.7406	0.9772	5.2804	0.1545	0	0.6518
W06	2678.436	2579.5382	10	0.7406	0.9772	5.2804	0.1545	0	0.6518
W06	2679.436	2580.5361	10	0.7406	0.9772	5.2804	0.1545	0	0.6518
W06	2680.436	2581.534	10	0.7406	0.9772	5.2804	0.1545	0	0.6518
W06	2681.436	2582.5319	10	0.7762	0.9136	4.9993	0.1834	0	1.1349
W06	2682.436	2583.5298		0.7762	0.9136	4.9993	0.1834	0	1.1349
W06	2683.436	2584.5277	10	0.7762	0.9136	4.9993	0.1834	0	1.1349
W06	2684.436	2585.5256	10	0.7762		4.9993	0.1834	0	
W06	2685.436	2586.5234	10	0.7762	0.9136	4.9993	0.1834	0	1.1349
W06	2686.436	2587.5212	10	0.77	0.6242	5.0469	0.1821	1	6.2939
W06	2687.436	2588.5191		0.77	0.6242			1	6.2939
W06	2688.436	2589.5169	10	0.77	0.6242	5.0469	0.1821	1	6.2939
W06	2689.436	2590.5147	10	0.77	0.6242	5.0469	0.1821	1	6.2939
W06	2690.436	2591.5125		0.77	0.6242	5.0469	0.1821	1	6.2939
W06	2691.436	2592.5103	10	0.705	0.9641	5.5774	0.161	0	0.744
W06	2692.436	2593.5081	10	0.705	0.9641	5.5774	0.161	0	0.744
W06	2693.436	2594.5059	10	0.705	0.9641	5.5774	0.161	0	0.744
W06	2694.436	2595.5036	10	0.705	0.9641	5.5774		0	0.744
W06	2695.436	2596.5014	10	0.705	0.9641	5.5774	0.161	0	0.744
W06	2696.436	2597.4991	10	0.7086	0.9336	5.5467	0.1756	0	0.9856
W06	2697.436	2598.4969	10	0.7086	0.9336	5.5467	0.1756	0	0.9856
W06	2698.436	2599.4946	10	0.7086	0.9336	5.5467		0	0.9856
W06	2699.436	2600.4923	10	0.7086	0.9336	5.5467	0.1756	0	0.9856
W06	2700.436	2601.49	10	0.7086	0.9336	5.5467	0.1756	0	0.9856
W06	2701.436	2602.4877	10	0.7667		5.0729	0.1795	0	1.0571
W06	2702.436	2603.4854	10	0.7667	0.9271		0.1795	0	1.0571
W06	2703.436	2604.4831	10	0.7667	0.9271	5.0729	0.1795	0	1.0571
W06	2704.436	2605.4807	10	0.7667	0.9271	5.0729	0.1795	0	1.0571
W06	2705.436	2606.4784	10	0.7667	0.9271	5.0729	0.1795	0	1.0571
W06	2706.436	2607.4761	10	0.7403	0.929	5.2827	0.1792	0	1.0531
W06	2707.436	2608.4738	10	0.7403	0.929	5.2827	0.1792	0	1.0531
W06	2708.436	2609.4715	10	0.7403	0.929	5.2827	0.1792	0	1.0531
W06	2709.436	2610.4691	10	0.7403	0.929	5.2827	0.1792	0	1.0531
W06	2710.436	2611.4668	10	0.7403	0.929	5.2827	0.1792	0	1.0531
W06	2711.436	2612.4645	10	0.6817	0.9554	5.7811	0.1667	0	0.8339
W06	2712.436	2613.4622	10	0.6817	0.9554	5.7811	0.1667	0	0.8339
W06	2713.436	2614.4598	10	0.6817	0.9554		0.1667	0	0.8339
W06	2714.436	2615.4575		0.4459	0.9849	8.3073	0.1527	0	0.6282
W06	2715.436	2616.4552	11	0.4459	0.9849	8.3073	0.1527	0	0.6282
W06	2716.436	2617.4529	11	0.4459	0.9849	8.3073	0.1527	0	0.6282
W06	2717.436	2618.4505	11	0.4459	0.9849	8.3073	0.1527	0	0.6282
W06	2718.436	2619.4482	11	0.4459	0.9849	8.3073	0.1527	0	0.6282
W06	2719.436	2620.4459	11	0.1399	0.4313	23.2592	0.161	1	26.7452
W06	2720.436	2621.4436	11	0.1399	0.4313	23.2592	0.161	1	26.7452
W06	2721.436	2622.4412	11	0.1399	0.4313	23.2592	0.161	1	26.7452
W06	2722.436	2623.4389	11	0.1399	0.4313	23.2592	0.161	1	26.7452
W06	2723.436	2624.4366	11		0.4313	23.2592	0.161	1	26.7452
W06	2724.436	2625.4343	11	0.0485	0.5107	56.2725	0.1306	1	11.8539
W06	2725.436	2626.4319	11	0.0485	0.5107	56.2725	0.1306	1	11.8539
W06	2726.436	2627.4296	11	0.0485	0.5107	56.2725	0.1306	1	11.8539
W06	2727.436	2628.4273	11	0.0485	0.5107	56.2725	0.1306	1	11.8539
W06	2728.436	2629.4249	11	0.0485	0.5107	56.2725	0.1306	1	11.8539
W06	2729.436	2630.4226	11	0.2075	0.7103	11.9834	0.16	1	3.9219
W06	2730.436	2631.4203	11	0.2075	0.7103	11.9834	0.16	1	3.9219
W06	2731.436	2632.4179	11	0.2075	0.7103	11.9834	0.16	1	3.9219
W06	2732.436	2633.4156	11	0.2075		11.9834	0.16	1	3.9219
W06	2733.436	2634.4133	11	0.2075	0.7103	11.9834	0.16	1	3.9219
W06	2734.436	2635.4109	11	0.4419	0.6939	8.3574	0.1681	1	4.6987
W06	2735.436	2636.4086	11	0.4419	0.6939	8.3574	0.1681	1	4.6987
W06	2736.436	2637.4063	11	0.4419	0.6939	8.3574	0.1681	1	4.6987
W06	2737.436	2638.4039	11	0.4419	0.6939	8.3574	0.1681	1	4.6987
W06	2738.436	2639.4016	11	0.4419	0.6939	8.3574	0.1681	1	4.6987
W06	2739.436	2640.3993	11	0.3788	0.4054	9.209	0.1818	1	42.8871
W06	2740.436	2641.3969	11		0.4054	9.209	0.1818	1	42.8871
W06	2741.436	2642.3946	11	0.3788	0.4054	9.209	0.1818	1	42.8871
W06	2742.436	2643.3922	11	0.3788	0.4054	9.209	0.1818	1	42.8871
W06	2743.436	2644.3899	11	0.3788		9.209	0.1818	1	42.8871
W06	2744.436	2645.3876	11	0.5172	0.9847	7.4447	0.1555	0	0.665
W06	2745.436	2646.3852	11	0.5172	0.9847	7.4447	0.1555	0	0.665
W06	2746.436	2647.3829	11	0.5172	0.9847	7.4447	0.1555	0	0.665
W06	2747.436	2648.3806	11	0.5172	0.9847	7.4447	0.1555	0	
W06	2748.436	2649.3782	11	0.5172	0.9847	7.4447	0.1555	0	0.665
W06	2749.436	2650.3759	11	0.4412	0.6979	8.3665	0.1733	1	5.2504
W06	2750.436	2651.3735	11	0.4412	0.6979	8.3665	0.1733	1	5.2504
W06	2751.436	2652.3712	11	0.4412	0.6979	8.3665	0.1733	1	5.2504
W06	2752.436	2653.3688	11	0.4412	0.6979	8.3665	0.1733	1	5.2504
W06	2753.436	2654.3665	11	0.4412	0.6979	8.3665	0.1733	1	
W06	2754.436	2655.3642	11	0.3962	0.7354	8.9669	0.1611	1	4.0251
W06	2755.436	2656.3618	11	0.3962	0.7354	8.9669	0.1611	1	4.0251
W06	2756.436	2657.3595	11	0.3962	0.7354	8.9669	0.1611	1	4.0251
W06	2757.436	2658.3571	11	0.3962	0.7354	8.9669	0.1611	1	4.0251
W06	2758.436	2659.3548			0.7354	8.9669	0.1611	1	4.0251
W06	2759.436	2660.3524	11	0.4602	0.9949	8.1266	0.1499	0	0.5915
W06	2760.436	2661.3501	11	0.4602	0.9949	8.1266	0.1499	0	0.5915
W06	2761.436	2662.3477	11	0.4602	0.9949	8.1266	0.1499	0	0.5915
W06	2762.436	2663.3454	11	0.4602	0.9949	8.1266	0.1499	0	0.5915
W06	2763.436	2664.343	11	0.4602	0.9949	8.1266	0.1499	0	0.5915
W06	2764.436	2665.3407	11	0.4306	0.9893	8.505	0.1562	0	0.6753
W06	2765.436	2666.3383	11	0.4306	0.9893	8.505	0.1562	0	0.6753
W06	2766.436	2667.336	11		0.9893		0.1562	0	0.6753
W06	2767.436	2668.3336	11	0.4306	0.9893	8.505	0.1562	0	0.6753
W06	2768.436	2669.3313	11	0.4306	0.9893	8.505	0.1562	0	0.6753
W06	2769.436	2670.3289	11	0.4918	1	7.7406	0.1392	0	0.4657
W06	2770.436	2671.3266	11	0.4918	1		0.1392	0	0.4657
W06	2771.436	2672.3242	11	0.4918	1	7.7406	0.1392	0	
W06	2772.436	2673.3218	11	0.4918	1	7.7406	0.1392	0	0.4657
W06	2773.436	2674.3195	11	0.4918	1	7.7406	0.1392	0	0.4657
W06	2774.436	2675.3171	11	0.5173		7.4427	0.1556	0	0.6676
W06	2775.436	2676.3148	11	0.5173	0.9937	7.4427	0.1556	0	0.6676
W06	2776.436	2677.3124	11	0.5173	0.9937	7.4427	0.1556	0	0.6676
W06	2777.436	2678.3101	11	0.5173	0.9937	7.4427	0.1556	0	0.6676
W06	2778.436	2679.3077	11	0.5173	0.9937	7.4427	0.1556	0	0.6676
W06	2779.436	2680.3053	11	0.5211	0.9983	7.3992	0.1509	0	0.6039
W06	2780.436	2681.303	11	0.5211	0.9983	7.3992	0.1509	0	0.6039
W06	2781.436	2682.3006	11	0.5211	0.9983	7.3992	0.1509	0	0.6039
W06	2782.436	2683.2983	11	0.5211	0.9983	7.3992	0.1509	0	0.6039
W06	2783.436	2684.2959	11	0.5211	0.9983	7.3992	0.1509	0	0.6039
W06	2784.436	2685.2935	11	0.5611	0.9994	6.9585	0.1532	0	0.634
W06	2785.436	2686.2912	11	0.5611	0.9994	6.9585	0.1532	0	0.634
W06	2786.436	2687.2888	11	0.5611	0.9994	6.9585	0.1532	0	
W06	2787.436	2688.2864	11	0.5611	0.9994	6.9585	0.1532	0	0.634
W06	2788.436	2689.2841	11	0.5379	1	7.2114	0.1501	0	0.5944
W06	2789.436	2690.2817	11	0.5379		7.2114	0.1501	0	0.5944
W06	2790.436	2691.2793	11	0.5379	1	7.2114	0.1501	0	0.5944
W06	2791.436	2692.277	11	0.5379	1	7.2114	0.1501	0	0.5944
W06	2792.436	2693.2746	11	0.5379	1	7.2114	0.1501	0	0.5944
W06	2793.436	2694.2722	11	0.4233	1	8.5998	0.1032	0	0.1773
W06	2794.436	2695.2699	11	0.4233	1	8.5998	0.1032	0	0.1773
W06	2795.436	2696.2675	11	0.4233	1	8.5998	0.1032	0	0.1773
W06	2796.436	2697.2651	11	0.4233	1	8.5998	0.1032	0	0.1773
W06	2797.436	2698.2627	11	0.4233	1	8.5998	0.1032	0	0.1773
W06	2798.436	2699.2604	11	0.4722	1	7.9774	0.1367	0	0.4394
W06	2799.436	2700.258	11	0.4722	1	7.9774	0.1367	0	0.4394
W06	2800.436	2701.2556	11	0.4722	1	7.9774	0.1367	0	0.4394
W06	2801.436	2702.2532	11	0.4722	1	7.9774	0.1367	0	0.4394
W06	2802.436	2703.2508	11	0.4722	1	7.9774	0.1367	0	0.4394
W06	2803.436	2704.2485	11		1	8.647	0.1029	0	
W06	2804.436	2705.2461	11	0.4198	1	8.647		0	0.1752
W06	2805.436	2706.2437	11	0.4198	1	8.647	0.1029	0	0.1752
W06	2806.436	2707.2413	11	0.4198	1	8.647	0.1029	0	0.1752
W06	2807.436	2708.2389	11	0.4198	1		0.1029	0	0.1752
W06	2808.436	2709.2365	11	0.3597	0.9565	9.4834	0.1484	1	2.9801
W06	2809.436	2710.2341	11	0.3597	0.9565	9.4834		1	2.9801
W06	2810.436	2711.2317		0.3597	0.9565	9.4834	0.1484	1	2.9801
W06	2811.436	2712.2293	11	0.3597	0.9565	9.4834	0.1484	1	2.9801
W06	2812.436	2713.2269	11	0.3597	0.9565	9.4834	0.1484	1	2.9801
W06	2813.436	2714.2245	11	0.4319	1	8.4873	0.1541	0	
W06	2814.436	2715.2221	11	0.4319		8.4873	0.1541	0	0.6462
W06	2815.436	2716.2197	11	0.4319	1	8.4873	0.1541	0	0.6462
W06	2816.436	2717.2172	11	0.4319	1	8.4873	0.1541	0	0.6462
W06	2817.436	2718.2148	11	0.4319	1	8.4873	0.1541	0	0.6462
W06	2818.436	2719.2124	11	0.4783		7.9024	0.1451	0	0.5323
W06	2819.436	2720.21	11	0.4783	1	7.9024	0.1451	0	
W06	2820.436	2721.2076	11	0.4783	1	7.9024	0.1451	0	0.5323
W06	2821.436	2722.2051		0.4783	1	7.9024	0.1451	0	0.5323
W06	2822.436	2723.2027	11	0.4783	1	7.9024	0.1451	0	0.5323
W06	2823.436	2724.2003	11	0.6719	1	5.8689	0.1463	0	0.546
W06	2824.436	2725.1978	11	0.6719	1	5.8689	0.1463	0	0.546
W06	2825.436	2726.1954	11	0.6719	1	5.8689	0.1463	0	0.546
W06	2826.436	2727.193	11	0.6719	1	5.8689	0.1463	0	0.546
W06	2827.436	2728.1905	11	0.6719	1	5.8689	0.1463	0	0.546
W06	2828.436	2729.1881	11	0.4488	1	8.2693	0.1811	1	6.1629
W06	2829.436	2730.1856	11	0.4488	1	8.2693	0.1811	1	6.1629
W06	2830.436	2731.1832	11	0.4488	1	8.2693	0.1811	1	6.1629
W06	2831.436	2732.1807	11	0.4488	1	8.2693	0.1811	1	6.1629
W06	2832.436	2733.1783	11	0.4488	1	8.2693	0.1811	1	6.1629
W06	2833.436	2734.1758	11		0.8471	25.153	0.2541	1	745.0677
W06	2834.436	2735.1734	11	0.1318	0.8471	25.153	0.2541	1	745.0677
W06	2835.436	2736.1709	11	0.1318	0.8471		0.2541	1	745.0677
W06	2836.436	2737.1685	11	0.1318	0.8471	25.153		1	745.0677
W06	2837.436	2738.166	11	0.1318	0.8471	25.153	0.2541	1	745.0677
W06	2838.436	2739.1635	11	0.2008	1	12.108	0.2311	1	109.0876
W06	2839.436	2740.1611	11	0.2008	1	12.108	0.2311	1	109.0876
W06	2840.436	2741.1586	11	0.2008	1	12.108	0.2311	1	109.0876
W06	2841.436	2742.1561	11	0.2008	1	12.108	0.2311	1	109.0876
W06	2842.436	2743.1536	11	0.2008	1	12.108	0.2311	1	109.0876
W06	2843.436	2744.1511	11	0.2525	1	11.1834	0.223	1	94.9592
W06	2844.436	2745.1487	11	0.2525	1	11.1834	0.223	1	94.9592
W06	2845.436	2746.1462	11	0.2525	1	11.1834	0.223	1	94.9592
W06	2846.436	2747.1437	11	0.2525	1	11.1834	0.223	1	94.9592
W06	2847.436	2748.1412	11	0.2525	1	11.1834	0.223	1	94.9592
W06	2848.436	2749.1387	11	0.3283	1	9.9526	0.1852	1	6.6876
W06	2849.436	2750.1362	11	0.3283	1	9.9526	0.1852	1	6.6876
W06	2850.436	2751.1337	11	0.3283		9.9526	0.1852	1	6.6876
W06	2851.436	2752.1312	11	0.3283	1	9.9526	0.1852	1	6.6876
W06	2852.436	2753.1287	11	0.373	1	9.2916	0.1426	0	0.5034
W06	2853.436	2754.1262	11		1	9.2916	0.1426	0	0.5034
W06	2854.436	2755.1237	11	0.373	1	9.2916	0.1426	0	0.5034
W06	2855.436	2756.1212	11	0.373	1	9.2916	0.1426	0	0.5034
W06	2856.436	2757.1186	11	0.373	1	9.2916	0.1426	0	0.5034
W06	2857.436	2758.1161	11	0.5767		6.7932	0.1668	0	0.8351
W06	2858.436	2759.1136	11	0.5767	1	6.7932	0.1668	0	0.8351
W06	2859.436	2760.1111	11	0.5767	1	6.7932	0.1668	0	0.8351
W06	2860.436	2761.1085	11	0.5767	1	6.7932	0.1668	0	0.8351
W06	2861.436	2762.106	11	0.5767	1	6.7932	0.1668	0	0.8351
W06	2862.436	2763.1035	11			9.7266	0.199	1	60.945
W06	2863.436	2764.1009	11	0.3433	1	9.7266	0.199	1	60.945
W06	2864.436	2765.0984	11	0.3433	1	9.7266	0.199	1	60.945
W06	2865.436	2766.0958		0.3433	1	9.7266	0.199	1	60.945
W06	2866.436	2767.0933	11	0.3433	1	9.7266	0.199	1	60.945
W06	2867.436	2768.0907	11	0.5984	1	6.5703	0.1627	0	0.771
W06	2868.436	2769.0882	11	0.5984	1	6.5703	0.1627	0	0.771
W06	2869.436	2770.0856	11	0.5984	1	6.5703	0.1627	0	0.771
W06	2870.436	2771.0831	11	0.5984	1	6.5703	0.1627	0	0.771
W06	2871.436	2772.0805	11	0.5984	1	6.5703	0.1627	0	0.771
W06	2872.436	2773.0779	11	0.6482	1	6.0865	0.1609	0	0.7424
W06	2873.436	2774.0754	11	0.6482	1	6.0865	0.1609	0	0.7424
W06	2874.436	2775.0728	11	0.6482	1	6.0865		0	0.7424
W06	2875.436	2776.0702	11	0.6482		6.0865	0.1609	0	0.7424
W06	2876.436	2777.0677	11	0.6482	1	6.0865	0.1609	0	0.7424
W06	2877.436	2778.0651	11	0.5204	1	7.4074	0.2146	1	
W06	2878.436	2779.0625	11	0.5204	1	7.4074	0.2146	1	81.8191
W06	2879.436	2780.0599	11	0.5204	1	7.4074	0.2146	1	81.8191
W06	2880.436	2781.0573	11	0.5204	1	7.4074	0.2146	1	81.8191
W06	2881.436	2782.0547	11	0.5204		7.4074	0.2146	1	81.8191
W06	2882.436	2783.0521	11	0.3794	1	9.2011	0.2103	1	75.5689
W06	2883.436	2784.0495	11	0.3794	1	9.2011	0.2103	1	75.5689
W06	2884.436	2785.0469	11	0.3794		9.2011		1	
W06	2885.436	2786.0443	11	0.3794	1	9.2011	0.2103	1	75.5689
W06	2886.436	2787.0417	11	0.3794	1	9.2011	0.2103	1	75.5689
W06	2887.436	2788.0391	11	0.3132	1	10.1863	0.1826	1	6.3544
W06	2888.436	2789.0364	11	0.3132	1	10.1863	0.1826	1	6.3544
W06	2889.436	2790.0338	11	0.3132	1	10.1863	0.1826	1	6.3544
W06	2890.436	2791.0312	11	0.3132	1	10.1863	0.1826	1	6.3544
W06	2891.436	2792.0286	11	0.3132	1	10.1863		1	6.3544
W06	2892.436	2793.026	11	0.4748	1	7.9458	0.1976	1	59.2991
W06	2893.436	2794.0233	11	0.4748	1	7.9458		1	59.2991
W06	2894.436	2795.0207	11	0.4748	1	7.9458	0.1976	1	59.2991
W06	2895.436	2796.0181	11	0.4748	1	7.9458	0.1976	1	59.2991
W06	2896.436	2797.0155	11	0.4748	1	7.9458	0.1976	1	59.2991
W06	2897.436	2798.0129	11	0.453		8.2169	0.1967	1	8.338
W06	2898.436	2799.0103	11	0.453	1		0.1967	1	8.338
W06	2899.436	2800.0077	11	0.453	1	8.2169	0.1967	1	8.338
W06	2900.436	2801.0052	11	0.453	1	8.2169	0.1967	1	8.338
W06	2901.436	2802.0026	11	0.453	1	8.2169	0.1967	1	8.338
W06	2902.436	2803	11	0.2111	1	11.9172	0.2	1	62.1264
W06	2903.436	2803.9974	11	0.2111	1	11.9172	0.2	1	62.1264
W06	2904.436	2804.9948	11	0.2111	1	11.9172	0.2	1	62.1264
W06	2905.436	2805.9923	11	0.2111	1	11.9172	0.2	1	62.1264
W06	2906.436	2806.9897		0.2111	1	11.9172	0.2	1	
W06	2907.436	2807.9871	11	0.1979	1	13.2652	0.222	1	93.2796
W06	2908.436	2808.9846	11	0.1979	1	13.2652	0.222	1	93.2796
W06	2909.436	2809.982	11	0.1979	1		0.222	1	93.2796
W06	2910.436	2810.9795	11	0.1979	1	13.2652	0.222	1	93.2796
W06	2911.436	2811.9769		0.4676	1	8.0335	0.1984	1	8.6096
W06	2912.436	2812.9744	11	0.4676	1		0.1984	1	8.6096
W06	2913.436	2813.9719	11	0.4676	1	8.0335	0.1984	1	8.6096
W06	2914.436	2814.9693	11	0.4676	1	8.0335	0.1984	1	8.6096
W06	2915.436	2815.9668	11	0.4676	1	8.0335	0.1984	1	8.6096
W06	2916.436	2816.9643	11	0.3555	1	9.5448	0.2202	1	90.3465
W06	2917.436	2817.9617	11	0.3555	1	9.5448	0.2202	1	90.3465
W06	2918.436	2818.9592	11	0.3555	1	9.5448	0.2202	1	90.3465
W06	2919.436	2819.9567	11	0.3555	1	9.5448	0.2202	1	90.3465
W06	2920.436	2820.9542	11	0.3555			0.2202	1	90.3465
W06	2921.436	2821.9517	11	0.4753	1	7.9399	0.1878	1	7.0464
W06	2922.436	2822.9492	11	0.4753	1	7.9399	0.1878	1	7.0464
W06	2923.436	2823.9467	11	0.4753	1	7.9399	0.1878	1	7.0464
W06	2924.436	2824.9442	11	0.4753	1	7.9399	0.1878	1	7.0464
W06	2925.436	2825.9417		0.4753	1	7.9399	0.1878	1	7.0464
W06	2926.436	2826.9392	11	0.367	1	9.3775	0.1678	1	4.673
W06	2927.436	2827.9367	11	0.367	1	9.3775	0.1678	1	4.673
W06	2928.436	2828.9342	11	0.367	1	9.3775	0.1678	1	4.673
W06	2929.436	2829.9318	11	0.367	1	9.3775	0.1678	1	4.673
W06	2930.436	2830.9293	11	0.367	1	9.3775	0.1678	1	4.673
W06	2931.436	2831.9268	11	0.7069	1	5.561	0.1646	0	
W06	2932.436	2832.9243	11	0.7069	1	5.561	0.1646	0	0.7997
W06	2933.436	2833.9219	11	0.7069	1	5.561		0	0.7997
W06	2934.436	2834.9194	11	0.7069	1	5.561	0.1646	0	0.7997
W06	2935.436	2835.917	11		1	5.561	0.1646	0	0.7997
W06	2936.436	2836.9145	11	0.7	1	5.6203	0.1585	0	0.7084
W06	2937.436	2837.9121	11	0.7	1	5.6203	0.1585	0	0.7084
W06	2938.436	2838.9096	11	0.7	1		0.1585	0	0.7084
W06	2939.436	2839.9072	11	0.7	1	5.6203	0.1585	0	0.7084
W06	2940.436	2840.9047	11	0.7	1	5.6203	0.1585	0	0.7084
W06	2941.436	2841.9023	11	0.7596	1	5.1281		0	0.6337
W06	2942.436	2842.8999	11	0.7596	1	5.1281	0.1532	0	0.6337
W06	2943.436	2843.8975	11	0.7596	1	5.1281	0.1532	0	0.6337
W06	2944.436	2844.895	11	0.7596	1	5.1281	0.1532	0	0.6337
W06	2945.436	2845.8926	11	0.7596	1	5.1281	0.1532	0	0.6337
W06	2946.436	2846.8902	11	0.6897	1	5.7102	0.1384	0	0.4568
W06	2947.436	2847.8878	11	0.6897	1		0.1384	0	0.4568
W06	2948.436	2848.8854	11	0.6897	1	5.7102	0.1384	0	0.4568
W06	2949.436	2849.883	11	0.6897	1	5.7102	0.1384	0	0.4568
W06	2950.436	2850.8806	11	0.6897	1	5.7102	0.1384	0	0.4568
W06	2951.436	2851.8782	11	0.6897	1	5.7102	0.1384	0	0.4568
W06	2952.436	2852.8758	11	0.5085	1	7.5442	0.1125	0	0.2342
W06	2953.436	2853.8734	12	0.6383	1	6.1797	0.1451	0	0.532
W06	2954.436	2854.871	12	0.6383	1	6.1797	0.1451	0	0.532
W06	2955.436	2855.8686	12	0.6383	1	6.1797	0.1451	0	0.532
W06	2956.436	2856.8662	12	0.6383	1		0.1451	0	0.532
W06	2957.436	2857.8639	12	0.6859	1	5.7435	0.1596	0	0.7239
W06	2958.436	2858.8615	12	0.6859	1	5.7435		0	0.7239
W06	2959.436	2859.8591	12	0.6859	1	5.7435	0.1596	0	0.7239
W06	2960.436	2860.8568	12	0.6859	1	5.7435	0.1596	0	0.7239
W06	2961.436	2861.8544	12	0.6859	1	5.7435	0.1596	0	0.7239
W06	2962.436	2862.8521	12	0.7548	1	5.1663	0.1818	0	1.1023
W06	2963.436	2863.8497	12	0.7548	1	5.1663	0.1818	0	
W06	2964.436	2864.8474	12	0.7548	1	5.1663	0.1818	0	
W06	2965.436	2865.845	12	0.7548	1	5.1663	0.1818	0	
W06	2966.436	2866.8427	12	0.7548	1		0.1818	0	1.1023
W06	2967.436	2867.8403	12	0.7385	1	5.2972	0.198	1	8.5465
W06	2968.436	2868.838	12	0.7385	1	5.2972	0.198	1	8.5465
W06	2969.436	2869.8357	12	0.7385	1	5.2972	0.198	1	8.5465
W06	2970.436	2870.8333	12	0.7385	1	5.2972	0.198	1	8.5465
W06	2971.436	2871.831	12	0.7385	1	5.2972	0.198	1	8.5465
W06	2972.436	2872.8287	12	0.7296	1	5.3707	0.1494	0	0.5848
W06	2973.436	2873.8264	12	0.7296	1	5.3707	0.1494	0	0.5848
W06	2974.436	2874.8241	12	0.7296	1	5.3707	0.1494	0	0.5848
W06	2975.436	2875.8217	12	0.7296	1	5.3707	0.1494	0	0.5848
W06	2976.436	2876.8194	12	0.7296	1	5.3707	0.1494	0	0.5848
W06	2977.436	2877.8171	12	0.7268	1	5.3932	0.1813	1	6.1949
W06	2978.436	2878.8148	12	0.7268	1	5.3932	0.1813	1	6.1949
W06	2979.436	2879.8125	12	0.7268	1	5.3932	0.1813	1	6.1949
W06	2980.436	2880.8102	12	0.7268	1	5.3932	0.1813	1	
W06	2981.436	2881.808	12	0.7268	1	5.3932		1	6.1949
W06	2982.436	2882.8057	12	0.3027	1	10.3528	0.2091	1	73.9715
W06	2983.436	2883.8034	12	0.3027	1	10.3528	0.2091	1	73.9715
W06	2984.436	2884.8011	12	0.3027	1	10.3528	0.2091	1	73.9715
W06	2985.436	2885.7988	12	0.3027	1	10.3528	0.2091	1	73.9715
W06	2986.436	2886.7966	12	0.3027	1	10.3528	0.2091	1	73.9715
W06	2987.436	2887.7943	12	0.0538	1	53.4658	0.1985	1	
W06	2988.436	2888.792	12	0.0538	1	53.4658	0.1985	1	60.4345
W06	2989.436	2889.7897	12	0.0538	1	53.4658	0.1985	1	60.4345
W06	2990.436	2890.7874	12		1	53.4658	0.1985	1	60.4345
W06	2991.436	2891.7851	12	0.0538	1	53.4658	0.1985	1	60.4345
W06	2992.436	2892.7828	12	0.0715	1	45.0732	0.1945	1	55.8155
W06	2993.436	2893.7805	12	0.0715	1	45.0732	0.1945	1	55.8155
W06	2994.436	2894.7782	12	0.0715	1	45.0732	0.1945	1	55.8155
W06	2995.436	2895.7759	12	0.0715	1	45.0732	0.1945	1	55.8155
W06	2996.436	2896.7736	12		1	45.0732	0.1945	1	55.8155
W06	2997.436	2897.7713	12	0.0647	1	48.1461	0.166	1	30.1314
W06	2998.436	2898.7689		0.0647	1		0.166	1	30.1314
W06	2999.436	2899.7666	12	0.0647	1	48.1461	0.166	1	30.1314
W06	3000.436	2900.7643	12	0.0647	1	48.1461	0.166	1	
W06	3001.436	2901.762	12	0.0647	1	48.1461	0.166	1	30.1314
W06	3002.436	2902.7597	12	0.1426	1	22.6556	0.1631	1	4.211
W06	3003.436	2903.7573	12	0.1426	1	22.6556	0.1631	1	4.211
W06	3004.436	2904.755	12		1	22.6556	0.1631	1	4.211
W06	3005.436	2905.7527	12	0.1426	1		0.1631	1	4.211
W06	3006.436	2906.7503	12	0.1274	1	26.2521	0.1668	1	4.5647
W06	3007.436	2907.748	12	0.1274	1	26.2521	0.1668	1	4.5647
W06	3008.436	2908.7456	12	0.1274	1		0.1668	1	4.5647
W06	3009.436	2909.7433	12	0.1274	1	26.2521	0.1668	1	4.5647
W06	3010.436	2910.7409	12	0.1274	1	26.2521	0.1668	1	4.5647
W06	3011.436	2911.7386	12	0.1883	1	14.5543	0.1715	1	
W06	3012.436	2912.7362	12	0.1883	1	14.5543	0.1715	1	5.0574
W06	3013.436	2913.7339	12	0.1883	1	14.5543	0.1715	1	5.0574
W06	3014.436	2914.7315	12	0.1883	1	14.5543	0.1715	1	5.0574
W06	3015.436	2915.7291	12	0.1883	1	14.5543	0.1715	1	5.0574
W06	3016.436	2916.7268	12	0.5138	1	7.4838	0.1417	0	0.4932
W06	3017.436	2917.7244	12	0.5138	1	7.4838	0.1417	0	0.4932
W06	3018.436	2918.722	12	0.5138	1	7.4838	0.1417	0	0.4932
W06	3019.436	2919.7197	12	0.5138	1	7.4838	0.1417	0	0.4932
W06	3020.436	2920.7173	12	0.5138	1	7.4838		0	0.4932
W06	3021.436	2921.7149	12	0.5484	1		0.1634	0	0.7812
W06	3022.436	2922.7125	12	0.5484	1	7.0961		0	0.7812
W06	3023.436	2923.7101	12	0.5484	1	7.0961		0	0.7812
W06	3024.436	2924.7077	12	0.5484	1	7.0961	0.1634	0	0.7812
W06	3025.436	2925.7053	12	0.5484	1	7.0961	0.1634	0	0.7812
W06	3026.436	2926.7029	12	0.6187	1	6.3682	0.1577	0	0.6968
W06	3027.436	2927.7005	12	0.6187	1	6.3682	0.1577	0	0.6968
W06	3028.436	2928.6981	12		1		0.1577	0	0.6968
W06	3029.436	2929.6957	12	0.6187	1	6.3682	0.1577	0	0.6968
W06	3030.436	2930.6933	12	0.6187	1	6.3682	0.1577	0	0.6968
W06	3031.436	2931.6909	12	0.4961	1	7.6897	0.1687	0	0.8664
W06	3032.436	2932.6885		0.4961	1	7.6897	0.1687	0	0.8664
W06	3033.436	2933.6861	12	0.4961	1	7.6897	0.1687	0	0.8664
W06	3034.436	2934.6837	12	0.4961	1	7.6897	0.1687	0	0.8664
W06	3035.436	2935.6812	12		1	7.6897	0.1687	0	0.8664
W06	3036.436	2936.6788	12	0.1748	1		0.2186	1	87.7915
W06	3037.436	2937.6764	12		1	16.5879	0.2186	1	87.7915
W06	3038.436	2938.674	12	0.1748	1	16.5879	0.2186	1	87.7915
W06	3039.436	2939.6715	12	0.1748	1	16.5879	0.2186	1	87.7915
W06	3040.436	2940.6691	12	0.1748	1	16.5879	0.2186	1	87.7915
W06	3041.436	2941.6666	12	0.0994	1	34.3952	0.224	1	96.597
W06	3042.436	2942.6642	12	0.0994	1	34.3952	0.224	1	96.597
W06	3043.436	2943.6617	12	0.0994		34.3952	0.224	1	96.597
W06	3044.436	2944.6593	12	0.0994	1	34.3952	0.224	1	96.597
W06	3045.436	2945.6568	12	0.0994	1	34.3952	0.224	1	96.597
W06	3046.436	2946.6544	12	0.1504	1	21.0156	0.2129	1	79.2164
W06	3047.436	2947.6519	12	0.1504	1	21.0156	0.2129	1	79.2164
W06	3048.436	2948.6495	12	0.1504	1	21.0156	0.2129	1	79.2164
W06	3049.436	2949.647	12	0.1504	1	21.0156	0.2129	1	79.2164
W06	3050.436	2950.6445	12	0.1504	1	21.0156	0.2129	1	79.2164
W06	3051.436	2951.6421	12	0.1186	1	28.5658	0.2247	1	
W06	3052.436	2952.6396	12	0.1186	1	28.5658	0.2247	1	97.8382
W06	3053.436	2953.6371	12	0.1186	1	28.5658	0.2247	1	97.8382
W06	3054.436	2954.6346	12	0.1186	1	28.5658	0.2247	1	97.8382
W06	3055.436	2955.6321	12	0.6007	1	6.5475	0.1493	0	0.5839
W06	3056.436	2956.6296	12	0.6007	1	6.5475	0.1493	0	0.5839
W06	3057.436	2957.6272	12	0.6007	1		0.1493	0	0.5839
W06	3058.436	2958.6247	12	0.6007	1	6.5475	0.1493	0	0.5839
W06	3059.436	2959.6222	12	0.6007	1	6.5475	0.1493	0	0.5839
W06	3060.436	2960.6197	12	0.3804	1	9.186	0.1941	1	55.353
W06	3061.436	2961.6172	12	0.3804	1	9.186	0.1941	1	
W06	3062.436	2962.6147	12	0.3804	1	9.186	0.1941	1	55.353
W06	3063.436	2963.6121	12	0.3804	1	9.186	0.1941	1	55.353
W06	3064.436	2964.6096	12	0.3804	1	9.186		1	55.353
W06	3065.436	2965.6071	12	0.391	1	9.0377	0.1806	1	6.1001
W06	3066.436	2966.6046	12	0.391	1	9.0377	0.1806	1	6.1001
W06	3067.436	2967.6021	12	0.391	1	9.0377	0.1806	1	6.1001
W06	3068.436	2968.5995	12	0.391	1	9.0377	0.1806	1	6.1001
W06	3069.436	2969.597	12	0.391	1	9.0377	0.1806	1	6.1001
W06	3070.436	2970.5945	12	0.2143	1		0.2273	1	102.1646
W06	3071.436	2971.5919	12	0.2143	1	11.8597	0.2273	1	102.1646
W06	3072.436	2972.5894	12	0.2143	1	11.8597	0.2273	1	102.1646
W06	3073.436	2973.5869	12	0.2143	1	11.8597	0.2273	1	102.1646
W06	3074.436	2974.5843	12	0.2143	1	11.8597	0.2273	1	102.1646
W06	3075.436	2975.5818	12	0.5025	1	7.6149	0.1827	0	1.1203
W06	3076.436	2976.5792	12	0.5025	1	7.6149	0.1827	0	1.1203
W06	3077.436	2977.5767	12	0.5025	1	7.6149	0.1827	0	1.1203
W06	3078.436	2978.5741	12	0.5025	1	7.6149	0.1827	0	1.1203
W06	3079.436	2979.5715	12	0.5025	1	7.6149	0.1827	0	1.1203
W06	3080.436	2980.569	12	0.3372	1	9.818	0.201	1	63.3992
W06	3081.436	2981.5664	12	0.3372	1	9.818	0.201	1	63.3992
W06	3082.436	2982.5639	12	0.3372	1	9.818	0.201	1	63.3992
W06	3083.436	2983.5613	12	0.3372	1	9.818		1	63.3992
W06	3084.436	2984.5588	12	0.3372	1	9.818	0.201	1	63.3992
W06	3085.436	2985.5562	12	0.1057	1	32.3586	0.2324	1	111.5341
W06	3086.436	2986.5537	12	0.1057	1	32.3586		1	111.5341
W06	3087.436	2987.5512	12	0.1057	1	32.3586	0.2324	1	111.5341
W06	3088.436	2988.5486	12	0.1057	1	32.3586		1	111.5341
W06	3089.436	2989.5461	12	0.1057	1	32.3586	0.2324	1	111.5341
W06	3090.436	2990.5436	12	0.1093	1	31.2723	0.2326	1	111.832
W06	3091.436	2991.541	12	0.1093	1	31.2723	0.2326	1	111.832
W06	3092.436	2992.5385	12	0.1093	1	31.2723	0.2326	1	111.832
W06	3093.436	2993.536	12	0.1093	1	31.2723	0.2326	1	111.832
W06	3094.436	2994.5335	12	0.1093	1		0.2326	1	111.832
W06	3095.436	2995.531	12	0.0976	1	35.0011	0.2441	1	134.9772
W06	3096.436	2996.5285	12	0.0976	1	35.0011	0.2441	1	134.9772
W06	3097.436	2997.526	12	0.0976	1	35.0011	0.2441	1	134.9772
W06	3098.436	2998.5235	12	0.0976	1	35.0011	0.2441	1	134.9772
W06	3099.436	2999.521	12	0.0976	1		0.2441	1	134.9772
W06	3100.436	3000.5185	12	0.2335	1	11.5144	0.2348	1	115.9712
W06	3101.436	3001.516	12	0.2335	1	11.5144	0.2348	1	115.9712
W06	3102.436	3002.5135	12	0.2335	1	11.5144	0.2348	1	115.9712
W06	3103.436	3003.511	12	0.2335	1	11.5144	0.2348	1	115.9712
W06	3104.436	3004.5085	12	0.527	1	7.3328	0.1644	0	0.7968
W06	3105.436	3005.506	12	0.527	1	7.3328	0.1644	0	0.7968
W06	3106.436	3006.5036	12	0.527	1	7.3328	0.1644	0	0.7968
W06	3107.436	3007.5011	12	0.527	1	7.3328	0.1644	0	0.7968
W06	3108.436	3008.4986	12	0.527	1	7.3328	0.1644	0	0.7968
W06	3109.436	3009.4962		0.4042	1	8.8566	0.1607	0	0.7396
W06	3110.436	3010.4937	12	0.4042	1	8.8566	0.1607	0	0.7396
W06	3111.436	3011.4912	12		1	8.8566	0.1607	0	0.7396
W06	3112.436	3012.4888	12	0.4042	1	8.8566	0.1607	0	0.7396
W06	3113.436	3013.4863	12	0.4042	1	8.8566	0.1607	0	0.7396
W06	3114.436	3014.4839	12	0.4522	1	8.2271	0.1781	1	5.8078
W06	3115.436	3015.4814	12	0.4522	1	8.2271	0.1781	1	5.8078
W06	3116.436	3016.479	12	0.4522	1	8.2271		1	5.8078
W06	3117.436	3017.4765	12	0.4522	1		0.1781	1	5.8078
W06	3118.436	3018.4741	12	0.4522	1	8.2271	0.1781	1	5.8078
W06	3119.436	3019.4716	12		1	5.3951	0.1167	0	0.2634
W06	3120.436	3020.4692	12	0.7266		5.3951	0.1167	0	0.2634
W06	3121.436	3021.4668	12	0.7266	1	5.3951	0.1167	0	0.2634
W06	3122.436	3022.4643	12	0.7266	1	5.3951	0.1167	0	0.2634
W06	3123.436	3023.4619	12	0.7266	1	5.3951	0.1167	0	0.2634
W06	3124.436	3024.4595	12	0.6188	1	6.3675	0.1513	0	0.6089
W06	3125.436	3025.4571	12	0.6188	1		0.1513	0	0.6089
W06	3126.436	3026.4547	12	0.6188	1	6.3675	0.1513	0	0.6089
W06	3127.436	3027.4523	12	0.6188	1	6.3675	0.1513	0	0.6089
W06	3128.436	3028.4498	12	0.6188	1	6.3675	0.1513	0	0.6089
W06	3129.436	3029.4474	12	0.5361	1	7.2313	0.1753	1	5.4804
W06	3130.436	3030.445	12	0.5361	1	7.2313	0.1753	1	5.4804
W06	3131.436	3031.4426	12	0.5361	1	7.2313	0.1753	1	5.4804
W06	3132.436	3032.4402	12	0.5361		7.2313		1	5.4804
W06	3133.436	3033.4378	12	0.5361	1	7.2313	0.1753	1	5.4804
W06	3134.436	3034.4354	12		1	6.8058	0.1666	1	4.5451
W06	3135.436	3035.4331	12	0.5755		6.8058		1	4.5451
W06	3136.436	3036.4307	12	0.5755	1	6.8058	0.1666	1	4.5451
W06	3137.436	3037.4283	12	0.5755		6.8058	0.1666	1	4.5451
W06	3138.436	3038.4259	12	0.5755	1		0.1666	1	4.5451
W06	3139.436	3039.4235	12	0.5153	1	7.4661	0.194	1	7.921
W06	3140.436	3040.4212	12	0.5153	1	7.4661	0.194	1	7.921
W06	3141.436	3041.4188		0.5153	1	7.4661	0.194	1	7.921
W06	3142.436	3042.4164	12	0.5153	1	7.4661	0.194	1	7.921
W06	3143.436	3043.4141	12	0.5153	1	7.4661	0.194	1	7.921
W06	3144.436	3044.4117	12	0.5663	1	6.9033	0.1779	1	5.7779
W06	3145.436	3045.4093	12	0.5663	1	6.9033	0.1779	1	5.7779
W06	3146.436	3046.407	12	0.5663	1	6.9033		1	
W06	3147.436	3047.4046	12	0.5663	1	6.9033	0.1779	1	
W06	3148.436	3048.4023	12	0.6903	1		0.1291	0	0.3651
W06	3149.436	3049.3999		0.6903	1	5.7049		0	0.3651
W06	3150.436	3050.3976	12	0.6903	1	5.7049	0.1291	0	0.3651
W06	3151.436	3051.3952	12		1	5.7049	0.1291	0	0.3651
W06	3152.436	3052.3929	12	0.6903	1	5.7049	0.1291	0	0.3651
W06	3153.436	3053.3906	12	0.6649	1	5.9319	0.1461	0	0.5442
W06	3154.436	3054.3882	12	0.6649	1	5.9319	0.1461	0	0.5442
W06	3155.436	3055.3859	12	0.6649	1	5.9319	0.1461	0	0.5442
W06	3156.436	3056.3836	12	0.6649	1	5.9319	0.1461	0	0.5442
W06	3157.436	3057.3813	12	0.6649	1	5.9319	0.1461	0	0.5442
W06	3158.436	3058.3789	12	0.6735	1	5.8543	0.1445	0	0.5249
W06	3159.436	3059.3766	12	0.6735	1	5.8543	0.1445	0	0.5249
W06	3160.436	3060.3743	12	0.6735	1	5.8543	0.1445	0	0.5249
W06	3161.436	3061.372		0.6735	1	5.8543	0.1445	0	0.5249
W06	3162.436	3062.3697	12	0.6735	1	5.8543	0.1445	0	0.5249
W06	3163.436	3063.3674	12	0.6941	1	5.672	0.1697	0	0.8827
W06	3164.436	3064.3651	12	0.6941	1	5.672	0.1697	0	0.8827
W06	3165.436	3065.3628	12	0.6941	1	5.672	0.1697	0	0.8827
W06	3166.436	3066.3605	12	0.6941	1	5.672	0.1697	0	0.8827
W06	3167.436	3067.3582	12	0.6941	1	5.672	0.1697	0	0.8827
W06	3168.436	3068.3559	12	0.7047	1	5.5799	0.1545	0	0.6519
W06	3169.436	3069.3536	12	0.7047	1	5.5799	0.1545	0	0.6519
W06	3170.436	3070.3513	12	0.7047		5.5799	0.1545	0	0.6519
W06	3171.436	3071.349	12	0.7047	1	5.5799	0.1545	0	0.6519
W06	3172.436	3072.3467	12	0.7047	1	5.5799	0.1545	0	0.6519
W06	3173.436	3073.3445	12		1	4.7083		0	0.8264
W06	3174.436	3074.3422	12		1	4.7083	0.1663	0	0.8264
W06	3175.436	3075.3399	12	0.8152	1	4.7083	0.1663	0	0.8264
W06	3176.436	3076.3376	12	0.8152	1	4.7083	0.1663	0	0.8264
W06	3177.436	3077.3354	12	0.8152	1	4.7083	0.1663	0	0.8264
W06	3178.436	3078.3331	13	0.8328	1	4.5823	0.176	0	0.9928
W06	3179.436	3079.3308	13		1	4.5823	0.176	0	0.9928
W06	3180.436	3080.3285	13	0.8328	1	4.5823	0.176	0	0.9928
W06	3181.436	3081.3262	13	0.8328	1	4.5823	0.176	0	0.9928
W06	3182.436	3082.324	13	0.8328		4.5823	0.1922	1	7.6585
W06	3183.436	3083.3217	13	0.8328	1	4.5823	0.1922	1	7.6585
W06	3184.436	3084.3194	13	0.8328	1	4.5823	0.1922	1	7.6585
W06	3185.436	3085.3171	13	0.8328	1		0.1922	1	7.6585
W06	3186.436	3086.3148	13	0.8328	1	4.5823	0.1922	1	7.6585
W06	3187.436	3087.3126	13	0.8328	1	4.5823	0.2217	1	92.8729
W06	3188.436	3088.3103	13	0.8328	1	4.5823	0.2217	1	92.8729
W06	3189.436	3089.308	13	0.8328	1	4.5823	0.2217	1	92.8729
W06	3190.436	3090.3057	13	0.8328	1	4.5823	0.2217	1	92.8729
W06	3191.436	3091.3034	13	0.8328	1	4.5823	0.2217	1	92.8729
W06	3192.436	3092.3012	13	0.8328	1	4.5823		1	109.4178
W06	3193.436	3093.2989	13	0.8328	1	4.5823	0.2313	1	109.4178
W06	3194.436	3094.2966	13	0.8328	1	4.5823	0.2313	1	109.4178
W06	3195.436	3095.2943	13	0.8328	1	4.5823		1	109.4178
W06	3196.436	3096.292	13	0.8328	1	4.5823	0.2313	1	109.4178
W06	3197.436	3097.2898	13	0.8328	1	4.5823	0.2278	1	103.0993
W06	3198.436	3098.2875	13	0.8328	1		0.2278	1	103.0993
W06	3199.436	3099.2852	13	0.8328	1	4.5823	0.2278	1	103.0993
W06	3200.436	3100.2829	13	0.8328	1	4.5823	0.2278	1	103.0993
W06	3201.436	3101.2806	13	0.8328	1	4.5823	0.2278	1	103.0993
W06	3202.436	3102.2784	13	0.736	1	5.3178	0.1611	1	26.7986
W06	3203.436	3103.2761	13	0.736	1	5.3178	0.1611	1	26.7986
W06	3204.436	3104.2738	13	0.736	1	5.3178	0.1611	1	26.7986
W06	3205.436	3105.2715	13	0.736	1	5.3178	0.1611	1	26.7986
W06	3206.436	3106.2692	13	0.736	1	5.3178	0.1611	1	26.7986
W06	3207.436	3107.267	13	0.6696	1	5.8891	0.1266	1	10.5209
W06	3208.436	3108.2647	13	0.6696	1	5.8891	0.1266	1	10.5209
W06	3209.436	3109.2624	13	0.6696	1	5.8891	0.1266	1	10.5209
W06	3210.436	3110.2601	13	0.6696	1	5.8891	0.1266	1	10.5209
W06	3211.436	3111.2578	13	0.6696	1	5.8891	0.1266	1	10.5209
W06	3212.436	3112.2555	13		1	6.5803	0.1817	1	42.8486
W06	3213.436	3113.2533	13	0.5974	1	6.5803	0.1817	1	42.8486
W06	3214.436	3114.251	13	0.5974	1	6.5803	0.1817	1	42.8486
W06	3215.436	3115.2487	13	0.5974	1	6.5803	0.1817	1	42.8486
W06	3216.436	3116.2464	13	0.5974	1	6.5803	0.1817	1	42.8486
W06	3217.436	3117.2441	13	0.5416	1	7.1703	0.1654	1	29.7003
W06	3218.436	3118.2419	13	0.5416	1	7.1703	0.1654	1	29.7003
W06	3219.436	3119.2396	13	0.5416	1	7.1703	0.1654	1	29.7003
